-- phpMyAdmin SQL Dump
-- version 5.2.1
-- https://www.phpmyadmin.net/
--
-- Servidor: localhost:3306
-- Tiempo de generación: 12-10-2023 a las 07:24:23
-- Versión del servidor: 10.3.24-MariaDB
-- Versión de PHP: 8.1.16

SET SQL_MODE = "NO_AUTO_VALUE_ON_ZERO";
START TRANSACTION;
SET time_zone = "+00:00";


/*!40101 SET @OLD_CHARACTER_SET_CLIENT=@@CHARACTER_SET_CLIENT */;
/*!40101 SET @OLD_CHARACTER_SET_RESULTS=@@CHARACTER_SET_RESULTS */;
/*!40101 SET @OLD_COLLATION_CONNECTION=@@COLLATION_CONNECTION */;
/*!40101 SET NAMES utf8mb4 */;

--
-- Base de datos: `dioscell_dioscell`
--

-- --------------------------------------------------------

--
-- Estructura de tabla para la tabla `articulos`
--

CREATE TABLE `articulos` (
  `articulo` int(11) NOT NULL,
  `nombre` varchar(255) DEFAULT '0',
  `costo` decimal(11,2) DEFAULT 0.00,
  `stockmin` int(11) DEFAULT 0,
  `cantidad` int(11) DEFAULT 0,
  `descripcion` text DEFAULT NULL,
  `imagen` text DEFAULT NULL,
  `categoria` int(11) DEFAULT NULL,
  `codBarra` varchar(40) NOT NULL DEFAULT '0',
  `precioVenta` decimal(11,2) DEFAULT 0.00,
  `idEsta` int(11) DEFAULT NULL,
  `idProveedor` int(11) DEFAULT NULL,
  `mayoritario` decimal(11,2) DEFAULT NULL,
  `keyTwoLabor` int(11) DEFAULT NULL,
  `fechaVence` date DEFAULT NULL,
  `menorCentaje` decimal(11,2) DEFAULT 0.00,
  `mayorCentaje` decimal(11,2) DEFAULT 0.00
) ENGINE=InnoDB DEFAULT CHARSET=latin1;

--
-- Volcado de datos para la tabla `articulos`
--

INSERT INTO `articulos` (`articulo`, `nombre`, `costo`, `stockmin`, `cantidad`, `descripcion`, `imagen`, `categoria`, `codBarra`, `precioVenta`, `idEsta`, `idProveedor`, `mayoritario`, `keyTwoLabor`, `fechaVence`, `menorCentaje`, `mayorCentaje`) VALUES
(28, 'CEL SM A03 CORE', 560000.00, 0, 1, '32GB', NULL, 35, '1003', 0.00, 1, 29, 750000.00, 0, NULL, 22.35, 0.00),
(30, 'CEL SM A22', 1150000.00, 0, 0, '', NULL, 35, '1004', 0.00, 1, 29, 1350000.00, 0, NULL, 0.00, 0.00),
(32, 'SPLIT 4500 F TOKIO', 3300000.00, 0, 1, '4500 FRIGORIA', NULL, 34, '1006', 0.00, 1, NULL, 3700000.00, 0, NULL, 0.00, 0.00),
(33, 'CEL XIA 9A', 500000.00, 0, 1, '32GB', NULL, 35, '1007', 0.00, 1, NULL, 700000.00, 0, NULL, 0.00, 0.00),
(34, 'CEL XIA 9C 4RAM 128 GB', 950000.00, 0, 0, '128GB', NULL, 35, '1008', 0.00, 1, 27, 1150000.00, 0, NULL, 0.00, 0.00),
(35, 'X CEL XIA 9C 3RAM 64 GB', 500000.00, 0, 0, '64GB', NULL, 35, '1009', 0.00, 1, 27, 650000.00, 0, NULL, 0.00, 0.00),
(36, 'CEL XIA RETMI A1 32GB', 500000.00, 0, 5, '', NULL, 35, '1010', 0.00, 1, 29, 700000.00, 0, NULL, 0.00, 0.00),
(37, 'TAB A7 LITE T225 LTE SIL ', 1000000.00, 0, 1, 'TAMARA', NULL, 36, '1011', 0.00, 1, NULL, 1250000.00, 0, NULL, 0.00, 0.00),
(38, 'CEL SM M31', 1400000.00, 0, 0, '6 RAM Y 128GB', NULL, 35, '1012', 0.00, 1, NULL, 1700000.00, 0, NULL, 0.00, 0.00),
(39, 'Ahire Split 4500 f jam ', 3200000.00, 0, 0, '4500 frigorías ', NULL, 34, '1013', 0.00, 1, NULL, 3500000.00, NULL, NULL, 0.00, 0.00),
(40, 'X CEL HUAWEY  p40 lite', 800000.00, 0, 0, '6 ram y 128 gb', NULL, 35, '1014', 0.00, 1, NULL, 1000000.00, 0, NULL, 0.00, 0.00),
(41, 'CEL HUAWEY y8s', 840000.00, 0, 1, '4ram y 64gb', NULL, 35, '1015', 0.00, 1, NULL, 1000000.00, 0, NULL, 0.00, 0.00),
(42, 'CEL HUAWEY nova 8i', 1400000.00, 0, 1, '6 ram y 128gb', NULL, 35, '1016', 0.00, 1, NULL, 1600000.00, 0, NULL, 0.00, 0.00),
(43, 'X CEL SM j7', 500000.00, 0, 1, 'GENERAL', NULL, 35, '1017', 0.00, 1, NULL, 700000.00, 0, NULL, 0.00, 0.00),
(44, 'CEL LG7 THINQ', 650000.00, 0, 0, '64GB', NULL, 35, '1018', 0.00, 1, NULL, 780000.00, 0, NULL, 0.00, 0.00),
(45, 'CEL SM S4', 500000.00, 0, -1, '16GB', NULL, 35, '1019', 0.00, 1, NULL, 650000.00, 0, NULL, 0.00, 0.00),
(46, 'TV DE 43 TOKIO  ', 1700000.00, 0, 1, 'DE 43', NULL, 37, '1020', 0.00, 1, NULL, 2000000.00, 0, NULL, 0.00, 0.00),
(47, 'TV FAMA DE 50', 2400000.00, 0, 0, 'DE 50', NULL, 37, '1021', 0.00, 1, NULL, 2600000.00, 0, NULL, 0.00, 0.00),
(48, 'TV DE 32 TOKIO', 1250000.00, 0, 1, 'DE 32', NULL, 37, '1022', 0.00, 1, 32, 1450000.00, 0, NULL, 0.00, 0.00),
(49, 'TV JAM DE 32', 1200000.00, 0, 8, 'DE 32', NULL, 37, '1023', 0.00, 1, NULL, 1400000.00, 0, NULL, 0.00, 0.00),
(50, 'TV SM DE 32', 1400000.00, 0, -1, 'DE 32', NULL, 37, '1024', 0.00, 1, NULL, 1650000.00, 0, NULL, 0.00, 0.00),
(51, 'TV AIWA DE 32', 1250000.00, 0, 0, 'DE 32', NULL, 37, '1025', 0.00, 1, NULL, 1450000.00, 0, NULL, 0.00, 0.00),
(52, 'TV KOLKE DE 32 smart', 850000.00, 0, 4, 'DE 32', NULL, 37, '1026', 0.00, 1, NULL, 1000000.00, 0, NULL, 0.00, 0.00),
(53, 'TV XIAOMI 4A DE 32', 1400000.00, 0, 2, '32', NULL, 37, '1027', 0.00, 1, NULL, 1600000.00, 0, NULL, 0.00, 0.00),
(54, 'TV MATSUI DE 32', 1200000.00, 0, 0, '32', NULL, 37, '1028', 0.00, 1, NULL, 1400000.00, 0, NULL, 0.00, 0.00),
(56, 'CEL XIA P0C0 X4 PRO', 1900000.00, 0, 0, '6 RAM Y 128 GB', NULL, 35, '1030', 0.00, 1, NULL, 2100000.00, 0, NULL, 0.00, 0.00),
(57, ' PARLANTE MEGA STAR HYJ1406BTA', 95000.00, 0, 3, '', NULL, 39, '1031', 0.00, 1, NULL, 150000.00, 0, NULL, 0.00, 0.00),
(58, ' PARLANTE MEGA STAR HYJ65BT', 125000.00, 0, 10, '', NULL, 39, '1032', 0.00, 1, NULL, 200000.00, 0, NULL, 0.00, 0.00),
(59, 'PARLANTE MEGA STAR HY1526BT', 95000.00, 0, 9, '', NULL, 39, '1033', 0.00, 1, NULL, 185000.00, 0, NULL, 0.00, 0.00),
(60, 'CEL SM A03 64GB', 800000.00, 0, 3, '64GB', NULL, 35, '1034', 0.00, 1, 29, 950000.00, 0, NULL, 0.00, 0.00),
(61, 'CEL SM A23 DE 128GB', 1100000.00, 0, 1, '128 GB', NULL, 35, '1035', 0.00, 1, 26, 1400000.00, 0, NULL, 0.00, 0.00),
(64, 'X CEL REDMI NOTE 11 DE 128GB', 900000.00, 0, 0, '4 RAM Y 128 GB', NULL, 35, '1038', 0.00, 1, NULL, 1400000.00, 0, NULL, 0.00, 0.00),
(65, 'JBL CHARGE 4', 700000.00, 0, 0, '20 HORA DE BATERIA', NULL, 39, '1039', 0.00, 1, NULL, 850000.00, 0, NULL, 0.00, 0.00),
(66, 'JBL FLIT 5', 500000.00, 0, 3, '12 HORA DE BATERIA', NULL, 39, '1040', 0.00, 1, NULL, 650000.00, 0, NULL, 0.00, 0.00),
(67, 'HORNO 38 LITROS MEGASTAR', 380000.00, 0, 1, '38 LITROS', NULL, 40, '1041', 0.00, 1, NULL, 550000.00, 0, NULL, 0.00, 0.00),
(68, 'BATIDORA JEFFY 2 LITRO', 100000.00, 0, 11, '2 LITROS', NULL, 28, '1042', 0.00, 1, NULL, 170000.00, 0, NULL, 0.00, 0.00),
(69, 'PLACA A INDUCCION STANLUX', 150000.00, 0, 6, 'MARCA ESTARLUX', NULL, 28, '1043', 0.00, 1, NULL, 220000.00, 0, NULL, 0.00, 0.00),
(70, 'HERVIDORA JAM DE VIDRIO 1.7L PARA MATE', 130000.00, 0, 16, 'ERVIDORA PARA MATE', NULL, 28, '1044', 0.00, 1, NULL, 180000.00, 0, NULL, 0.00, 0.00),
(71, 'VENTILAD0R DE PIE MEGASTAR', 150000.00, 0, 0, 'MOTOR DE 18 3 EN 1', NULL, 41, '1045', 0.00, 1, NULL, 190000.00, 0, NULL, 0.00, 0.00),
(72, 'VENTILADOR DE PIE BRIZA NARANJADO', 165000.00, 0, -3, 'COLOR NARANJA', NULL, 41, '1046', 0.00, 1, 31, 170000.00, 0, NULL, 0.00, 0.00),
(73, 'PENDRIVE SANDISK DE 16gb', 22000.00, 0, 10, '', NULL, 43, '1047', 0.00, 1, NULL, 35000.00, 0, NULL, 0.00, 0.00),
(74, 'MEMORIA MAXELL DE 16gb ', 23000.00, 0, 2, '', NULL, 44, '1048', 0.00, 1, NULL, 30000.00, 0, NULL, 0.00, 0.00),
(76, 'MEMORIA SANDISK DE 32gb', 28000.00, 0, 10, '', NULL, 44, '1049', 0.00, 1, NULL, 42000.00, 0, NULL, 0.00, 0.00),
(77, 'CEL IPHONE 8 PLUS 64', 1600000.00, 0, 2, '8 PLUS 64 GB', NULL, 45, '1049', 0.00, 1, NULL, 2000000.00, 0, NULL, 0.00, 0.00),
(78, 'XX CEL SM A12 DE 64GB', 600000.00, 0, 1, '64 GB', NULL, 35, '1050', 0.00, 1, NULL, 800000.00, 0, NULL, 0.00, 0.00),
(79, 'PENDRIVE SANDISK DE 32', 32000.00, 0, 9, '', NULL, 43, '1051', 0.00, 1, NULL, 45000.00, 0, NULL, 0.00, 0.00),
(83, 'EXPRIMIDORA JAM', 130000.00, 0, 5, '1,6 LITROS 85 W', NULL, 28, '1054', 0.00, 1, NULL, 180000.00, 0, NULL, 0.00, 0.00),
(85, 'X CEL XIA 9T 64GB', 600000.00, 0, 1, '64 GB 9T SIN CAJA', NULL, 35, '1056', 0.00, 1, NULL, 800000.00, 0, NULL, 0.00, 0.00),
(86, 'XX CEL MOT.G20 LITE 128GB SIN CAJA', 900000.00, 0, 0, '128GB Y 6 RAM', NULL, 35, '1057', 0.00, 1, NULL, 1100000.00, 0, NULL, 0.00, 0.00),
(88, 'XXCEL SAM A32 DE 128GB ', 800000.00, 0, 1, '128 GB PATRICIO', NULL, 35, '1058', 0.00, 1, NULL, 1000000.00, 0, NULL, 0.00, 0.00),
(89, 'XXCEL HUAWEI Y 8Y SIN CAJA', 1000000.00, 0, 1, '6 DE RAM Y 128GB', NULL, 35, '1059', 0.00, 1, NULL, 1250000.00, 0, NULL, 0.00, 0.00),
(90, 'XX CEL XIA NOTE 11 64GB SI CAJA', 1000000.00, 0, 6, 'NOTE 11 64 GB TRAJO RUBIO', NULL, 35, '1060', 0.00, 1, 29, 1000000.00, 0, NULL, 0.00, 0.00),
(91, 'termo mast sport 750 litros', 40000.00, 0, 6, 'termito de mano', NULL, 49, '1061', 0.00, 1, NULL, 80000.00, 0, NULL, 0.00, 0.00),
(92, 'AHIRE SPLIT VCP 3000 FRIGORIAS', 1900000.00, 0, 0, '12000 BTU DE GORDO ENRIQUE', NULL, 46, '1062', 0.00, 1, NULL, 2200000.00, 0, NULL, 0.00, 0.00),
(93, 'XXCEL REALME SIN CAJA', 800000.00, 0, 0, '8 RAM Y 128GB TRAJO PATRICIO', NULL, 35, '1063', 0.00, 1, NULL, 1000000.00, 0, NULL, 0.00, 0.00),
(95, 'VENTILADOR INDUSTRIAL HDK DE  PARE', 360000.00, 0, 1, 'HDK', NULL, 47, '1065', 0.00, 1, NULL, 500000.00, 0, NULL, 0.00, 0.00),
(96, 'OLLA ELECTRICA ', 160000.00, 0, 2, '', NULL, 48, '1066', 0.00, 1, NULL, 200000.00, 0, NULL, 0.00, 0.00),
(97, 'OLLA ELECTRICA KLD-117', 160000.00, 0, 2, '', NULL, 28, '1067', 0.00, 1, NULL, 200000.00, 0, NULL, 0.00, 0.00),
(98, 'VENTILADOR MAST DE TECHO', 200000.00, 0, 0, '', NULL, 42, '1068', 0.00, 1, NULL, 280000.00, 0, NULL, 0.00, 0.00),
(99, 'VENTILADOR LUXEP DE TECHO', 150000.00, 0, 1, '', NULL, 42, '1069', 0.00, 1, NULL, 230000.00, 0, NULL, 0.00, 0.00),
(100, 'CAMARA ROBOTICA ', 220000.00, 0, 2, '', NULL, 49, '1070', 0.00, 1, NULL, 350000.00, 0, NULL, 0.00, 0.00),
(101, 'JARRA ELECTRICA KLD-122', 55000.00, 0, -1, '', NULL, 49, '1071', 0.00, 1, NULL, 80000.00, 0, NULL, 0.00, 0.00),
(102, 'PLANCHA JAM ', 60000.00, 0, 7, '', NULL, 49, '1072', 0.00, 1, NULL, 100000.00, 0, NULL, 0.00, 0.00),
(103, 'PLANCHA JAM A VAPOR', 90000.00, 0, 1, '', NULL, 49, '1073', 0.00, 1, NULL, 150000.00, 0, NULL, 0.00, 0.00),
(104, 'TABLE A7', 1000000.00, 0, 1, '', NULL, 36, '1074', 0.00, 1, NULL, 1200000.00, 0, NULL, 0.00, 0.00),
(105, 'CORTINA DE AIRE ', 800000.00, 0, 1, '', NULL, 49, '1075', 0.00, 1, NULL, 1000000.00, 0, NULL, 0.00, 0.00),
(106, 'CAFETERA FAMA ', 137000.00, 0, 6, '', NULL, 49, '1076', 0.00, 1, NULL, 250000.00, 0, NULL, 0.00, 0.00),
(107, 'CAFETERA CONSUMER', 138000.00, 0, 3, '', NULL, 49, '1077', 0.00, 1, NULL, 250000.00, 0, NULL, 0.00, 0.00),
(108, 'LICUADORA TOKYO', 200000.00, 0, 0, '', NULL, 49, '1078', 0.00, 1, NULL, 250000.00, 0, NULL, 0.00, 0.00),
(109, 'LICUADORA PHILIPS', 200000.00, 0, 12, '', NULL, 49, '1079', 0.00, 1, NULL, 280000.00, 0, NULL, 0.00, 0.00),
(110, 'LICUADORA ARNO', 200000.00, 0, 3, '', NULL, 49, '1080', 0.00, 1, NULL, 280000.00, 0, NULL, 0.00, 0.00),
(111, 'LICUADORA JEFFY KLD-465', 145000.00, 0, 0, '', NULL, 49, '1081', 0.00, 1, NULL, 200000.00, 0, NULL, 0.00, 0.00),
(112, 'TABLE PC X12', 550000.00, 0, 1, '4 RAM Y 128 GB', NULL, 36, '1082', 0.00, 1, NULL, 700000.00, 0, NULL, 0.00, 0.00),
(114, 'MEMORIA SANDISK DE 8gb', 29000.00, 0, 5, '', NULL, 44, '1198', 0.00, 1, NULL, 35000.00, 0, NULL, 0.00, 0.00),
(115, 'MEMORIA KINGSTON DE 8gb', 29000.00, 0, 5, '', NULL, 44, '1084', 0.00, 1, NULL, 35000.00, 0, NULL, 0.00, 0.00),
(116, 'PIZZA PAN', 160000.00, 0, 2, '', NULL, 28, '1085', 0.00, 1, NULL, 250000.00, 0, NULL, 0.00, 0.00),
(117, 'X NB HP SIN CAJA I7', 2600000.00, 0, 1, '8 DE RAM Y 1 TERA CORE I7', NULL, 49, '1086', 0.00, 1, NULL, 2800000.00, 0, NULL, 0.00, 0.00),
(118, 'AURICULAR XIAOMI AIRDOTS', 72000.00, 0, 2, 'BASIC 2  MI EARBUUDS', NULL, 49, '1087', 0.00, 1, 26, 150000.00, 0, NULL, 0.00, 0.00),
(119, 'XXCEL HUAWEI NOVA Y60 SIN CAJA', 700000.00, 0, 1, '4 DE RAM Y 64 GB', NULL, 35, '1088', 0.00, 1, NULL, 1000000.00, 0, NULL, 0.00, 0.00),
(120, 'X CEL XIA 9C 128GB 4RAM ', 550000.00, 0, 0, '', NULL, 35, '1089', 0.00, 1, NULL, 700000.00, 0, NULL, 0.00, 0.00),
(121, 'XX CEL XIA RETMI 10 SIN CAJA', 800000.00, 0, 0, '64GB', NULL, 35, '1090', 0.00, 1, NULL, 1100000.00, 0, NULL, 0.00, 0.00),
(122, 'CARGADOR ECOPOWER TIPO C', 18000.00, 0, 20, '', NULL, 49, '1091', 0.00, 1, NULL, 35000.00, 0, NULL, 0.00, 0.00),
(123, 'CARGADOR ECOPOWER NORMAL', 16000.00, 0, 6, '', NULL, 49, '1092', 0.00, 1, NULL, 25000.00, 0, NULL, 0.00, 0.00),
(124, 'CARGADOR XIAOMI TIPO C ORIGINAL', 30000.00, 0, 17, '', NULL, 49, '1093', 0.00, 1, NULL, 70000.00, 0, NULL, 0.00, 0.00),
(125, 'CARGADOR SM', 35000.00, 0, 4, '', NULL, 49, '1094', 0.00, 1, NULL, 50000.00, 0, NULL, 0.00, 0.00),
(126, 'AURICULAR JBL-08', 15000.00, 0, 2, '', NULL, 49, '1095', 0.00, 1, NULL, 50000.00, 0, NULL, 0.00, 0.00),
(127, 'AURICULAR XIAOMI', 15000.00, 0, 3, '', NULL, 49, '1096', 0.00, 1, NULL, 40000.00, 0, NULL, 0.00, 0.00),
(128, 'CEL SM J7 PRO', 650000.00, 0, -1, '32 GB 2017', NULL, 35, '1097', 0.00, 1, NULL, 750000.00, 0, NULL, 0.00, 0.00),
(129, 'X CEL SM J7 PRO', 650000.00, 0, 1, '32 GB 2017', NULL, 35, '1097', 0.00, 1, NULL, 750000.00, 0, NULL, 0.00, 0.00),
(130, 'CEL SM J7 PRIME', 650000.00, 0, 0, '32 GB ', NULL, 35, '1098', 0.00, 1, NULL, 750000.00, NULL, NULL, 0.00, 0.00),
(132, 'X TAB A7 LITE SIN CAJA CON CHIT', 1000000.00, 0, 1, '', NULL, 36, '1100', 0.00, 1, NULL, 1200000.00, 0, NULL, 0.00, 0.00),
(133, 'X TAB A7 LITE SIN CAJA CON CHIT', 900000.00, 0, 0, '', NULL, 36, '1100', 0.00, 1, NULL, 1200000.00, 0, NULL, 0.00, 0.00),
(134, 'AHIRE SPLIT  TOKIO 3000 FRIGORIA', 2200000.00, 0, 5, '3000 FRIGORIA', NULL, 46, '1101', 0.00, 1, 32, 2500000.00, 0, NULL, 0.00, 0.00),
(135, 'XX CEL SM J7 SIN CAJA', 500000.00, 0, 1, 'J7 SIN CAJA 32 GB', NULL, 35, '1102', 0.00, 1, NULL, 700000.00, 0, NULL, 0.00, 0.00),
(136, 'NB HP 4 RAM Y 250 HD', 1400000.00, 0, 3, 'HP 4 RAM Y 250', NULL, 50, '1103', 0.00, 1, NULL, 1800000.00, 0, NULL, 0.00, 0.00),
(138, 'X CEL SM S9 ', 1000000.00, 0, 0, '64 GB', NULL, 35, '1105', 0.00, 1, NULL, 1200000.00, 0, NULL, 0.00, 0.00),
(139, 'X CEL POCO X3 PRO 8 Y 256', 1100000.00, 0, 1, '8 RAM Y 256\n\n8 RAM Y 256', NULL, 35, '1106', 0.00, 1, NULL, 1400000.00, 0, NULL, 0.00, 0.00),
(140, 'X CEL HUAWEI Y8S', 700000.00, 0, 1, '64GB ', NULL, 35, '1107', 0.00, 1, NULL, 850000.00, 0, NULL, 0.00, 0.00),
(141, 'XX CEL SM S20 DE 128GB', 1500000.00, 0, 1, '', NULL, 35, '1108', 0.00, 1, NULL, 1700000.00, 0, NULL, 0.00, 0.00),
(143, 'X CEL RETMI 10', 900000.00, 0, 0, ' 4RAM 128GB', NULL, 35, '1110', 0.00, 1, NULL, 1200000.00, 0, NULL, 0.00, 0.00),
(144, 'X CEL SM A71', 9000000.00, 0, 0, '128GB', NULL, 35, '1111', 0.00, 1, NULL, 1100000.00, 0, NULL, 0.00, 0.00),
(145, 'CEL XIA POCO X4 PRO 6-128GB ', 1700000.00, 0, 1, '', NULL, 35, '1112', 0.00, 1, NULL, 2100000.00, 0, NULL, 0.00, 0.00),
(146, 'CEL SM A53 5G', 2450000.00, 0, 2, '6 RAM Y 128GB', NULL, 35, '1113', 0.00, 1, 29, 2750000.00, 0, NULL, 0.00, 0.00),
(147, 'ANTENA DIGITAL DE TV BIGSTAR', 30000.00, 0, 12, '', NULL, 49, '1114', 0.00, 1, 31, 70000.00, 0, NULL, 0.00, 0.00),
(148, 'AURICULAR IPHONE', 22000.00, 0, 3, '', NULL, 49, '1115', 0.00, 1, NULL, 70000.00, 0, NULL, 0.00, 0.00),
(149, 'EXPANSOR DE WIFI', 20000.00, 0, 4, '', NULL, 49, '1116', 0.00, 1, NULL, 50000.00, 0, NULL, 0.00, 0.00),
(150, 'CORTA PELO MEGA STAR', 99000.00, 0, 1, '', NULL, 49, '1117', 0.00, 1, NULL, 180000.00, 0, NULL, 0.00, 0.00),
(151, 'APPLE MACBOOK AIR MGN93', 6300000.00, 0, 1, '256', NULL, 50, '1118', 0.00, 1, NULL, 700000.00, 0, NULL, 0.00, 0.00),
(153, 'CABLE HDMI ', 7000.00, 0, 6, '', NULL, 49, '1120', 0.00, 1, NULL, 30000.00, 0, NULL, 0.00, 0.00),
(154, 'MODEN RUTER TP-LINK COPACO', 167000.00, 0, 0, '300 MBPS ACSL', NULL, 49, '1121', 0.00, 1, NULL, 250000.00, 0, NULL, 0.00, 0.00),
(155, 'CABLE AUXILIAR', 5000.00, 0, 15, '', NULL, 49, '1122', 0.00, 1, NULL, 20000.00, 0, NULL, 0.00, 0.00),
(156, 'SOPRTE GIRATORIO vesa', 75000.00, 0, 20, '10 A 55 PULGADAS', NULL, 49, '1123', 0.00, 1, NULL, 130000.00, 0, NULL, 0.00, 0.00),
(157, 'CONTROL UNIVERSAL DE TV KEIBO ', 18000.00, 0, 3, '', NULL, 49, '1124', 0.00, 1, NULL, 50000.00, 0, NULL, 0.00, 0.00),
(158, 'SOPORTE DE TV FIJO ', 50.00, 0, 10, '', NULL, 49, '1125', 0.00, 1, NULL, 120000.00, 0, NULL, 0.00, 0.00),
(159, 'X CEL IPHO 12 64 GB 87%', 3300000.00, 0, 1, '64GB 87% CESAR', NULL, 35, '1533', 0.00, 1, NULL, 3800000.00, 0, NULL, 0.00, 0.00),
(160, 'X CEL HUAWEI 8I', 1100000.00, 0, 0, '6 DE RAM Y 128GB', NULL, 35, '1126', 0.00, 1, NULL, 1300000.00, 0, NULL, 0.00, 0.00),
(161, 'XX CEL SM S20+ 5G DE 128GB 12RAM', 2200000.00, 0, 1, '6 RAM 128', NULL, 35, '1127', 0.00, 1, NULL, 2500000.00, 0, NULL, 0.00, 0.00),
(163, 'X CEL IPHO 11PRO 64GB 84%', 3100000.00, 0, 0, '64GB ERA DEL DUEÑO DE LA CURBA 84%', NULL, 35, '1129', 0.00, 1, NULL, 3700000.00, 0, NULL, 0.00, 0.00),
(165, 'ventilador de techo briza pesado', 220000.00, 0, 1, 'motor pesado', NULL, 49, '1131', 0.00, 1, NULL, 300000.00, 0, NULL, 0.00, 0.00),
(166, 'ventilador techo briza liviano', 180000.00, 0, 1, 'motor liviano', NULL, 49, '1132', 0.00, 1, NULL, 230000.00, 0, NULL, 0.00, 0.00),
(167, 'X CEL XIA POCO M3 64GB', 900000.00, 0, 0, '64gb', NULL, 35, '1133', 0.00, 1, NULL, 1000000.00, 0, NULL, 0.00, 0.00),
(169, 'XX CEL A51 128GB', 800000.00, 0, 1, '', NULL, 35, '1135', 0.00, 1, NULL, 1000000.00, 0, NULL, 0.00, 0.00),
(170, 'X CEL SM A23 128GB', 800000.00, 0, 1, 'CESAR 128GB', NULL, 35, '1136', 0.00, 1, NULL, 1100000.00, 0, NULL, 0.00, 0.00),
(171, 'XX CEL SM A21S DE 128GB', 700000.00, 0, 0, 'CESAR 128GB', NULL, 35, '1137', 0.00, 1, NULL, 850000.00, 0, NULL, 0.00, 0.00),
(172, 'X CEL IPHO XS 64GB 100%', 1800000.00, 0, 0, 'DE CLIENTE 64 GB', NULL, 35, '1138', 0.00, 1, NULL, 2200000.00, 0, NULL, 0.00, 0.00),
(173, 'X CEL XIA NOTE 9 128 GB', 800.00, 0, -1, 'CESAR 128GB', NULL, 35, '1139', 0.00, 1, NULL, 1000000.00, 0, NULL, 0.00, 0.00),
(174, 'X CEL SM A70 128GB', 800000.00, 0, 0, 'CESAR 128GB', NULL, 35, '1140', 0.00, 1, NULL, 1000000.00, 0, NULL, 0.00, 0.00),
(175, 'X CEL IPHO 11 DE 128GB 87%', 2200000.00, 0, 0, 'CESAR 64 GB', NULL, 35, '1141', 0.00, 1, NULL, 2800000.00, 0, NULL, 0.00, 0.00),
(177, 'X CEL IPHO 11 64GB 99%', 2600000.00, 0, 1, 'CESAR 99%', NULL, 35, '1142', 0.00, 1, NULL, 290000.00, 0, NULL, 0.00, 0.00),
(178, 'X CEL IPHO 12 PRO 256GB%', 4300000.00, 0, 0, 'CESAR 256GB', NULL, 35, '1143', 0.00, 1, NULL, 4800000.00, 0, NULL, 0.00, 0.00),
(179, 'X CEL IPHO 11 128GB 82%', 2300000.00, 0, 0, 'CESAR 128GB', NULL, 35, '1144', 0.00, 1, NULL, 2800000.00, 0, NULL, 0.00, 0.00),
(180, 'MIXTERA IKA-SW59', 150000.00, 0, 0, '', NULL, 28, '1145', 0.00, 1, NULL, 250000.00, NULL, NULL, 0.00, 0.00),
(181, 'X CEL IPH 12 64GB BAT.87% ', 3100000.00, 0, 0, 'RICHART 64GB', NULL, 35, '1146', 0.00, 1, NULL, 3800000.00, 0, NULL, 0.00, 0.00),
(182, 'XXX  IPHONE 8 NORMAL 64GB 100%', 1300000.00, 0, 1, '64GB', NULL, 35, '1147', 0.00, 1, NULL, 1400000.00, 0, NULL, 0.00, 0.00),
(183, 'X CEL IPH 13 256GB 88%', 3800000.00, 0, -1, '', NULL, 35, '1148', 0.00, 1, NULL, 4300000.00, 0, NULL, 0.00, 0.00),
(185, 'X CEL SAM S9 64GB ', 900000.00, 0, 1, '64 GB', NULL, 35, '1149', 0.00, 1, NULL, 1200000.00, 0, NULL, 0.00, 0.00),
(186, 'CARGADOR ORIGINAL CARGA RAPIDA TIPO C ', 45000.00, 0, 6, '', NULL, 49, '1150', 0.00, 1, 28, 70000.00, 0, NULL, 0.00, 0.00),
(188, 'X NB HP 4 RAM 120SSD', 800000.00, 0, -1, '4 GB 120SSD', NULL, 50, '1152', 0.00, 1, NULL, 1400000.00, NULL, NULL, 0.00, 0.00),
(189, 'PARLANTE DE 15  HDK 5000WHAT', 500000.00, 0, 1, 'HDK 5000 WHAT', NULL, 39, '1153', 0.00, 1, NULL, 750000.00, 0, NULL, 0.00, 0.00),
(190, 'VENTILADOR DE TECHO WATSON ', 400000.00, 0, 6, '', NULL, 42, '1154', 0.00, 1, NULL, 500000.00, 0, NULL, 0.00, 0.00),
(191, 'TV COMSUMER 32 PULGADAS', 1100000.00, 0, 1, 'TRAJO FLACO', NULL, 37, '1155', 0.00, 1, NULL, 1300000.00, 0, NULL, 0.00, 0.00),
(192, 'CARGADOR PARA AUTO CON CABLE DE IPH ', 49000.00, 0, 6, '', NULL, 51, '1156', 0.00, 1, NULL, 70000.00, 0, NULL, 0.00, 0.00),
(193, 'CARGADOR ORIGINAL DE IPHONE DE 20W Y 25W ', 45000.00, 0, 11, '', NULL, 45, '1157', 0.00, 1, NULL, 100000.00, 0, NULL, 0.00, 0.00),
(194, 'CARGADOR DE IPH X ', 20000.00, 0, 9, '', NULL, 51, '1158', 0.00, 1, NULL, 70000.00, 0, NULL, 0.00, 0.00),
(196, 'CABLE SOLO DE IPH TIPO C', 20000.00, 0, 23, '', NULL, 49, '1159', 0.00, 1, NULL, 50000.00, 0, NULL, 0.00, 0.00),
(197, 'CABLE SOLO DE IPH NORMAL', 20000.00, 0, 4, '', NULL, 49, '1160', 0.00, 1, NULL, 50000.00, 0, NULL, 0.00, 0.00),
(198, 'CAR BLUETOOTH', 15000.00, 0, 7, '', NULL, 49, '1161', 0.00, 1, NULL, 35000.00, 0, NULL, 0.00, 0.00),
(199, ' TERMO PARA TERERE Y MATE VESTAX 2.5', 130000.00, 0, 3, 'DE 2.5L', NULL, 49, '1162', 0.00, 1, NULL, 160000.00, 0, NULL, 0.00, 0.00),
(201, 'TERMO PARA TERERE Y MATE VESTAX 1.3 L ', 85000.00, 0, 1, '', NULL, 49, '1164', 0.00, 1, NULL, 130000.00, 0, NULL, 0.00, 0.00),
(202, 'TERMO FRIO-CALIENTE GOLD AIR POT 2.5L', 130000.00, 0, 3, 'DE 2.5 LITROS ', NULL, 49, '1165', 0.00, 1, NULL, 180000.00, 0, NULL, 0.00, 0.00),
(203, 'TERMO FRIO.CALIENTE GOLD AIR POT 1.3L', 85000.00, 0, 14, '1.3 LITROS ', NULL, 49, '1166', 0.00, 1, NULL, 130000.00, 0, NULL, 0.00, 0.00),
(204, 'ASPIRADORA BLACK  DECKER 2.000 WATTS ', 500000.00, 0, 1, '2.000 WATTS\n', NULL, 49, '1167', 0.00, 1, NULL, 750000.00, 0, NULL, 0.00, 0.00),
(205, 'AUTORADIO PIONEER SIN BLUETOOTH MVH-85UB', 430000.00, 0, 0, 'SIN  BLUEETOOTH -  MVH-85UB', NULL, 39, '1168', 0.00, 1, NULL, 550000.00, 0, NULL, 0.00, 0.00),
(206, 'AUTORRADIO PIONEER CON BLUETOOTH MVH-S215BT', 440000.00, 0, 0, 'CON BLUETOOTH -  MVH-S215BT', NULL, 39, '1169', 0.00, 1, 32, 650000.00, 0, NULL, 0.00, 0.00),
(207, 'CONTROL PARA PLAY 4 CON DISEÑO', 140000.00, 0, 5, 'CON Y SIN DISEÑO ', NULL, 49, '1170', 0.00, 1, NULL, 200000.00, 0, NULL, 0.00, 0.00),
(208, 'CONTROL PARA PLAY 3 CON Y SIN DISEÑO', 50000.00, 0, 3, '', NULL, 49, '1171', 0.00, 1, NULL, 120000.00, 0, NULL, 0.00, 0.00),
(209, 'X CEL CAMON TECNO 19 128GB 11RAM ', 1000000.00, 0, 0, '', NULL, 35, '1172', 0.00, 1, NULL, 1500000.00, 0, NULL, 0.00, 0.00),
(210, 'X SAM S20FE 128GB 6RAM', 1800000.00, 0, 0, '', NULL, 35, '1173', 0.00, 1, NULL, 2200000.00, 0, NULL, 0.00, 0.00),
(211, 'X CEL A22 128GB. ', 750000.00, 0, -1, 'DUO', NULL, 35, '1174', 0.00, 1, NULL, 950000.00, 0, NULL, 0.00, 0.00),
(212, 'XX CEL SAM A13 DE 64GB', 700000.00, 0, 1, '', NULL, 35, '1175', 0.00, 1, NULL, 900000.00, 0, NULL, 0.00, 0.00),
(213, 'CEL SM A04 4 RAM Y 64GB', 900000.00, 0, 0, 'DE ANA DE 4 Y 64GB', NULL, 35, '1176', 0.00, 1, NULL, 1100000.00, 0, NULL, 0.00, 0.00),
(214, 'X CEL XIA POCO X3 PRO DE 128gb', 1100000.00, 0, 0, '6 RAM Y 128GB', NULL, 35, '1177', 0.00, 1, NULL, 1300000.00, 0, NULL, 0.00, 0.00),
(215, 'XX CEL SM S21 5G DE 256GB', 1800000.00, 0, 1, '', NULL, 35, '1178', 0.00, 1, NULL, 2100000.00, 0, NULL, 0.00, 0.00),
(216, 'X CEL SM S22 DE 256GB', 2500000.00, 0, 1, '', NULL, 35, '1179', 0.00, 1, NULL, 2700000.00, 0, NULL, 0.00, 0.00),
(217, 'X CEL S21 MAS ', 2800000.00, 0, 0, 'DE CESAR 8 RAM 256GB', NULL, 35, '1180', 0.00, 1, NULL, 3200000.00, 0, NULL, 0.00, 0.00),
(218, 'X CEL IPHONE 13 PRO MAX 256', 6900000.00, 0, 2, 'DE CESAR EN CAJA SEMI NUEVO', NULL, 35, '1181', 0.00, 1, NULL, 7500000.00, 0, NULL, 0.00, 0.00),
(219, 'X CEL IPH 13 128 GB 99%', 3400000.00, 0, -2, 'DE CESAR 99% 128GB', NULL, 35, '1182', 0.00, 1, NULL, 3900000.00, NULL, NULL, 0.00, 0.00),
(220, 'X CEL IPH 13 128 GB 99%', 4200000.00, 0, 1, 'DE CESAR 99% 128GB', NULL, 35, '1182', 0.00, 1, NULL, 4800000.00, 0, NULL, 0.00, 0.00),
(221, 'X CEL SM M12 DE 128GB', 600000.00, 0, 1, 'DE CESAR', NULL, 35, '1183', 0.00, 1, NULL, 900000.00, 0, NULL, 0.00, 0.00),
(222, 'X CEL IPHONE 13 DE 256gb Y 91%', 3800000.00, 0, 1, '', NULL, 45, '1184', 0.00, 1, NULL, 4200000.00, 0, NULL, 0.00, 0.00),
(223, 'X CEL S9 PLUS DE 64gb', 1100000.00, 0, 1, '', NULL, 35, '1185', 0.00, 1, NULL, 1400000.00, 0, NULL, 0.00, 0.00),
(224, 'MOLINO ELECTRICO KLD-180R', 250000.00, 0, 1, '', NULL, 28, '1186', 0.00, 1, NULL, 400000.00, 0, NULL, 0.00, 0.00),
(227, 'X IPHONE 7 NORMAL DE 32gb', 800000.00, 0, 1, '', NULL, 45, '1188', 0.00, 1, NULL, 900000.00, 0, NULL, 0.00, 0.00),
(229, 'X CEL IPH 7 DE 128 GB', 900000.00, 0, 0, '', NULL, 35, '1189', 0.00, 1, NULL, 1200000.00, 0, NULL, 0.00, 0.00),
(231, 'X CEL XIAOMI 11S DE 128GB ', 1000000.00, 0, -1, '', NULL, 35, '1190', 0.00, 1, NULL, 1200000.00, 0, NULL, 0.00, 0.00),
(232, 'X CEL XIAOMI NOTE 9 64 GB', 650000.00, 0, -1, '', NULL, 35, '1191', 0.00, 1, NULL, 800000.00, 0, NULL, 0.00, 0.00),
(235, 'X CEL POCO M3 128 GB ', 700000.00, 0, 1, '', NULL, 35, '1192', 0.00, 1, NULL, 1000000.00, 0, NULL, 0.00, 0.00),
(237, 'AURICULAR ECOPOWER', 15000.00, 0, 16, '', NULL, 51, '1193', 0.00, 1, NULL, 25000.00, 0, NULL, 0.00, 0.00),
(238, 'AURICULAR JBL TUNE 110', 50000.00, 0, 9, '', NULL, 51, '1194', 0.00, 1, NULL, 100000.00, 0, NULL, 0.00, 0.00),
(240, 'TOMA PRECION DIGITAL TOKIO', 150000.00, 0, 0, '', NULL, 49, '1195', 0.00, 1, NULL, 200000.00, 0, NULL, 0.00, 0.00),
(241, 'TOMA PRECION MANUAL ASPEN ', 330000.00, 0, 1, '', NULL, 49, '1196', 0.00, 1, NULL, 450000.00, 0, NULL, 0.00, 0.00),
(243, 'RUTER TP-LINK 150 MBPS ', 100000.00, 0, 1, '', NULL, 49, '1197', 0.00, 1, NULL, 150000.00, 0, NULL, 0.00, 0.00),
(245, 'RUTER TP-LINK 300 MBPS ', 160000.00, 0, 3, '', NULL, 49, '1198', 0.00, 1, NULL, 250000.00, 0, NULL, 0.00, 0.00),
(247, 'RUTER TP-LINK 450 MBPS ', 200000.00, 0, 1, '', NULL, 49, '1199', 0.00, 1, NULL, 300000.00, 0, NULL, 0.00, 0.00),
(248, 'FREIDORA VISIONEER DE 3L', 250000.00, 0, 1, '', NULL, 28, '1200', 0.00, 1, NULL, 350000.00, 0, NULL, 0.00, 0.00),
(251, 'FREIDORA TOKIO 3L', 350000.00, 0, 0, '', NULL, 28, '1201', 0.00, 1, NULL, 450000.00, 0, NULL, 0.00, 0.00),
(252, 'HORNO TOKIO DE 9L', 290000.00, 0, 1, '', NULL, 40, '1202', 0.00, 1, NULL, 350000.00, 0, NULL, 0.00, 0.00),
(253, 'EXPRIMIDORA TOKIO ', 100000.00, 0, 0, '', NULL, 49, '1203', 0.00, 1, NULL, 180000.00, 0, NULL, 0.00, 0.00),
(254, 'AMPLIFICADOR CAFINI DE 2784', 950000.00, 0, 1, '', NULL, 39, '1204', 0.00, 1, NULL, 1200000.00, 0, NULL, 0.00, 0.00),
(255, 'AMPLIFICADOR CAFINI DE 34-500', 850000.00, 0, 0, '', NULL, 39, '1205', 0.00, 1, NULL, 1200000.00, 0, NULL, 0.00, 0.00),
(257, 'AMPLIFICADOR KA-318', 350000.00, 0, 3, '', NULL, 39, '1206', 0.00, 1, NULL, 500000.00, 0, NULL, 0.00, 0.00),
(258, 'AMPLIFICADOR KA-988DC', 400000.00, 0, 1, '', NULL, 39, '1207', 0.00, 1, NULL, 600000.00, 0, NULL, 0.00, 0.00),
(259, 'PARLANTE DE 18 TITANIC', 920000.00, 0, 2, '', NULL, 39, '1208', 0.00, 1, NULL, 1300000.00, 0, NULL, 0.00, 0.00),
(260, 'CONSOLA DE 8 CANALES', 1350000.00, 0, 0, '', NULL, 39, '1209', 0.00, 1, NULL, 1550000.00, 0, NULL, 0.00, 0.00),
(261, 'CONSOLA PPS 800MIC', 1900000.00, 0, 1, '', NULL, 39, '1210', 0.00, 1, NULL, 2500000.00, 0, NULL, 0.00, 0.00),
(262, 'FUENTE DE 10AMPER ', 90000.00, 0, 6, '', NULL, 49, '1211', 0.00, 1, NULL, 180000.00, 0, NULL, 0.00, 0.00),
(263, 'CEL IPHONE 11 128gb', 3800000.00, 0, 1, '', NULL, 45, '1212', 0.00, 1, NULL, 4300000.00, 0, NULL, 0.00, 0.00),
(266, 'TV SMART LED DE 55 LG 4K', 3000000.00, 0, 1, '', NULL, 37, '1215', 0.00, 1, NULL, 4500000.00, 0, NULL, 0.00, 0.00),
(267, 'JBL PARTY BOX 100', 2350000.00, 0, 3, '', NULL, 39, '1216', 0.00, 1, NULL, 2600000.00, 0, NULL, 0.00, 0.00),
(268, 'RELOJ SMART BIP 3', 250000.00, 0, 0, '', NULL, 49, '1217', 0.00, 1, NULL, 400000.00, 0, NULL, 0.00, 0.00),
(269, 'CARGADOR PARA AUTO CON CABLE  ECOPOWER ', 10000.00, 0, 7, '', NULL, 49, '1218', 0.00, 1, NULL, 25000.00, 0, NULL, 0.00, 0.00),
(275, 'licuadora Megastar', 105000.00, 4, 2, '', NULL, 49, '1248', 0.00, 5, 0, 150000.00, 0, NULL, 0.00, 0.00),
(276, 'Licuadora Tokio normal', 205000.00, 1, 1, '', NULL, 49, '1249', 0.00, 5, 0, 250000.00, 0, NULL, 0.00, 0.00),
(277, 'Licuadora Scarlett', 70000.00, 2, 1, '', NULL, 49, '1250', 0.00, 5, 0, 100000.00, 0, NULL, 0.00, 0.00),
(278, 'licuadora tokio super', 23.00, 2, 0, '', NULL, 49, '1251', 0.00, 5, 0, 23.00, 0, NULL, 0.00, 0.00),
(279, 'humificador', 132000.00, 2, 2, '', NULL, 49, '1252', 0.00, 5, 0, 180000.00, 0, NULL, 0.00, 0.00),
(280, 'Plancha Tokio a vapor', 70000.00, 2, 2, '', NULL, 49, '1253', 0.00, 5, 0, 100000.00, 0, NULL, 0.00, 0.00),
(281, 'Plancha Tokio normal', 95000.00, 1, 0, '', NULL, 49, '1254', 0.00, 5, 0, 140000.00, 0, NULL, 0.00, 0.00),
(282, 'secador Megastar', 102000.00, 2, 1, '', NULL, 49, '1255', 0.00, 5, 0, 170000.00, 0, NULL, 0.00, 0.00),
(283, 'SECADOR GAMA ', 220000.00, 2, 2, '', NULL, 49, '1256', 0.00, 5, 0, 300000.00, 0, NULL, 0.00, 0.00),
(284, 'PLANCHITA GAMA ', 205000.00, 3, 2, '', NULL, 49, '1257', 0.00, 5, 0, 350000.00, 0, NULL, 0.00, 0.00),
(285, 'PLANCHITA TITAN KERATIN', 320000.00, 1, 1, '', NULL, 49, '1258', 0.00, 5, 0, 450000.00, 0, NULL, 0.00, 0.00),
(286, 'JARRA ELECTRICA MOX', 50000.00, 11, 9, '', NULL, 49, '1260', 0.00, 5, 0, 70000.00, 0, NULL, 0.00, 0.00),
(287, 'BALANZA MOX', 146000.00, 5, 1, '', NULL, 49, '1261', 0.00, 5, 0, 180000.00, 0, NULL, 0.00, 0.00),
(288, 'OLLA ELECTRICA ', 160000.00, 2, 1, '', NULL, 49, '1262', 0.00, 5, 0, 200000.00, 0, NULL, 0.00, 0.00),
(289, 'MIXTERA TOKIO ', 87000.00, 3, 3, '', NULL, 49, '1263', 0.00, 5, 0, 130000.00, 0, NULL, 0.00, 0.00),
(290, 'MIXTERA MOX', 70000.00, 2, 2, '', NULL, 49, '1264', 0.00, 5, 0, 100000.00, 0, NULL, 0.00, 0.00),
(291, 'MIXTERA MEGASTAR', 88000.00, 2, 2, '', NULL, 49, '1265', 0.00, 5, 0, 130000.00, 0, NULL, 0.00, 0.00),
(292, 'BALANZA CORPORAL ', 85000.00, 2, 2, '', NULL, 49, '1266', 0.00, 5, 0, 120000.00, 0, NULL, 0.00, 0.00),
(293, 'COCINA ELECTRICA', 50000.00, 5, 5, '', NULL, 49, '1267', 0.00, 5, 0, 70000.00, 0, NULL, 0.00, 0.00),
(294, 'PLACA INDUCCION', 153000.00, 3, 2, '', NULL, 49, '1268', 0.00, 5, 0, 180000.00, 0, NULL, 0.00, 0.00),
(295, 'SOPORTE MOVIBLE', 70000.00, 5, 6, '', NULL, 49, '1269', 0.00, 5, 0, 120000.00, 0, NULL, 0.00, 0.00),
(296, 'SOPORTE FIJO', 40000.00, 3, 3, '', NULL, 49, '1270', 0.00, 5, 0, 70000.00, 0, NULL, 0.00, 0.00),
(297, 'ESTUFA UTILUX', 80000.00, 3, 2, '', NULL, 49, '1271', 0.00, 5, 0, 130000.00, 0, NULL, 0.00, 0.00),
(298, 'VASO STANLEY', 35000.00, 3, 8, '', NULL, 49, '1272', 0.00, 5, 0, 55000.00, 0, NULL, 0.00, 0.00),
(299, 'CARGADOR PORTATIL ECOPOWER 12000 MAH', 46000.00, 0, 3, '', NULL, 49, '1219', 0.00, 1, NULL, 100000.00, 0, NULL, 0.00, 0.00),
(300, 'CARGADOR PORTATIL 22000MAH', 82000.00, 0, 1, '', NULL, 49, '1220', 0.00, 1, NULL, 150000.00, 0, NULL, 0.00, 0.00),
(301, 'xx cel xia poco x3 pro', 1000000.00, 0, 1, 'cel xia 6 y 128gb de lucas', NULL, 35, '1221', 0.00, 1, NULL, 1200000.00, 0, NULL, 0.00, 0.00),
(302, 'VENTILADOR DE TECHO JAM PESADO', 220000.00, 0, 14, '5 VELOSIDADES MOTOR PESADO', NULL, 49, '1222', 0.00, 1, NULL, 300000.00, 0, NULL, 0.00, 0.00),
(303, 'FRISER CONGELADOR 320 LITROS TAPA DE VIDRIO DESLISABLE', 2600000.00, 0, 4, 'MODELO 380C TAPA DE VIDRIO DESLISABLE', NULL, 51, '1223', 0.00, 1, NULL, 3000000.00, 0, NULL, 0.00, 0.00),
(304, 'HORNO JAM 45 LITROS', 610000.00, 0, 1, 'STANDAR 120M 300 GC 1400 WHAT', NULL, 49, '1224', 0.00, 1, NULL, 750000.00, 0, NULL, 0.00, 0.00),
(305, 'VENTILADOR DE PIE JAM PATA REDONDA', 300000.00, 0, 7, 'PATA REDONDO DE PIE', NULL, 41, '1225', 0.00, 1, 31, 300000.00, 0, NULL, 0.00, 0.00),
(307, 'CEL NOKIA 106', 76000.00, 0, 0, '', NULL, 35, '1227', 0.00, 1, NULL, 150000.00, 0, NULL, 0.00, 0.00),
(308, 'AUTO RADIO ECOPOWER EP-602', 85000.00, 0, 1, '', NULL, 39, '1228', 0.00, 1, NULL, 150000.00, 0, NULL, 0.00, 0.00),
(309, 'AUTO RADIO ECOPOWER PE-7000', 320000.00, 0, 0, '', NULL, 39, '1229', 0.00, 1, NULL, 450000.00, 0, NULL, 0.00, 0.00),
(310, 'LAVARROPA AUTOMATICO JAM 6KG', 1700000.00, 0, 8, 'CARGA FRONTAL', NULL, 49, '1230', 0.00, 1, NULL, 1850000.00, 0, NULL, 0.00, 0.00),
(311, 'CABLE RED 10MTRS', 40000.00, 0, 2, '', NULL, 51, '1231', 0.00, 1, NULL, 80000.00, 0, NULL, 0.00, 0.00),
(312, 'FRISER CONGELADOR JAM 200 LITROS TAPA DE VIDRIO DESLISABLE', 1800000.00, 0, 6, 'TAPA DE VIDRIO DESLISABLE', NULL, 49, '1232', 0.00, 1, NULL, 2200000.00, 0, NULL, 0.00, 0.00),
(313, 'REPETIDOR DE WIFITP LINK TL-WA850RE', 120000.00, 0, 0, '', NULL, 49, '1233', 0.00, 1, NULL, 220000.00, 0, NULL, 0.00, 0.00),
(314, 'REPETIDOR DE WIFI TP LINK TL-WA855RE', 133000.00, 0, 0, '', NULL, 49, '1234', 0.00, 1, NULL, 230000.00, 0, NULL, 0.00, 0.00),
(315, 'USB WIFI TP LINK TL-WN725', 37000.00, 0, 0, '', NULL, 49, '1235', 0.00, 1, NULL, 100000.00, 0, NULL, 0.00, 0.00),
(316, 'EXPANSOR USB ECOPOWER (EP-R010)', 29000.00, 0, 0, '', NULL, 51, '1236', 0.00, 1, NULL, 80000.00, 0, NULL, 0.00, 0.00),
(317, 'MICROFONO ECOPOWER ', 91000.00, 0, 0, '', NULL, 49, '1237', 0.00, 1, NULL, 150000.00, 0, NULL, 0.00, 0.00),
(318, 'MICROFONO MEGA STAR', 95000.00, 0, 1, '', NULL, 49, '1238', 0.00, 1, NULL, 150000.00, 0, NULL, 0.00, 0.00),
(319, 'CEL NOKIA G10 3 DE RAM Y 64', 650000.00, 0, 0, '3 RAM Y 64', NULL, 35, '1239', 0.00, 1, 28, 650000.00, 0, NULL, 0.00, 0.00),
(320, 'CEL SM A 225G', 1387000.00, 0, 1, 'CEL SM', NULL, 35, '1240', 0.00, 1, NULL, 1600000.00, 0, NULL, 0.00, 0.00),
(323, 'CEL SM A04 4 RAM Y 32 GB', 700000.00, 0, 3, 'GSM', NULL, 35, '1241', 0.00, 1, NULL, 900000.00, 0, NULL, 0.00, 0.00),
(324, 'MAUS INALAMBRICO HAVIT', 27000.00, 0, -7, '', NULL, 49, '1242', 0.00, 1, NULL, 50000.00, 0, NULL, 0.00, 0.00),
(325, 'LUS LED DE 100L', 24000.00, 0, -2, '', NULL, 51, '1243', 0.00, 1, NULL, 50000.00, 0, NULL, 0.00, 0.00),
(326, 'LUS LED DE HILO 300L', 50000.00, 0, 0, '', NULL, 51, '1244', 0.00, 1, NULL, 80000.00, 0, NULL, 0.00, 0.00),
(327, 'LUZ LED DE 300L', 60000.00, 0, -1, '', NULL, 51, '1245', 0.00, 1, NULL, 90000.00, 0, NULL, 0.00, 0.00),
(328, 'LUS MAST 140', 22000.00, 0, 0, '', NULL, 51, '1246', 0.00, 1, NULL, 50000.00, 0, NULL, 0.00, 0.00),
(329, 'MANGUERA DE LUCES DE 20M', 120000.00, 0, 0, '', NULL, 51, '1247', 0.00, 1, NULL, 180000.00, NULL, NULL, 0.00, 0.00),
(330, 'secador de pelo nova ', 65000.00, 0, 2, '', NULL, 49, '1259', 0.00, 5, NULL, 100000.00, 0, NULL, 0.00, 0.00),
(331, 'licuadora mondial ', 170000.00, 0, 0, '', NULL, 49, '1273', 0.00, 5, NULL, 250000.00, 0, NULL, 0.00, 0.00),
(332, 'balanza webStar ', 150000.00, 0, 2, '', NULL, 49, '1274', 0.00, 5, NULL, 180000.00, 0, NULL, 0.00, 0.00),
(334, 'batidora a mano', 50000.00, 0, 2, '', NULL, 49, '1275', 0.00, 5, NULL, 80000.00, 0, NULL, 0.00, 0.00),
(335, 'placha normal speed', 80000.00, 0, 1, '', NULL, 49, '1276', 0.00, 5, NULL, 120000.00, 0, NULL, 0.00, 0.00),
(336, 'planha normal speed', 80000.00, 0, 0, '', NULL, 49, '1276', 0.00, 5, NULL, 120000.00, NULL, NULL, 0.00, 0.00),
(337, 'chopera stanley chico', 60000.00, 0, 7, '', NULL, 49, '1277', 0.00, 5, NULL, 90000.00, 0, NULL, 0.00, 0.00),
(338, 'chopera stanley grande', 70000.00, 0, 5, '', NULL, 49, '1278', 0.00, 5, NULL, 120000.00, 0, NULL, 0.00, 0.00),
(341, 'juego de agua fria con guampa  stanley', 160000.00, 0, 1, '', NULL, 49, '1279', 0.00, 5, NULL, 200000.00, 0, NULL, 0.00, 0.00),
(342, 'termo para agua caliente  de 1L', 95000.00, 0, 2, '', NULL, 49, '1280', 0.00, 5, NULL, 120000.00, 0, NULL, 0.00, 0.00),
(344, 'termo agua caliene de 1.700L stanley ', 70000.00, 0, 1, '', NULL, 49, '1281', 0.00, 5, NULL, 130000.00, 0, NULL, 0.00, 0.00),
(346, 'hoppyes mast ', 30000.00, 0, 10, '', NULL, 49, '1282', 0.00, 5, NULL, 60000.00, 0, NULL, 0.00, 0.00),
(347, 'hoppyes de 2 l.', 50000.00, 0, 6, '', NULL, 49, '1283', 0.00, 5, NULL, 80000.00, 0, NULL, 0.00, 0.00),
(349, 'cotrol para play 3 ', 50000.00, 0, 1, '', NULL, 49, '1284', 0.00, 5, NULL, 100000.00, 0, NULL, 0.00, 0.00),
(351, 'mouse inalambrico sate ', 40000.00, 0, 2, '', NULL, 49, '1285', 0.00, 5, NULL, 80000.00, 0, NULL, 0.00, 0.00),
(353, 'mouse inalambrico havit', 30000.00, 0, 3, '', NULL, 49, '1286', 0.00, 5, NULL, 80000.00, 0, NULL, 0.00, 0.00),
(355, 'parlante para compu', 40000.00, 0, 4, '', NULL, 39, '1287', 0.00, 5, NULL, 80000.00, 0, NULL, 0.00, 0.00),
(356, 'teclado+Mouse luo', 65000.00, 0, 2, '', NULL, 51, '1288', 0.00, 5, NULL, 100000.00, 0, NULL, 0.00, 0.00),
(357, 'teclado+mouse sate', 88000.00, 0, 1, '', NULL, 51, '1289', 0.00, 5, NULL, 130000.00, 0, NULL, 0.00, 0.00),
(358, 'teclado Gamer', 70000.00, 0, 1, '', NULL, 51, '1290', 0.00, 5, NULL, 100000.00, 0, NULL, 0.00, 0.00),
(359, 'combo Gamer', 220000.00, 0, 1, '', NULL, 51, '1291', 0.00, 5, NULL, 280000.00, 0, NULL, 0.00, 0.00),
(360, 'JBL GO 2', 180000.00, 0, 2, '', NULL, 39, '1292', 0.00, 5, NULL, 230000.00, 0, NULL, 0.00, 0.00),
(361, 'TOMA PRESION DIGITAL', 90000.00, 0, 2, '', NULL, 51, '1293', 0.00, 5, NULL, 140000.00, 0, NULL, 0.00, 0.00),
(362, 'ARO DE LUZ CON SOPORTE', 95000.00, 0, 2, '', NULL, 51, '1294', 0.00, 5, NULL, 150000.00, 0, NULL, 0.00, 0.00),
(363, 'ARO DE LUZ ', 45000.00, 0, 2, '', NULL, 51, '1295', 0.00, 5, NULL, 70000.00, 0, NULL, 0.00, 0.00),
(364, 'FOCO CAMARA', 125000.00, 0, 2, '', NULL, 51, '1296', 0.00, 5, NULL, 170000.00, 0, NULL, 0.00, 0.00),
(365, 'AHIRE SPLIT ELECTROLUX DE 3000 F. INVERTER', 2300000.00, 0, -1, 'ELECTROLUX DE 3000 INVERTER', NULL, 46, '1297', 0.00, 1, NULL, 2700000.00, 0, NULL, 0.00, 0.00),
(366, 'CARGADORIPHONE OR XS ', 40000.00, 0, 5, 'CARGADORES', NULL, 51, '1298', 0.00, 5, NULL, 70000.00, 0, NULL, 0.00, 0.00),
(367, 'CARGADOR ORI SAMSUNG NORMAL ', 40000.00, 0, 3, 'CARGADORES', NULL, 51, '1299', 0.00, 5, NULL, 80000.00, 0, NULL, 0.00, 0.00),
(369, 'CARGADOR SAMSUNG ORI MICRO ', 39000.00, 0, 6, 'CARGADOR', NULL, 51, '1300', 0.00, 5, NULL, 70000.00, 0, NULL, 0.00, 0.00),
(370, 'CABEZA ORI DE IPHONE', 40000.00, 0, 2, 'CARGADORES', NULL, 51, '1302', 0.00, 5, NULL, 70000.00, 0, NULL, 0.00, 0.00),
(371, 'AURICULAR ORI SAMSUNG ', 30000.00, 0, 3, 'AURICULAR', NULL, 51, '1301', 0.00, 5, NULL, 60000.00, 0, NULL, 0.00, 0.00),
(372, 'CARGADOR ORIG TIPO C', 40000.00, 0, 3, '', NULL, 51, '1303', 0.00, 5, NULL, 90000.00, 0, NULL, 0.00, 0.00),
(373, 'RELOJ MI BAN 5', 180000.00, 0, 1, '', NULL, 51, '1304', 0.00, 5, NULL, 250000.00, 0, NULL, 0.00, 0.00),
(374, 'RELOJ SMART LUO', 60000.00, 0, 1, '', NULL, 51, '1305', 0.00, 5, NULL, 100000.00, 0, NULL, 0.00, 0.00),
(375, 'AURICULAR BT XIAOMI', 65000.00, 0, 3, '', NULL, 51, '1306', 0.00, 5, NULL, 170000.00, 0, NULL, 0.00, 0.00),
(376, 'AURICULAR BT LUO', 55000.00, 0, 2, '', NULL, 51, '1307', 0.00, 5, NULL, 100000.00, 0, NULL, 0.00, 0.00),
(377, 'AURICULAR  BT ECOPOWER', 55000.00, 0, 1, '', NULL, 51, '1308', 0.00, 5, NULL, 100000.00, 0, NULL, 0.00, 0.00),
(378, 'CORTA PELO LBC', 103000.00, 0, 3, '', NULL, 49, '1309', 0.00, 5, NULL, 170000.00, 0, NULL, 0.00, 0.00),
(379, 'CORTA PELO MALLORY', 100000.00, 0, 7, '', NULL, 49, '1310', 0.00, 5, NULL, 150000.00, 0, NULL, 0.00, 0.00),
(380, 'MIXER TOKIO', 95000.00, 0, 1, '', NULL, 51, '1311', 0.00, 5, NULL, 180000.00, 0, NULL, 0.00, 0.00),
(381, 'DVR HIKVISION 4 CANALES', 300000.00, 0, 1, '', NULL, 49, '1312', 0.00, 1, NULL, 450000.00, 0, NULL, 0.00, 0.00),
(382, 'CAMARA HIKVISION DE 1080P', 130000.00, 0, 24, '', NULL, 49, '1313', 0.00, 1, 32, 180000.00, 0, NULL, 0.00, 0.00),
(383, 'X CEL IPHONE 13 PRO MAX DE 256gb 99%', 6800000.00, 0, 1, 'DE RICHAR 13PRO 256GB ', NULL, 35, '1314', 0.00, 1, NULL, 7500000.00, 0, NULL, 0.00, 0.00),
(384, 'XXX CEL IPHONE 12 PRO MAX 256GB 90%', 5000000.00, 0, 1, '', NULL, 35, '1315', 0.00, 1, NULL, 5500000.00, 0, NULL, 0.00, 0.00),
(385, 'X CEL IPHO 12 DE 128gb 99%', 3500000.00, 0, 1, '', NULL, 45, '1316', 0.00, 1, NULL, 4000000.00, 0, NULL, 0.00, 0.00),
(386, 'XXX CEL IPHONE 11 PRO DE 256GB 80%', 3100000.00, 0, 1, '', NULL, 45, '1317', 0.00, 1, NULL, 3600000.00, 0, NULL, 0.00, 0.00),
(387, 'XXX CEL IPHONE 13 MINI DE 128gb 100%', 3500000.00, 0, 0, '', NULL, 45, '1318', 0.00, 1, NULL, 4300000.00, 0, NULL, 0.00, 0.00),
(388, 'X CEL XIA NOTE 10 PRO DE 128gb ', 1200000.00, 0, 0, '', NULL, 35, '1319', 0.00, 1, NULL, 1500000.00, 0, NULL, 0.00, 0.00),
(389, 'X CEL XIA NOTE 11 DE 128GB', 1000000.00, 0, 0, '', NULL, 35, '1320', 0.00, 1, NULL, 1200000.00, 0, NULL, 0.00, 0.00),
(390, 'AHIRE SPLIT JAM 4500 FRIGORIA 18000BTU', 3300000.00, 0, -2, 'DE GORDO 4500 FRIGORIA 18000BTU', NULL, 46, '1321', 0.00, 1, NULL, 3600000.00, 0, NULL, 0.00, 0.00),
(392, 'XX CEL SM A02S 32GB', 550000.00, 0, 1, 'DE CHICHI', NULL, 35, '1323', 0.00, 1, NULL, 750000.00, 0, NULL, 0.00, 0.00),
(393, 'X CEL SM S22 ULTRA', 5500000.00, 0, 1, 'DE PATRICIO', NULL, 35, '1324', 0.00, 1, NULL, 6300000.00, 0, NULL, 0.00, 0.00),
(395, ' CEL XIA 11T PRO 5G 8 Y 256GB', 2500000.00, 0, 1, 'DE PATRICICIO NRO DE SERIE 5100 IMEI664/672', NULL, 35, '1326', 0.00, 1, NULL, 2800000.00, 0, NULL, 0.00, 0.00),
(396, 'PEN CON MUSICA ', 25000.00, 0, 4, '', NULL, 51, '1327', 0.00, 5, NULL, 45000.00, 0, NULL, 0.00, 0.00),
(397, 'PEN DE16GB', 25000.00, 0, 5, '', NULL, 51, '1328', 0.00, 5, NULL, 40000.00, 0, NULL, 0.00, 0.00),
(398, 'MEMORIA DE 16GB', 30000.00, 0, 4, '', NULL, 51, '1329', 0.00, 5, NULL, 45000.00, 0, NULL, 0.00, 0.00),
(399, 'MEMORIA 8GB', 17000.00, 0, 2, '', NULL, 51, '1330', 0.00, 5, NULL, 35000.00, 0, NULL, 0.00, 0.00),
(400, 'CABLE USB 3M', 15000.00, 0, 2, '', NULL, 51, '1331', 0.00, 5, NULL, 25000.00, 0, NULL, 0.00, 0.00),
(401, 'CABLE USB', 7000.00, 0, 10, '', NULL, 51, '1332', 0.00, 5, NULL, 15000.00, 0, NULL, 0.00, 0.00),
(402, 'OTG ', 7000.00, 0, 6, '', NULL, 51, '1333', 0.00, 5, NULL, 15000.00, 0, NULL, 0.00, 0.00),
(403, 'ADAPTADOR IPHONE', 7500.00, 0, 6, '', NULL, 51, '1334', 0.00, 5, NULL, 15000.00, 0, NULL, 0.00, 0.00),
(404, 'PEN METAL 16GB', 30000.00, 0, 3, '', NULL, 51, '1335', 0.00, 5, NULL, 45000.00, 0, NULL, 0.00, 0.00),
(405, 'CARGADOR PARA AUTO LUO IPHONE', 14500.00, 0, 6, '', NULL, 51, '1336', 0.00, 5, NULL, 25000.00, 0, NULL, 0.00, 0.00),
(406, 'CARGADOR PARA AUTO SAMSUNG MICRO', 10000.00, 0, 4, '', NULL, 51, '1338', 0.00, 5, NULL, 20000.00, 0, NULL, 0.00, 0.00),
(408, 'CARGADOR PARA AUTO AUTO ECOPOWER', 15000.00, 0, 2, '', NULL, 51, '1339', 0.00, 5, NULL, 25000.00, 0, NULL, 0.00, 0.00),
(409, 'CARGADOR PARA AUTO MICRO LUO', 15000.00, 0, 8, '', NULL, 51, '1340', 0.00, 5, NULL, 25000.00, 0, NULL, 0.00, 0.00),
(410, 'ADAPTADOR WIFI', 38000.00, 0, 1, '', NULL, 51, '1341', 0.00, 5, NULL, 60000.00, 0, NULL, 0.00, 0.00),
(411, 'SOPORTE PARA AUTO ', 17500.00, 0, 3, '', NULL, 51, '1342', 0.00, 5, NULL, 35000.00, 0, NULL, 0.00, 0.00),
(412, 'ADAPTADOR BLUETHOO', 14000.00, 0, 3, '', NULL, 51, '1343', 0.00, 5, NULL, 25000.00, 0, NULL, 0.00, 0.00),
(413, 'ADAPTADOR FM', 14500.00, 0, 1, '', NULL, 51, '1344', 0.00, 5, NULL, 25000.00, 0, NULL, 0.00, 0.00),
(414, 'FOCO DE COLORES', 22000.00, 0, 6, '', NULL, 51, '1345', 0.00, 5, NULL, 40000.00, 0, NULL, 0.00, 0.00),
(415, 'AURICULAR BT CON CABLE LUO', 30000.00, 0, 3, '', NULL, 51, '1346', 0.00, 5, NULL, 70000.00, 0, NULL, 0.00, 0.00),
(416, 'AURICULAR BT LUO INALAM', 50000.00, 0, 0, '', NULL, 51, '1347', 0.00, 5, NULL, 100000.00, 0, NULL, 0.00, 0.00),
(417, 'AURICULAR BT INALAMBRICO POPING ', 70000.00, 0, 2, '', NULL, 51, '1348', 0.00, 5, NULL, 120000.00, 0, NULL, 0.00, 0.00),
(418, 'AURICULAR BT JBL INALAM', 88000.00, 0, 1, '', NULL, 51, '1349', 0.00, 5, NULL, 130000.00, 0, NULL, 0.00, 0.00),
(419, 'AURICULAR BT LUO INALAM', 55000.00, 0, 2, '', NULL, 51, '1350', 0.00, 5, NULL, 100000.00, 0, NULL, 0.00, 0.00),
(420, 'CARGADOR PORTATIL 1000', 37000.00, 0, 4, '', NULL, 51, '1351', 0.00, 5, NULL, 55000.00, 0, NULL, 0.00, 0.00),
(421, 'CARGADOR PORTATIL 12000', 45000.00, 0, 2, '', NULL, 51, '1352', 0.00, 5, NULL, 75000.00, 0, NULL, 0.00, 0.00),
(423, 'X CEL IPHONE 12 PRO MAX DE 128gb 99%', 5500000.00, 0, 0, '', NULL, 45, '1354', 0.00, 1, NULL, 6500000.00, 0, NULL, 0.00, 0.00),
(424, 'ESTUCHES CROMADOS IPHONE', 17000.00, 0, 51, '', NULL, 51, '1355', 0.00, 5, NULL, 30000.00, 0, NULL, 0.00, 0.00),
(425, 'X CEL IPHONE 12 PRO DE 256gb 88%', 4800000.00, 0, 1, '', NULL, 45, '1355', 0.00, 1, NULL, 5500000.00, 0, NULL, 0.00, 0.00),
(426, 'ESTUCHES CROMADOS SAMSUNG ', 17000.00, 0, 10, '', NULL, 51, '1356', 0.00, 5, NULL, 30000.00, 0, NULL, 0.00, 0.00),
(428, 'CASES ORGINAL IPHONE 6 ', 15000.00, 0, 5, '', NULL, 51, '1357', 0.00, 5, NULL, 25000.00, 0, NULL, 0.00, 0.00),
(429, 'CASES ORIGINAL IPHONE 6 PLUS', 15000.00, 0, 21, '', NULL, 51, '1358', 0.00, 5, NULL, 25000.00, 0, NULL, 0.00, 0.00),
(430, 'CASES ORIGINAL IPHONE 7/8', 15000.00, 0, 11, '', NULL, 51, '1359', 0.00, 5, NULL, 25000.00, 0, NULL, 0.00, 0.00),
(431, 'CASES ORIGINAL 7/8PLUS', 15000.00, 0, 4, '', NULL, 51, '1360', 0.00, 5, NULL, 25000.00, 0, NULL, 0.00, 0.00),
(432, 'CASES ORIGINAL IPHONE  XS', 15000.00, 0, 12, '', NULL, 51, '1361', 0.00, 5, NULL, 25000.00, 0, NULL, 0.00, 0.00),
(433, 'CASES ORIGINAL IPHONE XS MAX', 15000.00, 0, 7, '', NULL, 51, '1362', 0.00, 5, NULL, 25000.00, 0, NULL, 0.00, 0.00),
(434, 'CASES ORIGINAL  IPHONE XR', 15000.00, 0, 0, '', NULL, 51, '1364', 0.00, 5, NULL, 25000.00, 0, NULL, 0.00, 0.00),
(435, 'CASES ORIGINAL IPHONE 11', 15000.00, 0, 9, '', NULL, 51, '1365', 0.00, 5, NULL, 25000.00, 0, NULL, 0.00, 0.00),
(436, 'CASES ORIGINALIPHONE 11 PRO', 15000.00, 0, 19, '', NULL, 51, '1366', 0.00, 5, NULL, 25000.00, 0, NULL, 0.00, 0.00),
(437, 'CASES ORIGINAL IPHONE 11 PRO MAX', 15000.00, 0, 15, '', NULL, 51, '1367', 0.00, 5, NULL, 25000.00, 0, NULL, 0.00, 0.00),
(439, 'CASES IPHONE ORIGINAL 12 MINI', 20000.00, 0, 9, '', NULL, 51, '1368', 0.00, 5, NULL, 30000.00, 0, NULL, 0.00, 0.00),
(440, 'CASES ORIGINAL IPHONE 12/12PRO', 20000.00, 0, 12, '', NULL, 51, '1369', 0.00, 5, NULL, 30000.00, 0, NULL, 0.00, 0.00),
(441, 'CASES ORIGINAL IPHONE 12 PRO MAX', 20000.00, 0, 22, '', NULL, 51, '1370', 0.00, 5, NULL, 30000.00, 0, NULL, 0.00, 0.00),
(442, 'CASES ORIGINAL IPHONE 13', 20000.00, 0, 7, '', NULL, 51, '1372', 0.00, 5, NULL, 30000.00, 0, NULL, 0.00, 0.00),
(443, 'CASES ORIGINAL IPHONE 13 PRO  ', 20000.00, 0, 14, '', NULL, 51, '1373', 0.00, 5, NULL, 30000.00, 0, NULL, 0.00, 0.00),
(444, 'CASES ORIGINAL IPHONE 13 PRO MAX', 20000.00, 0, 9, '', NULL, 51, '1371', 0.00, 5, NULL, 30000.00, 0, NULL, 0.00, 0.00),
(445, 'CASES ORIGINAL IPHONE 14', 20000.00, 0, 5, '', NULL, 51, '1374', 0.00, 5, NULL, 30000.00, 0, NULL, 0.00, 0.00),
(446, 'cases original iphone 14pro', 20000.00, 0, 6, '', NULL, 51, '1375', 0.00, 5, NULL, 30000.00, 0, NULL, 0.00, 0.00),
(447, 'cases original iphone 14 pro max', 20000.00, 0, 4, '', NULL, 51, '1376', 0.00, 5, NULL, 30000.00, 0, NULL, 0.00, 0.00),
(448, 'cases Original Samsung A02', 15000.00, 0, 4, '', NULL, 51, '1377', 0.00, 5, NULL, 25000.00, 0, NULL, 0.00, 0.00),
(449, 'Cases original Samsung A02S', 15000.00, 0, 4, '', NULL, 51, '1378', 0.00, 5, NULL, 25000.00, 0, NULL, 0.00, 0.00),
(450, 'CASES ORIGINAL SAMSUNG A03S', 15000.00, 0, 9, '', NULL, 51, '1379', 0.00, 5, NULL, 25000.00, 0, NULL, 0.00, 0.00),
(451, 'CASES ORIGINAL SAMSUNG A03 CORE', 15000.00, 0, 2, '', NULL, 51, '1380', 0.00, 5, NULL, 25000.00, 0, NULL, 0.00, 0.00),
(452, 'cases Original Samsung A10', 15000.00, 0, 5, '', NULL, 51, '1381', 0.00, 5, NULL, 25000.00, 0, NULL, 0.00, 0.00),
(453, 'CASES ORIGINAL SAMSUNG A10S', 15000.00, 0, 1, '', NULL, 51, '1382', 0.00, 5, NULL, 25000.00, 0, NULL, 0.00, 0.00),
(454, 'CASES ORIGINAL SAMSUNG A11', 15000.00, 0, 5, '', NULL, 51, '1383', 0.00, 5, NULL, 25000.00, 0, NULL, 0.00, 0.00),
(455, 'CASES ORIGINAL SAMSUNG A22 4G ', 15000.00, 0, 4, '', NULL, 51, '1384', 0.00, 5, NULL, 25000.00, 0, NULL, 0.00, 0.00),
(456, 'CASES ORIGINAL SAMSUNG S21 PLUS', 15000.00, 0, 3, '', NULL, 51, '1385', 0.00, 5, NULL, 25000.00, 0, NULL, 0.00, 0.00),
(457, 'cases Original Samsung A52', 15000.00, 0, 1, '', NULL, 51, '1386', 0.00, 5, NULL, 25000.00, 0, NULL, 0.00, 0.00),
(458, 'CASES ORIGINALSAMSUNG A70', 15000.00, 0, 3, '', NULL, 51, '1387', 0.00, 5, NULL, 25000.00, 0, NULL, 0.00, 0.00),
(459, 'CASES ORIGINAL SAMSUNG A72 ', 15000.00, 0, 8, '', NULL, 51, '1388', 0.00, 5, NULL, 25000.00, 0, NULL, 0.00, 0.00),
(460, 'CASES ORIGINAL SAMSUNG A9', 15000.00, 0, 1, '', NULL, 51, '1389', 0.00, 5, NULL, 25000.00, 0, NULL, 0.00, 0.00),
(461, 'CASES ORIGINAL S10E', 15000.00, 0, 1, '', NULL, 51, '1390', 0.00, 5, NULL, 25000.00, 0, NULL, 0.00, 0.00),
(462, 'CASES ORIGINAL SAMSUNG A20S ', 15000.00, 0, 4, '', NULL, 51, '1391', 0.00, 5, NULL, 25000.00, 0, NULL, 0.00, 0.00),
(463, 'CASES ORIGINAL SAMSUNG A21S', 15000.00, 0, 4, '', NULL, 51, '1392', 0.00, 5, NULL, 25000.00, 0, NULL, 0.00, 0.00),
(464, 'CASES ORIGINAL SAMSUNG S20 FE', 15000.00, 0, 3, '', NULL, 51, '1393', 0.00, 5, NULL, 25000.00, 0, NULL, 0.00, 0.00),
(465, 'CASES ORIGINAL XIAOMI NOTE 11 4G', 15000.00, 0, 12, '', NULL, 51, '1394', 0.00, 5, NULL, 25000.00, 0, NULL, 0.00, 0.00),
(466, 'CASES ORIGINAL SAMSUNG S21', 15000.00, 0, 5, '', NULL, 51, '1395', 0.00, 5, NULL, 25000.00, 0, NULL, 0.00, 0.00),
(467, 'CASES ORIGINAL SAMSUNG S10 ', 15000.00, 0, 3, '', NULL, 51, '1396', 0.00, 5, NULL, 25000.00, 0, NULL, 0.00, 0.00),
(468, 'CASES ORIGINAL SAMSUNG S20 ULTRA', 15000.00, 0, 7, '', NULL, 51, '1397', 0.00, 5, NULL, 25000.00, 0, NULL, 0.00, 0.00),
(469, 'CASES ORIGINAL SAMSUNG S20+', 15000.00, 0, 3, '', NULL, 51, '1398', 0.00, 5, NULL, 25000.00, 0, NULL, 0.00, 0.00),
(470, 'CASES ORIGINAL SAMSUNG S21 ULTRA', 15000.00, 0, 9, '', NULL, 51, '1399', 0.00, 5, NULL, 25000.00, 0, NULL, 0.00, 0.00),
(471, 'CASES ORIGINAL SMSUNG S22 ULTRA', 15000.00, 0, 1, '', NULL, 51, '1400', 0.00, 5, NULL, 25000.00, 0, NULL, 0.00, 0.00),
(472, 'CASES ORIGINAL SAMSUNG A51', 15000.00, 0, 2, '', NULL, 51, '1401', 0.00, 5, NULL, 25000.00, 0, NULL, 0.00, 0.00),
(473, 'CASES ORIGINAL SAMSUNG A12', 15000.00, 0, 2, '', NULL, 51, '1402', 0.00, 5, NULL, 25000.00, 0, NULL, 0.00, 0.00),
(474, 'CASES ORIGINAL SAMSUNG NOTE 20+', 15000.00, 0, 2, '', NULL, 51, '1403', 0.00, 5, NULL, 25000.00, 0, NULL, 0.00, 0.00),
(475, 'CASES ORIGINAL X REDMI 8', 15000.00, 0, 8, '', NULL, 51, '1404', 0.00, 5, NULL, 25000.00, 0, NULL, 0.00, 0.00),
(477, 'CASES ORIGINAL X REDMI 8 PRO', 15000.00, 0, 4, '', NULL, 51, '1405', 0.00, 5, NULL, 25000.00, 0, NULL, 0.00, 0.00),
(478, 'CASES ORIGINAL X REDMI 9A', 15000.00, 0, 4, '', NULL, 51, '1406', 0.00, 5, NULL, 25000.00, 0, NULL, 0.00, 0.00),
(479, 'CASES ORIGINAL X NOTE 9 ', 15000.00, 0, 3, '', NULL, 51, '1407', 0.00, 5, NULL, 25000.00, 0, NULL, 0.00, 0.00),
(480, 'CASES ORIGINAL XIAOMI M3', 15000.00, 0, 5, '', NULL, 51, '1408', 0.00, 5, NULL, 25000.00, 0, NULL, 0.00, 0.00),
(481, 'CASES ORIGINAL X REDMI NOTE 9S', 15000.00, 0, 2, '', NULL, 51, '', 0.00, 5, NULL, 25000.00, 0, NULL, 0.00, 0.00),
(482, 'CASES ORIGINAL X REDMI NOTE 10 PRO', 15000.00, 0, 10, '', NULL, 51, '1409', 0.00, 5, NULL, 25000.00, 0, NULL, 0.00, 0.00),
(483, 'CASES ORIGINAL XIAOMI REDMI X4PRO', 15000.00, 0, 8, '', NULL, 51, '1410', 0.00, 5, NULL, 25000.00, 0, NULL, 0.00, 0.00),
(484, 'CEL NOKIA 106', 96000.00, 0, 5, '', NULL, 35, '1411', 0.00, 5, NULL, 150000.00, 0, NULL, 0.00, 0.00),
(485, 'ESTUCHES TRANSPARENTES', 5000.00, 0, 138, '', NULL, 51, '1412', 0.00, 5, NULL, 20000.00, 0, NULL, 0.00, 0.00),
(486, 'MASAJEADOR DOLPHIN', 87000.00, 0, 1, '', NULL, 51, '1413', 0.00, 5, NULL, 150000.00, 0, NULL, 0.00, 0.00),
(487, 'TV SMART TV 32 SAMSUNG', 1400000.00, 0, 1, 'TV', NULL, 51, '1416', 0.00, 5, NULL, 1600000.00, 0, NULL, 0.00, 0.00),
(488, 'TV SMART EXUTA DE 32', 1050000.00, 0, 0, 'TV', NULL, 51, '', 0.00, 5, NULL, 1300000.00, NULL, NULL, 0.00, 0.00),
(489, 'AIRE ACONDICIONADO JAM 12000BTU', 2000000.00, 0, 0, 'AIRES', NULL, 51, '', 0.00, 5, NULL, 2200000.00, NULL, NULL, 0.00, 0.00),
(490, 'AIRE JAM 12000BTU ', 2000000.00, 0, 1, 'AIRE', NULL, 46, '1415', 0.00, 5, NULL, 2200000.00, 0, NULL, 0.00, 0.00),
(491, 'COSINA REAL ELECTRICO', 600000.00, 0, 6, 'COSINAS', NULL, 28, '1414', 0.00, 5, NULL, 750000.00, 0, NULL, 0.00, 0.00),
(492, 'LUCES LED DE 5METROS', 50000.00, 0, 8, '', NULL, 49, '1417', 0.00, 1, NULL, 100000.00, 0, NULL, 0.00, 0.00),
(493, 'HELADERA MIDEA 0 LITROS', 0.00, 0, 2, '', NULL, 29, '1418', 0.00, 1, NULL, 0.00, 0, NULL, 0.00, 0.00),
(494, 'FRISER CONGELADOR MIDAS 380 LITROS MD -HS384', 2500000.00, 0, 0, 'TRAJO TOPO DE 380LITROS', NULL, 49, '1419', 0.00, 1, NULL, 2900000.00, 0, NULL, 0.00, 0.00),
(495, 'HELADERA ELECTROLUX DE 280L RE32', 1600000.00, 0, 0, '', NULL, 29, '1420', 0.00, 1, NULL, 1900000.00, 0, NULL, 0.00, 0.00),
(496, 'HELADERA MIDAS DE 300L MD-HD300LBIM', 1600000.00, 0, 1, '', NULL, 29, '1421', 0.00, 1, NULL, 1900000.00, 0, NULL, 0.00, 0.00),
(497, 'HELADERA JAM DE 300L 2 PUERTA', 1750000.00, 0, 5, '', NULL, 29, '1422', 0.00, 1, 32, 2000000.00, 0, NULL, 0.00, 0.00),
(498, 'PRUBA', 100.00, 0, -6, 'TOPO', NULL, 35, '1423', 0.00, 1, NULL, 200.00, NULL, NULL, 0.00, 0.00),
(499, 'XXX CEL IPHONE 11 DE 64GB 100% ', 2600000.00, 0, 0, 'DE MOJAME ANA', NULL, 45, '1424', 0.00, 1, NULL, 3000000.00, 0, NULL, 0.00, 0.00),
(501, 'AHIRE SPLIT JAM DE 3000 FRIGORIA', 2000000.00, 0, 0, '3000 FRIGORIA JAM', NULL, 46, '1426', 0.00, 1, NULL, 2400000.00, 0, NULL, 0.00, 0.00),
(502, 'CEL A33 DE 128gb 5G', 1800000.00, 0, 1, '', NULL, 35, '1427', 0.00, 1, 32, 2300000.00, 0, NULL, 21.05, 0.00),
(503, 'CONTADOR DE BILLETES QUANTA 220V', 700000.00, 0, 2, '', NULL, 49, '1428', 0.00, 1, NULL, 900000.00, 0, NULL, 0.00, 0.00),
(504, 'BALANZA BIONICA', 140000.00, 0, 1, '', NULL, 49, '1429', 0.00, 1, NULL, 200000.00, 0, NULL, 0.00, 0.00);
INSERT INTO `articulos` (`articulo`, `nombre`, `costo`, `stockmin`, `cantidad`, `descripcion`, `imagen`, `categoria`, `codBarra`, `precioVenta`, `idEsta`, `idProveedor`, `mayoritario`, `keyTwoLabor`, `fechaVence`, `menorCentaje`, `mayorCentaje`) VALUES
(506, 'MEMORIA DE 32 ULTRA ', 21000.00, 0, 1, '', NULL, 51, '1430', 0.00, 1, NULL, 50000.00, 0, NULL, 0.00, 0.00),
(507, 'MEMORIA DE 16 ULTRA', 21000.00, 0, 1, '', NULL, 51, '1433', 0.00, 1, NULL, 45000.00, 0, NULL, 0.00, 0.00),
(508, 'AHIRE SPLIT CARRIER DE 6000 FRIGO 24000BTU', 4850000.00, 0, 0, 'DE SERJIO 24000 BTU', NULL, 46, '1431', 0.00, 1, NULL, 5100000.00, 0, NULL, 0.00, 0.00),
(509, 'CARGADOR IPHONE XS MAX ORIGINAL', 20000.00, 0, 16, '', NULL, 51, '1432', 0.00, 1, NULL, 100000.00, 0, NULL, 0.00, 0.00),
(510, 'CHROMECAST ORIGINAL', 200000.00, 0, 1, '', NULL, 51, '1434', 0.00, 1, NULL, 300000.00, 0, NULL, 0.00, 0.00),
(512, 'BICICULER ', 3500000.00, 0, 1, '', NULL, 29, '1436', 0.00, 1, NULL, 4500000.00, 0, NULL, 0.00, 0.00),
(513, 'AHIRE SPLIT DE 18 MIDAS', 3300000.00, 0, 2, '', NULL, 46, '1437', 0.00, 1, NULL, 3600000.00, 0, NULL, 0.00, 0.00),
(514, 'HELADERA PARA OFICINAS', 1300000.00, 0, 0, '', NULL, 29, '1438', 0.00, 1, NULL, 1600000.00, 0, NULL, 0.00, 0.00),
(515, 'AHIRE SPLIT MIDAS DE 12 BTU ', 2000000.00, 0, 1, '', NULL, 46, '1439', 0.00, 1, NULL, 2400000.00, 0, NULL, 0.00, 0.00),
(516, 'AHIRE SPLIT MABE DE 18000BTU DE 4500 FRIGORIA', 3400000.00, 0, 1, '', NULL, 46, '1440', 0.00, 1, NULL, 3600000.00, 0, NULL, 0.00, 0.00),
(517, 'AHIRE MABE 24000 BTU DE 6000 FRIGORIA', 4300000.00, 0, 1, 'DE GORDO DE 24000 BTU', NULL, 46, '1441', 0.00, 1, NULL, 4700000.00, 0, NULL, 0.00, 0.00),
(518, 'JBL PARTY BOX 110 ', 1800000.00, 0, 1, '', NULL, 39, '1442', 0.00, 1, NULL, 2300000.00, 0, NULL, 0.00, 0.00),
(519, 'JBL CHARGE 5', 750000.00, 0, 0, '', NULL, 39, '1443', 0.00, 1, NULL, 1100000.00, 0, NULL, 0.00, 0.00),
(521, 'CEL LG Q6 ', 550000.00, 0, -1, '32 GB', NULL, 35, '1444', 0.00, 1, NULL, 700000.00, 0, NULL, 0.00, 0.00),
(522, 'PARLANTE MEGA STAR DE 8´ PARA KARAOKE ', 190000.00, 0, 14, '', NULL, 39, '1445', 0.00, 1, NULL, 250000.00, 0, NULL, 0.00, 0.00),
(524, 'PARLANTE MEGA STAR DE 8´', 220000.00, 0, 10, '12.000W', NULL, 39, '1446', 0.00, 1, NULL, 350000.00, 0, NULL, 0.00, 0.00),
(525, 'MASAJEADOR MUSCULAR DE 12 CABEZA ', 173000.00, 0, 1, 'COLOR ROJO Y AZUL', NULL, 49, '1447', 0.00, 1, NULL, 300000.00, 0, NULL, 0.00, 0.00),
(526, 'VENTILADOR RECARGABLE MEGA STAR DE MESA', 200000.00, 0, 0, 'LED DE 2 VELOCIDADES ', NULL, 49, '1448', 0.00, 1, NULL, 300000.00, 0, NULL, 0.00, 0.00),
(528, 'XXX CEL IPHONE 11 DE 128GB  88 BAT', 2900000.00, 0, 1, 'GSM', NULL, 45, '1449', 0.00, 1, NULL, 3200000.00, 0, NULL, 0.00, 0.00),
(529, 'XXX CEL IPHONE 11 PRO 64 GB 100%', 2800000.00, 0, 1, 'GSM', NULL, 45, '1450', 0.00, 1, NULL, 3200000.00, 0, NULL, 0.00, 0.00),
(530, 'XXX CEL IPHONE 12 PRO MAX 128GB', 4900000.00, 0, 0, 'GSM', NULL, 35, '1451', 0.00, 1, NULL, 5700000.00, 0, NULL, 0.00, 0.00),
(531, 'XXX CEL IPHONE 13 PRO MAX DE 256GB 96%', 6500000.00, 0, 0, 'GSM', NULL, 35, '1452', 0.00, 1, 26, 6900000.00, 0, NULL, 0.00, 0.00),
(532, 'XXX CEL IPHONE 8 PLUS 256 GB', 1900000.00, 0, 3, 'GSM', NULL, 35, '1453', 0.00, 1, 32, 2400000.00, 0, NULL, 0.00, 0.00),
(533, 'XXX CEL IPHONE 8 PLUS DE 64GB 100%', 1500000.00, 0, 2, 'GSM', NULL, 45, '1454', 0.00, 1, 29, 1850000.00, 0, NULL, 0.00, 0.00),
(534, 'XXX CEL IPHONE XR 128 GB', 2100000.00, 0, 0, 'GSM', NULL, 45, '1455', 0.00, 1, 29, 2500000.00, 0, NULL, 0.00, 0.00),
(535, 'XXX CEL IPHONE XR 64 GB', 1900000.00, 0, 0, 'GSM', NULL, 45, '1456', 0.00, 1, 29, 2300000.00, 0, NULL, 0.00, 0.00),
(536, 'CEL A04 E 32 GB', 650000.00, 0, 6, 'GSM', NULL, 35, '1457', 0.00, 1, 29, 800000.00, 0, NULL, 0.00, 0.00),
(537, 'CEL SM A04 S 64 GB', 950000.00, 0, 7, '', NULL, 35, '1458', 0.00, 1, NULL, 1250000.00, 0, NULL, 0.00, 0.00),
(538, 'CEL XIAOMI 11 LITE 5G NEGRO 8GB Y 128', 2000000.00, 0, 0, 'GSM', NULL, 35, '1459', 0.00, 1, NULL, 2400000.00, 0, NULL, 0.00, 0.00),
(539, 'CEL XIAOMI 12 LITE 6 RAM Y 128 GB', 2400000.00, 0, 0, 'GSM', NULL, 35, '1460', 0.00, 1, NULL, 2700000.00, 0, NULL, 0.00, 0.00),
(540, 'CONSOLA PLEY 5 825GB HORIZON', 5000000.00, 0, 0, 'GSM', NULL, 49, '1461', 0.00, 1, NULL, 5800000.00, 0, NULL, 0.00, 0.00),
(541, 'LAVARROPAS MULLER 4KG', 420000.00, 0, 1, 'GSM', NULL, 49, '1462', 0.00, 1, NULL, 550000.00, 0, NULL, 0.00, 0.00),
(542, 'AHIRE SPLIT HAUSTEC 4500 FRIGORIA DE 18000 BTU', 3400000.00, 0, 0, 'trae tokio', NULL, 46, '1463', 0.00, 1, NULL, 3700000.00, 0, NULL, 0.00, 0.00),
(543, 'HELADERA GENERAL ELEXTRI AMERICANO 400 LITROS PLATEADO', 2900000.00, 0, 1, 'DE FLACO', NULL, 29, '1464', 0.00, 1, NULL, 3300000.00, 0, NULL, 0.00, 0.00),
(544, 'CEL SM CON TAPITA GT-E1272', 110000.00, 0, 0, 'GSM', NULL, 35, '1465', 0.00, 1, NULL, 180000.00, 0, NULL, 0.00, 0.00),
(545, 'CEL IPHONE 14 PRO MAX  128gb', 9000000.00, 0, 2, 'gsm', NULL, 45, '1466', 0.00, 1, NULL, 9500000.00, 0, NULL, 0.00, 0.00),
(546, 'VENTILADOR DE PIE USC 3 EN 1 ', 140000.00, 0, 5, '', NULL, 41, '1467', 0.00, 1, NULL, 180000.00, 0, NULL, 0.00, 0.00),
(547, 'X SAM J2 ', 300000.00, 0, 0, '', NULL, 35, '1468', 0.00, 1, NULL, 450000.00, 0, NULL, 0.00, 0.00),
(548, 'CARGADOR PORTATIL ECOPOWER 5200MAH', 29000.00, 0, 3, '', NULL, 49, '1469', 0.00, 1, NULL, 70000.00, 0, NULL, 0.00, 0.00),
(549, 'CARGADOR PORTATIL LUO 12000MAH', 60000.00, 0, 4, '', NULL, 49, '1470', 0.00, 1, NULL, 100000.00, 0, NULL, 0.00, 0.00),
(550, 'CARGADOR PORTATIL LUO 22000MAH', 77000.00, 0, 0, '', NULL, 49, '1471', 0.00, 1, NULL, 150000.00, 0, NULL, 0.00, 0.00),
(551, 'CARGADOR PORTATIL ECOPOWER 10000MAH', 43000.00, 0, 1, '', NULL, 49, '1472', 0.00, 1, NULL, 80000.00, 0, NULL, 0.00, 0.00),
(552, 'TELEFONO MEGA STAR FT308', 48000.00, 0, -1, '', NULL, 49, '1473', 0.00, 1, NULL, 80000.00, 0, NULL, 0.00, 0.00),
(553, 'CORTA PELO MEGA STAR GWE035', 90000.00, 0, 3, '', NULL, 49, '1474', 0.00, 1, NULL, 180000.00, 0, NULL, 0.00, 0.00),
(554, 'FIRE TV STICK 4K', 293000.00, 0, 0, '', NULL, 49, '1475', 0.00, 1, NULL, 450000.00, 0, NULL, 0.00, 0.00),
(555, 'FIRE TV STICK LITE ', 180000.00, 0, 3, '', NULL, 49, '1476', 0.00, 1, NULL, 250000.00, 0, NULL, 0.00, 0.00),
(556, 'TECLADO QUANTA ', 106000.00, 0, 4, '', NULL, 49, '1477', 0.00, 1, NULL, 150000.00, 0, NULL, 0.00, 0.00),
(557, 'TECLADO ECOPOWER', 33000.00, 0, 1, '', NULL, 49, '1478', 0.00, 1, NULL, 80000.00, 0, NULL, 0.00, 0.00),
(558, 'TECLADO MINI SATE ', 86000.00, 0, 3, '', NULL, 49, '1479', 0.00, 1, NULL, 150000.00, 0, NULL, 0.00, 0.00),
(559, 'RELOJ AMAZFIT BAND 7 ', 250000.00, 0, 0, '', NULL, 49, '1480', 0.00, 1, NULL, 350000.00, 0, NULL, 0.00, 0.00),
(560, 'CABLE AUXILIAR 2X1 AV ', 5000.00, 0, 9, '', NULL, 49, '1481', 0.00, 1, NULL, 20000.00, 0, NULL, 0.00, 0.00),
(561, 'RELOJ SMART LUO X24', 99000.00, 0, 0, '', NULL, 49, '1482', 0.00, 1, NULL, 150000.00, 0, NULL, 0.00, 0.00),
(562, 'CABLE ECOPOWER TIPO C A TIPO C', 8000.00, 0, 7, '', NULL, 49, '1483', 0.00, 1, NULL, 20000.00, 0, NULL, 0.00, 0.00),
(563, 'LICUADORA TOKIO JARRA METALICA  ', 295000.00, 0, 0, '', NULL, 49, '1484', 0.00, 1, NULL, 350000.00, 0, NULL, 0.00, 0.00),
(564, 'LICUADORA MONDIAL', 160000.00, 0, 0, '', NULL, 49, '1485', 0.00, 1, NULL, 230000.00, 0, NULL, 0.00, 0.00),
(565, 'LUCES LED SUNLIGHT', 350000.00, 0, 0, '', NULL, 49, '1486', 0.00, 1, NULL, 80000.00, 0, NULL, 0.00, 0.00),
(566, 'LICUADORA MAX TOKYO', 195000.00, 0, 1, '', NULL, 49, '1487', 0.00, 1, NULL, 250000.00, 0, NULL, 0.00, 0.00),
(567, 'VENTILADOR DE TECHO TOKYIO ', 240000.00, 0, 3, '', NULL, 42, '1488', 0.00, 1, NULL, 300000.00, 0, NULL, 0.00, 0.00),
(568, 'RELOJ XIAOMI bAND 6 ORIGINAL', 262000.00, 0, 0, '', NULL, 49, '1489', 0.00, 1, NULL, 350000.00, 0, NULL, 0.00, 0.00),
(569, 'LICUADORA ARNO DE 3 VELOCIDADES', 240000.00, 0, 2, '', NULL, 49, '1490', 0.00, 1, NULL, 340000.00, 0, NULL, 0.00, 0.00),
(570, 'LICUADORA ARNO DE 5 VELOCIDADES ', 270000.00, 0, 0, '', NULL, 49, '1491', 0.00, 1, NULL, 350000.00, 0, NULL, 0.00, 0.00),
(571, 'LICUADORA SPEEG', 210000.00, 0, 0, '', NULL, 49, '1492', 0.00, 1, NULL, 270000.00, 0, NULL, 0.00, 0.00),
(572, 'AHIRE SPLIT ELEXTROLUX 3000 FRIGORIA 12000 BTU', 2200000.00, 0, 3, 'AHIRE SPLIT ELEXTROLUX 3000 FRIGORIA 12000 BTU', NULL, 46, '1493', 0.00, 1, NULL, 2500000.00, 0, NULL, 0.00, 0.00),
(573, 'FRISER CONGELADOR 230 LITROS TOKIO', 2100000.00, 0, 1, '230 LITROS TOKIO PETI', NULL, 49, '1494', 0.00, 1, NULL, 2400000.00, 0, NULL, 0.00, 0.00),
(574, 'HELADERA GENIOUS RGP400FGRU', 4200000.00, 0, 0, '', NULL, 29, '1495', 0.00, 1, NULL, 4700000.00, NULL, NULL, 0.00, 0.00),
(576, 'LAVARROPA JAM A PALETA', 625000.00, 0, 0, '', NULL, 49, '1497', 0.00, 1, NULL, 700000.00, 0, NULL, 0.00, 0.00),
(577, 'TERMO TERMICA DE 18L', 80000.00, 0, -1, '', NULL, 49, '1498', 0.00, 1, NULL, 150000.00, NULL, NULL, 0.00, 0.00),
(578, 'AIRE JAMES 12.000 BTU', 2200000.00, 0, 0, '', NULL, 46, '1499', 0.00, 1, 31, 2300000.00, 0, NULL, 0.00, 0.00),
(579, 'CEL XIAOMI 11 LITE 5G NE 8/128', 2300000.00, 0, 1, 'DE TAMARA', NULL, 35, '1500', 0.00, 1, NULL, 2600000.00, 0, NULL, 0.00, 0.00),
(580, 'CEL MOTO E32S XT2229-2 3 RAM Y 32GB', 670000.00, 0, 0, 'TAMARA', NULL, 35, '1501', 0.00, 1, NULL, 800000.00, 0, NULL, 0.00, 0.00),
(581, 'PARLANTE PIONEER 6X9 650 WHAT', 360000.00, 0, 1, 'TOPO', NULL, 39, '1502', 0.00, 1, NULL, 450000.00, 0, NULL, 0.00, 0.00),
(582, 'CABLE USB NORMAL', 5000.00, 0, 5, '', NULL, 49, '1503', 0.00, 1, NULL, 15000.00, 0, NULL, 0.00, 0.00),
(583, 'NB HP I5 16 RAM Y 256 SSD', 3000000.00, 0, 0, 'DE CESAR', NULL, 49, '1504', 0.00, 1, NULL, 3800000.00, 0, NULL, 0.00, 0.00),
(584, 'NB ASUS VIVOBOOK I5 8GB 512', 2500000.00, 0, -1, 'DE CESA', NULL, 49, '1505', 0.00, 1, NULL, 3500000.00, 0, NULL, 0.00, 0.00),
(585, 'NB WIN 8 RAM Y 256GB I7 ', 2100000.00, 0, -1, 'DE CESAR', NULL, 49, '1506', 0.00, 1, NULL, 2900000.00, 0, NULL, 0.00, 0.00),
(586, 'NB HP 14 P 3050U 4GBY 128GB', 1800000.00, 0, 1, 'DE CESAR', NULL, 49, '1507', 0.00, 1, NULL, 2300000.00, 0, NULL, 0.00, 0.00),
(588, 'TABLETA GALAXI TAB E 16GB  ', 500000.00, 0, 0, '', NULL, 36, '1508', 0.00, 1, NULL, 700000.00, 0, NULL, 0.00, 0.00),
(590, 'TABLETA GALAXI TAB A DE 16GB ', 800000.00, 0, 0, '', NULL, 36, '1509', 0.00, 1, NULL, 1000000.00, 0, NULL, 0.00, 0.00),
(592, 'TABLETA GALAXI TAB A6', 500000.00, 0, -1, '', NULL, 36, '1510', 0.00, 1, NULL, 800000.00, NULL, NULL, 0.00, 0.00),
(594, 'XXX CEL IPHONE 11 128 GB 100%', 2800000.00, 0, 2, '', NULL, 45, '1512', 0.00, 1, 29, 3200000.00, 0, NULL, 0.00, 0.00),
(596, 'AURICULAR XIAOMI BUDS 3 LITE ', 98000.00, 0, 1, '', NULL, 51, '1513', 0.00, 1, NULL, 200000.00, 0, NULL, 0.00, 0.00),
(597, 'CEL XIAOMI POCO X4 PRO 5G8 Y 256GB', 2350000.00, 0, 0, '', NULL, 35, '1514', 0.00, 1, 26, 2800000.00, 0, NULL, 27.27, 0.00),
(599, 'RELOJ XIAOMI REDMI 2 LITE ', 320000.00, 0, 0, '', NULL, 49, '1515', 0.00, 1, NULL, 450000.00, 0, NULL, 0.00, 0.00),
(600, 'RELOJ SMART XIAOMI MI WATCH LITE BLUE', 280000.00, 0, 0, '', NULL, 49, '1516', 0.00, 1, NULL, 350000.00, 0, NULL, 0.00, 0.00),
(602, 'JBL XTREME 3 ', 1400000.00, 0, 0, '', NULL, 39, '1517', 0.00, 1, NULL, 1600000.00, 0, NULL, 0.00, 0.00),
(604, 'PLAYSTATION 5', 4500000.00, 0, 0, '', NULL, 49, '1518', 0.00, 1, NULL, 5500000.00, 0, NULL, 0.00, 0.00),
(606, 'X CEL IPHO 12 PRO MAX DE 128 GB ', 5500000.00, 0, 3, '', NULL, 45, '1519', 0.00, 1, 28, 6000000.00, 0, NULL, 0.00, 0.00),
(608, 'XBOX ', 2000000.00, 0, 1, '', NULL, 49, '1520', 0.00, 1, NULL, 2000000.00, 0, NULL, 0.00, 0.00),
(609, 'SPLID JAMES DE 18000 BTU', 3300000.00, 0, 4, '', NULL, 46, '1521', 0.00, 1, NULL, 3700000.00, 0, NULL, 0.00, 0.00),
(611, 'ahire split tokio 4500 frigoria de 18000btu', 3400000.00, 0, 1, 'traje de flaco', NULL, 46, '1522', 0.00, 1, NULL, 3800000.00, 0, NULL, 0.00, 0.00),
(617, 'PENDRIVE CON MUSICA', 25000.00, 0, 15, '', NULL, 43, '1523', 0.00, 1, NULL, 45000.00, 0, NULL, 0.00, 0.00),
(618, 'CARGADOR ECOPOWER CON DOS SALIDA', 12000.00, 0, -6, '', NULL, 51, '1524', 0.00, 1, NULL, 25000.00, NULL, NULL, 0.00, 0.00),
(619, 'CAMARA HIKVISION DE 1080P CON AUDIO', 200000.00, 0, 5, '', NULL, 49, '1525', 0.00, 1, NULL, 300000.00, 0, NULL, 0.00, 0.00),
(621, 'CAMARA HIKVISION DE 720P ', 90000.00, 0, 9, '', NULL, 49, '1526', 0.00, 1, NULL, 150000.00, 0, NULL, 0.00, 0.00),
(623, 'DVR HIKVISION 8 DE 7100 SERIES', 350000.00, 0, 9, '', NULL, 49, '1527', 0.00, 1, NULL, 500000.00, 0, NULL, 0.00, 0.00),
(626, 'DISCO 1 TB ', 250000.00, 0, 4, '', NULL, 49, '1528', 0.00, 1, NULL, 350000.00, 0, NULL, 0.00, 0.00),
(628, 'DISCO DE 500 GB', 170000.00, 0, 1, '', NULL, 49, '1529', 0.00, 1, NULL, 300000.00, 0, NULL, 0.00, 0.00),
(630, 'FUENTE DE 15AMPER', 120000.00, 0, 5, '', NULL, 49, '1530', 0.00, 1, NULL, 200000.00, 0, NULL, 0.00, 0.00),
(632, 'AMPLIFICADOR PRS 800 M-C', 1900000.00, 0, 1, '', NULL, 39, '1531', 0.00, 1, NULL, 2500000.00, 0, NULL, 0.00, 0.00),
(635, 'CARGADOR PARA IPHONE USB POWER ADAPTER ', 30000.00, 0, 4, '', NULL, 49, '1532', 0.00, 1, NULL, 80000.00, 0, NULL, 0.00, 0.00),
(638, 'ECOPOWER ANDROID EP-7008', 460000.00, 0, 0, '', NULL, 39, '1534', 0.00, 1, NULL, 580000.00, 0, NULL, 0.00, 0.00),
(640, 'AUTO RADIO AIWA AW-5444BT', 400000.00, 0, 0, '', NULL, 39, '1535', 0.00, 1, NULL, 550000.00, 0, NULL, 0.00, 0.00),
(644, 'PARLANTE JBL FLEX 3 DE 6\'', 160000.00, 0, -2, '', NULL, 39, '1536', 0.00, 1, NULL, 280000.00, 0, NULL, 0.00, 0.00),
(645, 'PARLANTE JBL FLEX 3 DE 6X9\'', 320000.00, 0, 1, '', NULL, 39, '1537', 0.00, 1, NULL, 450000.00, 0, NULL, 0.00, 0.00),
(647, 'RELOJ HAYLOU GST', 190000.00, 0, 1, '', NULL, 49, '1538', 0.00, 1, NULL, 280000.00, 0, NULL, 0.00, 0.00),
(649, 'RELOJ HAYLOU  RT', 250000.00, 0, -1, '', NULL, 49, '1539', 0.00, 1, NULL, 350000.00, 0, NULL, 0.00, 0.00),
(650, 'CORTA PELO GAMA GC542', 180000.00, 0, 0, '', NULL, 49, '1540', 0.00, 1, NULL, 250000.00, 0, NULL, 0.00, 0.00),
(653, 'CORTA PELO GAMA  GC544', 220000.00, 0, 0, '', NULL, 49, '1541', 0.00, 1, NULL, 350000.00, 0, NULL, 0.00, 0.00),
(654, 'CORTA PELO PHILIPS BT1230-14', 190000.00, 0, 1, '', NULL, 49, '1542', 0.00, 1, NULL, 300000.00, 0, NULL, 0.00, 0.00),
(656, 'CORTA PELO REMIGTON TODO EN UNO ', 190000.00, 0, 1, '', NULL, 49, '1543', 0.00, 1, NULL, 280000.00, 0, NULL, 0.00, 0.00),
(659, 'CORTA PELO REMIGTON M808A ', 185000.00, 0, 0, '', NULL, 49, '1544', 0.00, 1, NULL, 270000.00, 0, NULL, 0.00, 0.00),
(661, 'JBL GO 3', 250000.00, 0, 1, '', NULL, 49, '1545', 0.00, 1, NULL, 350000.00, 0, NULL, 0.00, 0.00),
(663, 'SOPORTE MULTI-SCENE ', 20000.00, 0, 2, '', NULL, 51, '15462', 0.00, 1, NULL, 60000.00, 0, NULL, 0.00, 0.00),
(665, 'SECA PELO GAMA BRILLANT ', 220000.00, 0, 0, '', NULL, 49, '1546', 0.00, 1, NULL, 300000.00, 0, NULL, 0.00, 0.00),
(668, 'SECA PELO GAMA MISTRALION ', 210000.00, 0, 0, '', NULL, 49, '1547', 0.00, 1, NULL, 320000.00, 0, NULL, 0.00, 0.00),
(669, 'SECA PELO GAMA DIVA', 290000.00, 0, 1, '', NULL, 49, '1548', 0.00, 1, NULL, 400000.00, 0, NULL, 0.00, 0.00),
(670, 'SECA PELO GAMA BLOOM ', 270000.00, 0, 1, '', NULL, 49, '1549', 0.00, 1, NULL, 380000.00, 0, NULL, 0.00, 0.00),
(672, 'SECA PELO GAMA KERASHINE ', 300000.00, 0, 1, '', NULL, 49, '1550', 0.00, 1, NULL, 400000.00, 0, NULL, 0.00, 0.00),
(674, 'SECA PELO REMIGTON ', 190000.00, 0, 0, '', NULL, 49, '1551', 0.00, 1, NULL, 280000.00, 0, NULL, 0.00, 0.00),
(679, 'PARLANTE ECOPOWER 203', 950000.00, 0, 1, '', NULL, 39, '1552', 0.00, 1, NULL, 1300000.00, 0, NULL, 0.00, 0.00),
(682, 'PARLANTE ECOPOWER 2203', 410000.00, 0, -1, '', NULL, 39, '1553', 0.00, 1, NULL, 550000.00, NULL, NULL, 0.00, 0.00),
(688, 'PALANTE ECOPOWER 1911', 1400000.00, 0, 0, '', NULL, 39, '1555', 0.00, 1, NULL, 1700000.00, 0, NULL, 0.00, 0.00),
(689, 'AUTO RADIO CARVISION ', 320000.00, 0, 1, '', NULL, 39, '1556', 0.00, 1, NULL, 450000.00, 0, NULL, 0.00, 0.00),
(692, 'PLAYSTATION 4', 2600000.00, 0, 1, '', NULL, 49, '1557', 0.00, 1, NULL, 3000000.00, 0, NULL, 0.00, 0.00),
(694, 'NB FTX 4 RAM Y 128 SSD', 1500000.00, 0, 1, 'DE CESAR 14 ', NULL, 50, '1558', 0.00, 1, NULL, 1900000.00, 0, NULL, 0.00, 0.00),
(695, 'NB HP 8 RAM 128GB SSD', 1600000.00, 0, 0, 'DE CESAR 15', NULL, 50, '1559', 0.00, 1, NULL, 1900000.00, 0, NULL, 0.00, 0.00),
(696, 'CEL SM A32 128GB', 1500000.00, 0, 0, 'DE CESAR', NULL, 35, '1560', 0.00, 1, NULL, 1800000.00, 0, NULL, 0.00, 0.00),
(697, 'X CEL SM 13 PRO 128 GB 100% BATERIA', 5600000.00, 0, 0, 'CESAR 354619647444610', NULL, 35, '1561', 0.00, 1, NULL, 6200000.00, 0, NULL, 0.00, 0.00),
(698, 'CEL XIA NOTE 11S 8RAM DE 128 ', 1350000.00, 0, 1, '', NULL, 35, '1562', 0.00, 1, NULL, 1650000.00, 0, NULL, 0.00, 0.00),
(701, 'TABLET IPRO KIT 7 4G 2 RAM ', 460000.00, 0, 3, '', NULL, 49, '1564', 0.00, 1, NULL, 650000.00, 0, NULL, 0.00, 0.00),
(705, 'TABLET AMAZON FIRE 7 KIDS ', 550000.00, 0, 1, '', NULL, 49, '1566', 0.00, 1, NULL, 800000.00, 0, NULL, 0.00, 0.00),
(708, 'DISCO EXTERNO 1TB ', 370000.00, 0, 0, '', NULL, 49, '1567', 0.00, 1, NULL, 480000.00, 0, NULL, 0.00, 0.00),
(709, 'CEL REDMI 10A', 620000.00, 0, 3, '', NULL, 49, '1568', 0.00, 1, NULL, 900000.00, 0, NULL, 0.00, 0.00),
(711, 'X CEL IPHONE 13 PRO MAX DE 256gb 96%', 6500000.00, 0, 0, 'patricel 4887\'4', NULL, 35, '1569', 0.00, 1, NULL, 7300000.00, 0, NULL, 0.00, 0.00),
(712, 'PILETA BESTWAY  4.678L ', 920000.00, 0, 2, '', NULL, 49, '1570', 0.00, 1, NULL, 1150000.00, 0, NULL, 0.00, 0.00),
(717, 'PILETA BESTWAY 6.473L ', 1030000.00, 0, 1, '', NULL, 49, '1571', 0.00, 1, NULL, 1230000.00, 0, NULL, 0.00, 0.00),
(720, 'XX CEL SAM A33 5G DE 128GB ', 1300000.00, 0, 1, '', NULL, 35, '1572', 0.00, 1, NULL, 1600000.00, 0, NULL, 0.00, 0.00),
(721, 'SAM S22PLUS 8 DE RAM 256GB', 6570000.00, 0, 1, 'CESAR 4522', NULL, 35, '1573', 0.00, 1, NULL, 6800000.00, 0, NULL, 0.00, 0.00),
(722, 'CEL XIAOMI 12 LITE 8 DE RAM 128GB', 2550000.00, 0, 0, 'DE GABRIEL', NULL, 35, '1574', 0.00, 1, NULL, 2800000.00, 0, NULL, 0.00, 0.00),
(723, 'TABLET KEEN 128 GB', 415000.00, 0, 1, '', NULL, 35, '1575', 0.00, 1, NULL, 620000.00, 0, NULL, 0.00, 0.00),
(724, 'TABLET KEEN DE 16GB', 250000.00, 0, 1, '', NULL, 35, '1576', 0.00, 1, NULL, 400000.00, 0, NULL, 0.00, 0.00),
(726, 'TETRI SUP', 90000.00, 0, 8, 'TETRI SUP', NULL, 49, '1577', 0.00, 1, NULL, 130000.00, 0, NULL, 0.00, 0.00),
(727, 'CEL POCO C31 4RAM 64GB', 700000.00, 0, 0, '', NULL, 49, '1578', 0.00, 1, NULL, 850000.00, 0, NULL, 0.00, 0.00),
(729, 'XXX CEL IPHONE 13 PRO DE 256GB 88%', 6000000.00, 0, 1, '', NULL, 49, '1579', 0.00, 1, NULL, 6500000.00, 0, NULL, 0.00, 0.00),
(732, 'CEL IPHONE 12 PRO MAX DE 256GB', 4400000.00, 0, 0, '', NULL, 49, '1580', 0.00, 1, NULL, 5500000.00, 0, NULL, 0.00, 0.00),
(735, ' XXX CEL IPHONE 12 DE 128GB 86-87-88-89%', 3500000.00, 0, 4, '', NULL, 45, '1581', 0.00, 1, NULL, 4000000.00, 0, NULL, 0.00, 0.00),
(745, 'X CEL IPHO 12 DE 128GB ', 4300000.00, 0, 0, '', NULL, 45, '1581', 0.00, 1, NULL, 5000000.00, NULL, NULL, 0.00, 0.00),
(748, 'X CEL IPHO 12 DE 128GB 100%', 4300000.00, 0, 1, '', NULL, 45, '1581', 0.00, 1, NULL, 5000000.00, 0, NULL, 0.00, 0.00),
(752, 'AURICULAR CAT EAR XY-205', 80000.00, 0, 0, '', NULL, 49, '1582', 0.00, 1, NULL, 150000.00, 0, NULL, 0.00, 0.00),
(756, 'AURICULAR WIRELESS P68', 80000.00, 0, 0, '', NULL, 49, '1583', 0.00, 1, NULL, 130000.00, 0, NULL, 0.00, 0.00),
(761, 'X CEL J4 DE 16GB', 350000.00, 0, -1, '', NULL, 35, '1584', 0.00, 1, NULL, 550000.00, 0, NULL, 0.00, 0.00),
(774, 'X CEL MI 10T LITE  ', 1050000.00, 0, 0, '', NULL, 35, '1586', 0.00, 1, NULL, 1350000.00, 0, NULL, 0.00, 0.00),
(777, 'X CEL XIA A1 ', 450000.00, 0, -1, '', NULL, 35, '1587', 0.00, 1, NULL, 550000.00, 0, NULL, 0.00, 0.00),
(783, 'NOTEBOOK HYUNDAI TECHNOLOGY', 1200000.00, 0, 0, '', NULL, 50, '1588', 0.00, 1, NULL, 1500000.00, 0, NULL, 0.00, 0.00),
(784, 'X CEL IPHO XS MAX DE 256GB 100% BC', 1000000.00, 0, 1, '', NULL, 45, '1589', 0.00, 1, NULL, 1200000.00, 0, NULL, 0.00, 0.00),
(788, 'X CEL IPHONE 12 PRO DE 128GB 100%', 4300000.00, 0, 1, '', NULL, 45, '1590', 0.00, 1, NULL, 4900000.00, 0, NULL, 0.00, 0.00),
(790, 'X CEL SAM S22 ULTRA DE 512 GB', 4500000.00, 0, 1, '', NULL, 35, '1591', 0.00, 1, NULL, 5000000.00, 0, NULL, 0.00, 0.00),
(797, 'CEL SAM S22 DE 256GB 8RAM', 5000000.00, 0, 1, '', NULL, 35, '1593', 0.00, 1, NULL, 5500000.00, 0, NULL, 0.00, 0.00),
(800, 'XX CEL SAM S21 FE 5G 128GB 8RAM ', 1700000.00, 0, 1, '', NULL, 35, '1594', 0.00, 1, NULL, 2300000.00, 0, NULL, 0.00, 0.00),
(801, 'AHIRE SPLIT HAUSTEC 3000 FRIGORIA DE 12000 BTU', 2100000.00, 0, -1, 'DE FLACO', NULL, 46, '1595', 0.00, 1, 32, 2300000.00, 0, NULL, 0.00, 0.00),
(808, 'CONTROL PARA PLAY 4 SEMI ', 95000.00, 0, 0, '', NULL, 49, '1597', 0.00, 1, NULL, 200000.00, 0, NULL, 0.00, 0.00),
(811, 'ANTENA COMUN ', 7000.00, 0, 4, '', NULL, 49, '1598', 0.00, 1, NULL, 25000.00, 0, NULL, 0.00, 0.00),
(815, 'ADAPTADOR USB A BLUETOOTH ', 30000.00, 0, 5, '', NULL, 51, '1599', 0.00, 1, NULL, 70000.00, 0, NULL, 0.00, 0.00),
(820, 'MOUSE  OPTICO SATE CON CABLE', 20000.00, 0, 3, '', NULL, 51, '1600', 0.00, 1, NULL, 50000.00, 0, NULL, 0.00, 0.00),
(822, 'CONTROL PARA PLAY 4 NEGRO ', 100000.00, 0, 9, '', NULL, 51, '1601', 0.00, 1, NULL, 180000.00, 0, NULL, 0.00, 0.00),
(825, 'CARGADOR SAMSUNG S20 TIPO C CAJA NEGRO', 30000.00, 0, 5, '', NULL, 49, '1602', 0.00, 1, NULL, 80000.00, 0, NULL, 0.00, 0.00),
(829, 'MOUSE INHALAMBRICO SATELLITE 72G', 35000.00, 0, 4, '', NULL, 51, '1603', 0.00, 1, NULL, 70000.00, 0, NULL, 0.00, 0.00),
(832, 'JARRA ELECTRICA GT ', 50000.00, 0, -2, '', NULL, 51, '1604', 0.00, 1, NULL, 75000.00, 0, NULL, 0.00, 0.00),
(835, 'CONTROL UNIVERSAL PARA AIRE ECOPOWER ', 26000.00, 0, 13, '', NULL, 51, '1596', 0.00, 1, NULL, 70000.00, 0, NULL, 0.00, 0.00),
(836, 'PRO KIT PARA PLAY 5', 350000.00, 0, 1, '', NULL, 49, '1605', 0.00, 1, NULL, 500000.00, 0, NULL, 0.00, 0.00),
(839, 'PIPOQUERA  PARA HACER POROROTOKIO ', 220000.00, 0, 2, '', NULL, 49, '1606', 0.00, 1, NULL, 280000.00, 0, NULL, 0.00, 0.00),
(841, 'FREIDORA OLLA REDONDA  JAFFY LE CHEF ', 75000.00, 0, 1, '', NULL, 49, '1607', 0.00, 1, NULL, 150000.00, 0, NULL, 0.00, 0.00),
(845, 'esterio sony   A 410 BT', 530000.00, 0, 0, 'SONY', NULL, 49, '1608', 0.00, 1, NULL, 700000.00, 0, NULL, 0.00, 0.00),
(846, 'ESTERIO SONY N4300 BT', 680000.00, 0, 1, 'TOPO', NULL, 49, '1609', 0.00, 1, NULL, 850000.00, 0, NULL, 0.00, 0.00),
(847, 'PARLANTE PIONER 6X9 450 WHAT', 300000.00, 0, -1, 'TS A6967S', NULL, 49, '1610', 0.00, 1, NULL, 400000.00, 0, NULL, 0.00, 0.00),
(849, ' JBL GO 2', 200000.00, 0, 0, 'TOPO', NULL, 49, '1612', 0.00, 1, NULL, 280000.00, 0, NULL, 0.00, 0.00),
(850, 'SINTONISADOR FM', 20000.00, 0, 7, 'TOPO', NULL, 49, '1613', 0.00, 1, NULL, 100000.00, 0, NULL, 0.00, 0.00),
(851, 'FREIDORA TOKIO 3.5 LITROS 1400 WHAT', 450000.00, 0, 0, 'TOPO', NULL, 49, '1614', 0.00, 1, NULL, 600000.00, 0, NULL, 0.00, 0.00),
(855, 'ASPIRADORA TOKIO 30 LITROS', 700000.00, 0, -3, 'TOPO', NULL, 49, '1616', 0.00, 1, NULL, 850000.00, NULL, NULL, 0.00, 0.00),
(856, 'HELADERA TOKYO CON DISPENCER DE 420 LITROS', 3300000.00, 0, 2, 'TOPO', NULL, 49, '1617', 0.00, 1, NULL, 3700000.00, 0, NULL, 0.00, 0.00),
(857, 'MICROONDAS TOKIO 20 LITROS', 500000.00, 0, 1, 'TOPO', NULL, 49, '1618', 0.00, 1, NULL, 700000.00, 0, NULL, 0.00, 0.00),
(859, 'CABLE ECOPOWER TIPO C A USB ', 5000.00, 0, 20, '', NULL, 49, '1619', 0.00, 1, NULL, 20000.00, 0, NULL, 0.00, 0.00),
(861, 'CONTROL ECOPOWER.TV-LCD-SMART EP-8610 ', 18000.00, 0, 5, '', NULL, 49, '1620', 0.00, 1, NULL, 50000.00, 0, NULL, 0.00, 0.00),
(864, 'CONTROL UNIVERSAL PARA TV ECOPOWER EP-8615= EP=8611', 22000.00, 0, 15, '', NULL, 49, '1621', 0.00, 1, NULL, 50000.00, 0, NULL, 0.00, 0.00),
(865, 'MODEN RUTER TP-LINK TL-WR840N', 150000.00, 0, -2, '', NULL, 49, '1622', 0.00, 1, NULL, 200000.00, 0, NULL, 0.00, 0.00),
(868, 'REPETIDOR DE SINAL WI-FI 300 MBPS TP-LINK ', 120000.00, 0, 0, '', NULL, 49, '1623', 0.00, 1, NULL, 200000.00, 0, NULL, 0.00, 0.00),
(869, 'REPETIDOR DE SINAL WI-FI CON ANTENA TL-WA855RE', 130000.00, 0, 0, '', NULL, 49, '1624', 0.00, 1, NULL, 220000.00, 0, NULL, 0.00, 0.00),
(870, 'CARGADOR UNIVERSAL PARA COMPUTADORA ', 90000.00, 0, 7, '', NULL, 49, '1625', 0.00, 1, NULL, 140000.00, 0, NULL, 0.00, 0.00),
(871, 'COCINA A GAS JAM EVA TOP GLAS 5HB NEGRO O CON LUZ EN EL HORNO ', 1500000.00, 0, 5, '', NULL, 28, '1626', 0.00, 1, NULL, 1700000.00, 0, NULL, 0.00, 0.00),
(873, 'SECADOR NEGRO MEGA STAR SC226', 87000.00, 0, 0, '', NULL, 49, '1627', 0.00, 1, NULL, 150000.00, 0, NULL, 0.00, 0.00),
(874, 'IMPRESORA EPSON L3210', 1300000.00, 0, 3, '', NULL, 49, '1628', 0.00, 1, NULL, 1600000.00, 0, NULL, 0.00, 0.00),
(875, 'IMPRESORA EPSON CON WIFI L3250', 1500000.00, 0, 3, '', NULL, 49, '1629', 0.00, 1, NULL, 1800000.00, 0, NULL, 0.00, 0.00),
(878, 'HIDROLAVADORA MEGA STAR 105BAR 220V 1400W', 425000.00, 0, 3, '', NULL, 49, '1630', 0.00, 1, NULL, 600000.00, 0, NULL, 0.00, 0.00),
(880, 'VENTILADOR DE TECHO MEGA STAR 5 VELOCIDADES MOTOR PESADO ', 165000.00, 0, 4, '', NULL, 49, '1631', 0.00, 1, NULL, 250000.00, 0, NULL, 0.00, 0.00),
(883, 'VENTILADOR DE PISO MEGA STAR DE 3 VELOCIDADES ', 130000.00, 0, 4, '', NULL, 49, '1632', 0.00, 1, NULL, 180000.00, 0, NULL, 0.00, 0.00),
(884, 'PLAY 4 SIN CAJA  ', 1700000.00, 0, 1, '', NULL, 49, '1633', 0.00, 1, NULL, 1900000.00, 0, NULL, 0.00, 0.00),
(885, 'S 20 FE 5G', 2800000.00, 0, 1, '', NULL, 35, '1634', 0.00, 1, NULL, 3100000.00, 0, NULL, 0.00, 0.00),
(887, 'OLLA ELECTRICA MOX', 165000.00, 0, 4, '', NULL, 49, '1635', 0.00, 1, NULL, 250000.00, 0, NULL, 0.00, 0.00),
(889, 'PLACA INFRA ROJO  BIG STAR ', 165000.00, 0, 0, '', NULL, 49, '1636', 0.00, 1, NULL, 220000.00, 0, NULL, 0.00, 0.00),
(891, 'AURICULAR MEGA STAR INALAMBRICO', 85000.00, 0, 2, '', NULL, 49, '1637', 0.00, 1, NULL, 150000.00, 0, NULL, 0.00, 0.00),
(892, 'PLANCHITA GAMA PROFESSIONAL ', 300000.00, 0, 0, '', NULL, 49, '1638', 0.00, 1, NULL, 350000.00, 0, NULL, 0.00, 0.00),
(893, 'IPHONE 13 NORMAL DE 128gb LACRADO', 5650000.00, 0, 0, '', NULL, 45, '1639', 0.00, 1, NULL, 6200000.00, 0, NULL, 0.00, 0.00),
(895, 'PROYECTOR BEN SIN CAJA ', 1000000.00, 0, 1, '', NULL, 49, '1640', 0.00, 1, NULL, 1200000.00, 0, NULL, 0.00, 0.00),
(898, 'X TABLET TAB A7 LITE  DE 32 GB', 900000.00, 0, 1, '', NULL, 36, '1642', 0.00, 1, NULL, 1100000.00, 0, NULL, 0.00, 0.00),
(899, 'X CEL SAM NOTE 8 DE 64 GB', 1000000.00, 0, 0, '', NULL, 35, '1643', 0.00, 1, NULL, 1200000.00, 0, NULL, 0.00, 0.00),
(905, 'AHIRE SPLIT MIDAS 24000 BTU ', 4350000.00, 0, 1, '', NULL, 46, '1645', 0.00, 1, NULL, 4700000.00, 0, NULL, 0.00, 0.00),
(908, 'PURIFICADOR TOKIO DE 5 HORNALLA', 700000.00, 0, 3, '', NULL, 49, '1646', 0.00, 1, NULL, 850000.00, 0, NULL, 0.00, 0.00),
(909, 'AHIRE SPLIT CARRIER DE 3000 FRIGORIAS DE 12000 BTU', 2300000.00, 0, -2, 'TRAJO OSCAR FLACO', NULL, 46, '1647', 0.00, 1, NULL, 2450000.00, 0, NULL, 0.00, 0.00),
(911, 'parlante para auto  mega sonic', 120000.00, 0, 4, '', NULL, 49, '1718', 0.00, 1, NULL, 180000.00, 0, NULL, 0.00, 0.00),
(912, 'secador de pelo gama diva ceramic ', 340000.00, 0, -1, '', NULL, 49, '1719', 0.00, 1, NULL, 450000.00, 0, NULL, 0.00, 0.00),
(913, 'SECA PELO GAMA SALON ', 340000.00, 0, 1, '', NULL, 49, '1720', 0.00, 1, NULL, 450000.00, 0, NULL, 0.00, 0.00),
(914, 'SECA PELO GAMA LEGGERO', 370000.00, 0, 0, '', NULL, 49, '1721', 0.00, 1, NULL, 480000.00, 0, NULL, 0.00, 0.00),
(915, 'BALANZA PERSONAL SCALES ', 100000.00, 0, 2, '', NULL, 49, '1722', 0.00, 1, NULL, 200000.00, 0, NULL, 0.00, 0.00),
(916, 'TV TOKIO 50 PULGADAS 4K WEBOS ', 2300000.00, 0, 0, 'COMPRE DE GUARANI', NULL, 49, '1723', 0.00, 1, NULL, 2800000.00, 0, NULL, 0.00, 0.00),
(917, 'HELADERA TOKYO 350 LITROS', 2200000.00, 0, 2, 'De topo', NULL, 49, '1724', 0.00, 1, NULL, 2600000.00, 0, NULL, 0.00, 0.00),
(918, 'S 21 ULTRA ', 4000000.00, 0, 0, '', NULL, 35, '1725', 0.00, 1, NULL, 4500000.00, 0, NULL, 0.00, 0.00),
(919, 'S 22 PLUS DE 256GB ', 3800000.00, 0, 2, '', NULL, 35, '1726', 0.00, 1, NULL, 4500000.00, 0, NULL, 0.00, 0.00),
(920, 'REDMI NOTE 9 3RAM 64GB', 1000000.00, 0, -1, '', NULL, 49, '1727', 0.00, 1, NULL, 1100000.00, NULL, NULL, 0.00, 0.00),
(921, 'REDMI NOTE 9 3RAM 64GB', 1000000.00, 0, 1, '', NULL, 49, '1727', 0.00, 1, NULL, 1100000.00, 0, NULL, 0.00, 0.00),
(922, 'CARGADOR ORIGINAL TIPO C INOVA', 12000.00, 0, 129, '', NULL, 49, '1728', 0.00, 1, NULL, 30000.00, 0, NULL, 0.00, 0.00),
(923, 'BALANZA WEBSTAR', 150000.00, 0, 0, '', NULL, 49, '1729', 0.00, 1, NULL, 220000.00, 0, NULL, 0.00, 0.00),
(924, 'TERMITO FLIP', 145000.00, 0, 5, '', NULL, 49, '1730', 0.00, 1, NULL, 200000.00, 0, NULL, 0.00, 0.00),
(925, 'RADIO PORTATIL VESTAX VT D1', 200000.00, 0, 0, 'PARLANTE PORTATIL ', NULL, 49, '1731', 0.00, 1, NULL, 280000.00, 0, NULL, 0.00, 0.00),
(930, 'AIRE HISENSE DE 12000BTU', 1900000.00, 0, 4, '', NULL, 46, '1732', 0.00, 1, NULL, 2100000.00, 0, NULL, 0.00, 0.00),
(931, 'XXX IPHONE 12 PRO DE 128GB 89%', 3750000.00, 0, 1, '', NULL, 35, '1733', 0.00, 1, NULL, 4300000.00, 0, NULL, 0.00, 0.00),
(932, 'XX SAM  A52 DE 128GB', 1300000.00, 0, 2, '', NULL, 35, '1734', 0.00, 1, NULL, 1600000.00, 0, NULL, 0.00, 0.00),
(933, 'XX SAM A53 5G DE 128BG', 1600000.00, 0, 1, '', NULL, 35, '1735', 0.00, 1, NULL, 1900000.00, 0, NULL, 0.00, 0.00),
(934, 'JBL FLIP 6 ', 560000.00, 0, 2, '', NULL, 39, '1736', 0.00, 1, 26, 750000.00, 0, NULL, 20.12, 0.00),
(935, 'VENTILADOR INDUSTRIAL HDK  DE PIE ', 360000.00, 0, 2, '', NULL, 41, '1737', 0.00, 1, NULL, 500000.00, 0, NULL, 0.00, 0.00),
(939, 'XXX CEL IPHONE 12 PRO 128GB 100%', 4000000.00, 0, 1, '', NULL, 45, '1738', 0.00, 1, NULL, 4500000.00, 0, NULL, 0.00, 0.00),
(940, 'PROCESADORA DE JUGO PHILIPS ', 500000.00, 0, 1, '', NULL, 28, '1739', 0.00, 1, NULL, 6000000.00, 0, NULL, 0.00, 0.00),
(942, 'XX CEL SAM A72 DE 128 GB ', 1300000.00, 0, 1, '', NULL, 35, '1740', 0.00, 1, NULL, 1600000.00, 0, NULL, 0.00, 0.00),
(944, 'CEL NOKIA G20 DE 128GB ', 820000.00, 0, -2, '', NULL, 35, '1741', 0.00, 1, NULL, 1000000.00, NULL, NULL, 0.00, 0.00),
(945, 'X CEL IPHONE 64 GB 82%', 2500000.00, 0, -1, 'DE OCTABIO X 22', NULL, 45, '1742', 0.00, 1, NULL, 2800000.00, NULL, NULL, 0.00, 0.00),
(946, 'X CEL IPHONE 64 GB 82%', 2500000.00, 0, 0, 'DE OCTABIO X 22', NULL, 45, '1742', 0.00, 1, NULL, 2800000.00, NULL, NULL, 0.00, 0.00),
(947, 'X CEL IPHONE 64 GB 82%', 2500000.00, 0, 0, 'DE OCTABIO X 22', NULL, 45, '1742', 0.00, 1, NULL, 2800000.00, NULL, NULL, 0.00, 0.00),
(948, 'S 22 ULTA DE 256GB ', 5800000.00, 0, 0, '', NULL, 35, '1743', 0.00, 1, NULL, 6300000.00, 0, NULL, 0.00, 0.00),
(951, 'MICROONDAS ELECTROLUX DE 20 LITROS ', 550000.00, 0, 0, '', NULL, 28, '1744', 0.00, 1, NULL, 750000.00, 0, NULL, 0.00, 0.00),
(953, 'CARGADOR PARA IPHONE ORIGINAL DE 50W', 80000.00, 0, 11, '', NULL, 49, '1745', 0.00, 1, NULL, 150000.00, 0, NULL, 0.00, 0.00),
(955, 'CARGADOR PARA IPHONE DE 25W', 60000.00, 0, 9, '', NULL, 49, '1746', 0.00, 1, NULL, 100000.00, 0, NULL, 0.00, 0.00),
(956, 'NOTEBOOK HP BLANCO ', 550000.00, 0, 0, '', NULL, 50, '1747', 0.00, 1, NULL, 750000.00, 0, NULL, 0.00, 0.00),
(960, 'MICROFONO SHURE  MULTI-PURPOSE  ', 260000.00, 0, 1, '', NULL, 39, '1748', 0.00, 1, NULL, 360000.00, 0, NULL, 0.00, 0.00),
(962, 'HORNO JAM DE 42 LITROS', 600000.00, 0, 3, '', NULL, 40, '1749', 0.00, 1, NULL, 750000.00, 0, NULL, 0.00, 0.00),
(964, 'AHIRE SPLIT TOKIO DE 18.000 BTU 4.500 FRIGORIA   ', 3400000.00, 0, 0, '', NULL, 46, '1750', 0.00, 1, NULL, 3700000.00, 0, NULL, 0.00, 0.00),
(966, 'JBL FLIP ESSENTIAL2', 550000.00, 0, 0, '', NULL, 49, '1751', 0.00, 1, NULL, 700000.00, 0, NULL, 0.00, 0.00),
(967, 'VENTILADOR INDUSTRIAL TOKYO ', 580000.00, 0, 1, '', NULL, 47, '1752', 0.00, 1, NULL, 750000.00, 0, NULL, 0.00, 0.00),
(968, 'CEL IPHONE 14 PRO DE 256GB', 7900000.00, 0, 2, '', NULL, 45, '1753', 0.00, 1, NULL, 8500000.00, 0, NULL, 0.00, 0.00),
(969, 'XXX CEL IPHONE 14 NORMAL DE 128GB 98%', 5000000.00, 0, 0, '', NULL, 45, '1754', 0.00, 1, NULL, 5500000.00, 0, NULL, 0.00, 0.00),
(970, 'Z FLIP 4 DE 256GB 4RAM ', 4200000.00, 0, 1, '', NULL, 35, '1755', 0.00, 1, NULL, 4700000.00, 0, NULL, 0.00, 0.00),
(972, 'SECA PELO HAIRLISS PRO', 350000.00, 0, 10, '', NULL, 49, '1757', 0.00, 1, NULL, 450000.00, 0, NULL, 0.00, 0.00),
(973, 'PLANCHITA BABYLISS PRO', 300000.00, 0, 5, '', NULL, 49, '1758', 0.00, 1, NULL, 400000.00, 0, NULL, 0.00, 0.00),
(974, 'AFEITADORA 3 EN 1 DALING', 150000.00, 0, 4, '', NULL, 49, '1759', 0.00, 1, NULL, 250000.00, 0, NULL, 0.00, 0.00),
(975, 'DISPENCER JAM CON MOTOR ', 900000.00, 0, -3, '', NULL, 49, '1760', 0.00, 1, NULL, 1100000.00, 0, NULL, 0.00, 0.00),
(998, 'X CEL A20S DE DE 32GB ', 600000.00, 0, 1, '', NULL, 35, '1761', 0.00, 1, NULL, 750000.00, 0, NULL, 0.00, 0.00),
(1000, 'Split Electrolux  de 6000frigoria 24000 btu', 4450000.00, 0, -1, 'Traje de Enrique', NULL, 46, '1762', 0.00, 1, NULL, 4800000.00, NULL, NULL, 0.00, 0.00),
(1001, 'HELADERA ELECTROLUX DE 350L', 2300000.00, 0, 1, '', NULL, 29, '1763', 0.00, 1, NULL, 2600000.00, 0, NULL, 0.00, 0.00),
(1002, 'AHIRE SPLIT ELECTROLUX DE 6000F 24000BTU', 4450000.00, 0, 1, '', NULL, 49, '1764', 0.00, 1, NULL, 4800000.00, 0, NULL, 0.00, 0.00),
(1004, 'XXX IPHONE XS DE 64GB 98%', 1600000.00, 0, 0, '', NULL, 45, '1766', 0.00, 1, NULL, 2000000.00, 0, NULL, 0.00, 0.00),
(1005, 'XX GALAXY  TAB A7 DE 64GB 3RAM CON CHIP', 1100000.00, 0, 1, '', NULL, 36, '1767', 0.00, 1, NULL, 1500000.00, 0, NULL, 0.00, 0.00),
(1006, 'IPAD (SEXTA GENERACION) DE 128GB ', 1400000.00, 0, 1, '', NULL, 45, '1768', 0.00, 1, NULL, 1800000.00, 0, NULL, 0.00, 0.00),
(1007, 'XX GALAXY TAB A7 LITE DE 32GB ', 800000.00, 0, 1, '', NULL, 36, '1769', 0.00, 1, NULL, 1200000.00, 0, NULL, 0.00, 0.00),
(1008, 'NOTEBOOK HP CORE I,5 DE 237GB 8RAM ', 2000000.00, 0, 1, '', NULL, 50, '1770', 0.00, 1, NULL, 2500000.00, 0, NULL, 0.00, 0.00),
(1010, 'HIDROLAVADORA MICHELIN', 785000.00, 0, 0, '', NULL, 49, '1772', 0.00, 1, NULL, 1000000.00, 0, NULL, 0.00, 0.00),
(1011, 'ASPIRADORA TOKYO COMPACT FORTE 2 DE 30 LITROS ', 715000.00, 0, 1, '', NULL, 49, '1773', 0.00, 1, NULL, 950000.00, 0, NULL, 0.00, 0.00),
(1012, 'PARLANTE ECOPOWER EP-1912', 1000000.00, 0, 0, '', NULL, 39, '1774', 0.00, 1, NULL, 1300000.00, 0, NULL, 0.00, 0.00),
(1013, 'PARLANTE ECOPOWER EP-S110', 650000.00, 0, 0, '', NULL, 39, '1775', 0.00, 1, NULL, 850000.00, 0, NULL, 0.00, 0.00),
(1014, 'CALCULADORA CINTIFICA 82PLUS', 110000.00, 0, 0, '', NULL, 49, '1776', 0.00, 1, NULL, 150000.00, 0, NULL, 0.00, 0.00),
(1015, 'FOCO CAMARA ROBOTICA ', 90000.00, 0, 5, '', NULL, 49, '1777', 0.00, 1, NULL, 250000.00, 0, NULL, 0.00, 0.00),
(1016, 'PLANCHA SECA SOLIDA TOKYO', 90000.00, 0, 0, '', NULL, 49, '1778', 0.00, 1, NULL, 150000.00, 0, NULL, 0.00, 0.00),
(1017, 'RADIO ECOPOWER EP-F10B', 80000.00, 0, 3, '', NULL, 39, '1779', 0.00, 1, NULL, 150000.00, 0, NULL, 0.00, 0.00),
(1018, 'RADIO ECOPOWER EP-F91B', 90000.00, 0, 2, '', NULL, 39, '1780', 0.00, 1, NULL, 160000.00, 0, NULL, 0.00, 0.00),
(1019, 'TERMOMETRO TOKYO ', 25000.00, 0, 0, '', NULL, 49, '1781', 0.00, 1, NULL, 50000.00, NULL, NULL, 0.00, 0.00),
(1020, 'PARLANTE ECOPOWER EP-6101', 110000.00, 0, 0, '', NULL, 39, '1782', 0.00, 1, NULL, 200000.00, 0, NULL, 0.00, 0.00),
(1021, 'PARLANTE PIONEER 6/12 DE 280W', 190000.00, 0, 0, '', NULL, 39, '1783', 0.00, 1, NULL, 280000.00, 0, NULL, 0.00, 0.00),
(1023, 'FREIDORA TOKYO SIN CAJA', 250000.00, 0, 0, '', NULL, 49, '1785', 0.00, 1, NULL, 400000.00, 0, NULL, 0.00, 0.00),
(1024, 'CEL XIA NOTE 11 DE 64GB 4RAM ', 1150000.00, 0, 0, '', NULL, 35, '1786', 0.00, 1, NULL, 1450000.00, 0, NULL, 0.00, 0.00),
(1025, 'CEL IPHONE 14 PRO MAX DE 256GB ', 9000000.00, 0, 1, '', NULL, 45, '1787', 0.00, 1, NULL, 10000000.00, 0, NULL, 0.00, 0.00),
(1026, 'CEL CAMON 19 DE 128GB', 1200000.00, 0, 1, '', NULL, 35, '1788', 0.00, 1, NULL, 1500000.00, 0, NULL, 0.00, 0.00),
(1027, 'XXX IPHONE 12 MINI DE 128GB 84%', 2800000.00, 0, 0, '', NULL, 45, '1789', 0.00, 1, NULL, 3200000.00, 0, NULL, 0.00, 0.00),
(1028, 'X A32 DE 128GB SOLO PARA TIGO', 850000.00, 0, 1, '', NULL, 35, '1790', 0.00, 1, NULL, 1000000.00, 0, NULL, 0.00, 0.00),
(1029, 'TV  JVC DE 55\'\' 4K', 3300000.00, 0, 1, '', NULL, 37, '1791', 0.00, 1, NULL, 3700000.00, 0, NULL, 0.00, 0.00),
(1031, 'TV JVC DE 43\'\' FULL HD ', 1750000.00, 0, 1, '', NULL, 37, '1792', 0.00, 1, NULL, 2100000.00, 0, NULL, 0.00, 0.00),
(1032, 'XXX CEL IPHONE 11 DE 128GB 99%', 2800000.00, 0, 1, '', NULL, 45, '1793', 0.00, 1, NULL, 3200000.00, 0, NULL, 0.00, 0.00),
(1034, 'XXX CEL IPHONE 12 PRO DE 128GB 84%', 4300000.00, 0, 1, '', NULL, 45, '1795', 0.00, 1, NULL, 4700000.00, 0, NULL, 0.00, 0.00),
(1036, 'X CEL XIA NOTE 8 DE 64GB ', 700000.00, 0, 1, '', NULL, 35, '1797', 0.00, 1, NULL, 900000.00, 0, NULL, 0.00, 0.00),
(1037, 'X OPPO DE 64GB ', 700000.00, 0, 0, '', NULL, 35, '1798', 0.00, 1, NULL, 900000.00, 0, NULL, 0.00, 0.00),
(1038, 'XX CEL XIA REDMI 10 DE 32GB ', 600000.00, 0, 0, '', NULL, 35, '1799', 0.00, 1, NULL, 800000.00, 0, NULL, 0.00, 0.00),
(1039, 'COCINA ANAFE TOKYO DE 4 HORNALLAS ', 780000.00, 0, 1, '', NULL, 49, '1800', 0.00, 1, NULL, 950000.00, 0, NULL, 0.00, 0.00),
(1040, 'CENTRIFUGADORA TOKIO DE 15 KG', 550000.00, 0, 4, 'DE FLACO DE V15 KG', NULL, 49, '1801', 0.00, 1, NULL, 800.00, 0, NULL, 0.00, 0.00),
(1041, 'COCINA REALCE DE 4  HORNALLA', 550000.00, 0, -1, '', NULL, 28, '1802', 0.00, 1, NULL, 700000.00, NULL, NULL, 0.00, 0.00),
(1042, 'XXX IPHONE 13 PRO DE 512gb 92%', 6200000.00, 0, 2, '', NULL, 45, '1803', 0.00, 1, NULL, 6700000.00, 0, NULL, 0.00, 0.00),
(1043, 'XXX IPHONE XR DE 256GB 95%', 1800000.00, 0, 1, '', NULL, 45, '1804', 0.00, 1, NULL, 2100000.00, 0, NULL, 0.00, 0.00),
(1044, 'XXX CEL SM A71 DE 128GB ', 1000000.00, 0, 1, '', NULL, 35, '1805', 0.00, 1, NULL, 1200000.00, 0, NULL, 0.00, 0.00),
(1045, 'X CEL J6 DE 32GB ', 350000.00, 0, -1, '', NULL, 35, '1806', 0.00, 1, NULL, 450000.00, NULL, NULL, 0.00, 0.00),
(1046, 'XX CEL A10S DE 32GB ', 350000.00, 0, 1, '', NULL, 35, '1807', 0.00, 1, NULL, 500000.00, 0, NULL, 0.00, 0.00),
(1047, 'XXX CEL IPHONE 6S DE 64GB 79%', 800000.00, 0, -1, '', NULL, 45, '1808', 0.00, 1, NULL, 900000.00, 0, NULL, 0.00, 0.00),
(1048, 'XX CEL SM A21S DE 32GB ', 650000.00, 0, 1, '', NULL, 35, '1809', 0.00, 1, NULL, 800000.00, 0, NULL, 0.00, 0.00),
(1049, 'OTG TIPO C ECOPOWER ', 4500.00, 0, 9, '', NULL, 49, '1810', 0.00, 1, NULL, 15000.00, 0, NULL, 0.00, 0.00),
(1050, 'OTG MICRO ECOPOWER ', 5500.00, 0, 9, '', NULL, 49, '1811', 0.00, 1, NULL, 15000.00, 0, NULL, 0.00, 0.00),
(1051, 'PENDRIVE DE 8GB SANDISK', 18000.00, 0, 10, '', NULL, 49, '1812', 0.00, 1, NULL, 35000.00, 0, NULL, 0.00, 0.00),
(1052, 'MEMORIA DE 64GB ULTRA ', 34000.00, 0, 7, '', NULL, 44, '1813', 0.00, 1, NULL, 65000.00, 0, NULL, 0.00, 0.00),
(1053, 'PENDRIVE DE 64GB SANDISK CHICO', 30000.00, 0, 3, '', NULL, 43, '1814', 0.00, 1, NULL, 60000.00, 0, NULL, 0.00, 0.00),
(1054, 'CARGADOR DE 15VOL 2PUNTAS ', 12000.00, 0, -4, '', NULL, 49, '1815', 0.00, 1, NULL, 30000.00, NULL, NULL, 0.00, 0.00),
(1055, 'SOPORTE PARA AUTO ', 13000.00, 0, 5, '', NULL, 49, '1816', 0.00, 1, NULL, 50000.00, 0, NULL, 0.00, 0.00),
(1056, 'CARGADOR TIPO C PARA AUTO ', 15000.00, 0, 10, '', NULL, 49, '1817', 0.00, 1, NULL, 25000.00, 0, NULL, 0.00, 0.00),
(1057, 'CEL IPHONE 14 PLUS DE 128GB ', 7000000.00, 0, 0, '', NULL, 45, '1818', 0.00, 1, NULL, 7500000.00, 0, NULL, 0.00, 0.00),
(1058, 'XX CEL J7 PRIME2 DE 32GB ', 400000.00, 0, 0, '', NULL, 35, '1819', 0.00, 1, NULL, 500000.00, 0, NULL, 0.00, 0.00),
(1059, 'XX CEL M02 DE 32GB', 400000.00, 0, 0, '', NULL, 35, '1820', 0.00, 1, NULL, 500000.00, 0, NULL, 0.00, 0.00),
(1061, 'CEL SAMSUNG M13 DE 128GB ', 900000.00, 0, 1, '', NULL, 35, '1821', 0.00, 1, NULL, 1100000.00, 0, NULL, 0.00, 0.00),
(1062, 'SOPORTE PARA TELE MEGASONIC DE 32\'\'  75\'\'', 220000.00, 0, 1, '', NULL, 37, '1822', 0.00, 1, NULL, 320000.00, 0, NULL, 0.00, 0.00),
(1065, 'DVR HIKVISION 16 CANALES ', 550000.00, 0, 2, '', NULL, 49, '1823', 0.00, 1, NULL, 700000.00, 0, NULL, 0.00, 0.00),
(1066, 'SOPORTE PARA TV UNIVERSAL DE 14\'\' A 39\'\'', 40000.00, 0, 5, '', NULL, 49, '1824', 0.00, 1, NULL, 80000.00, 0, NULL, 0.00, 0.00),
(1067, 'CEL A13 DE 128GB ', 1200000.00, 0, 0, '', NULL, 35, '1825', 0.00, 1, NULL, 1500000.00, 0, NULL, 0.00, 0.00),
(1068, 'PLANCHA DE AMBURGUESA ', 650000.00, 0, 1, '', NULL, 49, '1826', 0.00, 1, NULL, 800000.00, 0, NULL, 0.00, 0.00),
(1069, 'CAMARA A COLOR HIK VISION', 170000.00, 0, 5, '', NULL, 49, '1827', 0.00, 1, NULL, 300000.00, 0, NULL, 0.00, 0.00),
(1070, 'CEL SAMSUNG Z FLIP 4', 4400000.00, 0, 1, '', NULL, 49, '1828', 0.00, 1, NULL, 4800000.00, 0, NULL, 0.00, 0.00),
(1071, 'CABLE HDMI 30M', 120000.00, 0, 3, '', NULL, 49, '1829', 0.00, 1, NULL, 150000.00, 0, NULL, 0.00, 0.00),
(1072, 'CABLE HDMI 15M', 100000.00, 0, 0, '', NULL, 49, '1830', 0.00, 1, NULL, 130000.00, 0, NULL, 0.00, 0.00),
(1074, 'PLANCHA MEGA STAR CLASICA ', 70000.00, 0, 0, '', NULL, 49, '1831', 0.00, 1, NULL, 150000.00, 0, NULL, 0.00, 0.00),
(1076, 'PLANCHA BLACK DECKER  ', 170000.00, 0, 0, '', NULL, 49, '1832', 0.00, 1, NULL, 250000.00, 0, NULL, 0.00, 0.00),
(1079, 'X CEL NOTE 11 DE 128GB ', 850000.00, 0, 1, '', NULL, 49, '1834', 0.00, 1, NULL, 1100000.00, 0, NULL, 0.00, 0.00),
(1082, 'XX CEL A50 64GB', 750000.00, 0, -1, '', NULL, 35, '1837', 0.00, 1, NULL, 950000.00, 0, NULL, 0.00, 0.00),
(1083, 'XX CEL A13 4RAM 64GB', 900000.00, 0, 1, '', NULL, 35, '1838', 0.00, 1, NULL, 1100000.00, 0, NULL, 0.00, 0.00),
(1084, 'XX CEL A31 4RAM 128GB', 800000.00, 0, 1, '', NULL, 35, '1839', 0.00, 1, NULL, 1100000.00, 0, NULL, 0.00, 0.00),
(1085, 'XXX CEL XR DE 64GB 84%', 1200000.00, 0, 0, '', NULL, 45, '1840', 0.00, 1, NULL, 1500000.00, 0, NULL, 0.00, 0.00),
(1086, 'X CEL HAUWEI Y6 DE 32GB 2RAM ', 400000.00, 0, 1, '', NULL, 35, '1841', 0.00, 1, NULL, 600000.00, 0, NULL, 0.00, 0.00),
(1087, 'X AO2 DE 36 GBB', 500000.00, 0, 0, '', NULL, 35, '1842', 0.00, 1, NULL, 700000.00, NULL, NULL, 0.00, 0.00),
(1088, 'CEL A13 DE 64GB ', 1000000.00, 0, 1, '', NULL, 35, '1001', 0.00, 1, NULL, 1150000.00, 0, NULL, 0.00, 0.00),
(1089, 'AURICULAR SAMSUNG TIPO C', 30000.00, 0, 2, '', NULL, 49, '1843', 0.00, 1, NULL, 60000.00, 0, NULL, 0.00, 0.00),
(1090, 'AURICULAR INALAMBRICO ECOPOWER', 60000.00, 0, 2, '', NULL, 49, '1844', 0.00, 1, NULL, 150000.00, 0, NULL, 0.00, 0.00),
(1091, 'PLACA INFLARROJA BELO', 155000.00, 0, 2, '', NULL, 49, '1845', 0.00, 1, NULL, 250000.00, 0, NULL, 0.00, 0.00),
(1092, 'AURICULAR XIAOMI EARBUDS BASIC2S INALAMBRICO', 120000.00, 0, 3, '', NULL, 51, '1846', 0.00, 1, NULL, 200000.00, 0, NULL, 0.00, 0.00),
(1093, 'CORTA PELO ECOPOWER ', 100000.00, 0, 2, '', NULL, 49, '1847', 0.00, 1, NULL, 180000.00, 0, NULL, 0.00, 0.00),
(1095, 'ESTEREO NAPOLI 7968 DIGITAL', 0.00, 0, -1, '', NULL, 49, '1849', 0.00, 1, NULL, 1300000.00, NULL, NULL, 0.00, 0.00),
(1097, 'CEL SAM S20 FE 5G DE 128GB ', 2100000.00, 0, 2, '', NULL, 35, '1850', 0.00, 1, NULL, 2800000.00, 0, NULL, 0.00, 0.00),
(1098, 'CEL XIA POCO X5 PRO 5G DE 256GB', 2400000.00, 0, 1, '', NULL, 35, '1851', 0.00, 1, NULL, 2700000.00, 0, NULL, 0.00, 0.00),
(1099, 'CEL XIA 9C DE 64GB ', 560000.00, 0, 1, '', NULL, 35, '1852', 0.00, 1, NULL, 800000.00, 0, NULL, 0.00, 0.00),
(1100, 'CEL XIAOMI 12 DE 128GB 4RAM ', 1300000.00, 0, 0, '', NULL, 35, '1853', 0.00, 1, NULL, 1500000.00, 0, NULL, 0.00, 0.00),
(1101, 'JBL PARTY BOX 710', 5500000.00, 0, 2, '', NULL, 39, '1854', 0.00, 1, NULL, 5900000.00, 0, NULL, 0.00, 0.00),
(1102, 'S 23PLUS DE 256GB 8RAM', 6500000.00, 0, -2, '', NULL, 35, '1855', 0.00, 1, NULL, 750000.00, 0, NULL, 0.00, 0.00),
(1103, 'S 23ULTRA DE 256GB 12RAM', 8000000.00, 0, 1, '', NULL, 35, '1856', 0.00, 1, NULL, 9000000.00, 0, NULL, 0.00, 0.00),
(1104, 'X REDMI 9A DE 32GB 2RAM ', 500000.00, 0, 1, '', NULL, 35, '1321', 0.00, 1, NULL, 700000.00, 0, NULL, 0.00, 0.00),
(1105, 'HORNO ELECTRICO MIDAS 32LITROS', 400000.00, 0, 3, '', NULL, 40, '1857', 0.00, 1, NULL, 600000.00, 0, NULL, 0.00, 0.00),
(1106, 'HORNO ELECTRICO MIDAS  45LITROS', 500000.00, 0, 3, '', NULL, 40, '1858', 0.00, 1, NULL, 700000.00, 0, NULL, 0.00, 0.00),
(1107, 'TV JVC DE 55´´ SMART 4K', 3000000.00, 0, 1, '', NULL, 37, '1859', 0.00, 1, NULL, 3500000.00, 0, NULL, 0.00, 0.00),
(1108, 'TV JVC DE 32´´', 1100000.00, 0, -1, '', NULL, 37, '1860', 0.00, 1, NULL, 1500000.00, 0, NULL, 0.00, 0.00),
(1109, 'TV MATSUI DE 32´´ SMART TV', 1100000.00, 0, 1, '', NULL, 37, '1861', 0.00, 1, NULL, 1300000.00, 0, NULL, 0.00, 0.00),
(1110, 'TV ENXUTA DE 32´´HD', 1000000.00, 0, 1, '', NULL, 37, '1862', 0.00, 1, NULL, 1300000.00, 0, NULL, 0.00, 0.00),
(1111, 'NEBULIZADOR CON COMPRESOR MEGA STAR', 190000.00, 0, 3, '', NULL, 49, '1863', 0.00, 1, NULL, 250000.00, 0, NULL, 0.00, 0.00),
(1112, 'NEBULIZDOR TOKYO FRESH AIR', 220000.00, 0, 0, '', NULL, 49, '1864', 0.00, 1, NULL, 300000.00, 0, NULL, 0.00, 0.00),
(1114, 'HORNO ELECTRICO DE 55LITROS ', 530000.00, 0, 0, '', NULL, 40, '1866', 0.00, 1, NULL, 850000.00, 0, NULL, 0.00, 0.00),
(1116, 'LICUADORA TURBO MONDIAL', 290000.00, 0, 3, '', NULL, 28, '1867', 0.00, 1, NULL, 380000.00, 0, NULL, 0.00, 0.00),
(1118, 'CAJA PARA DINERO SPEED', 385000.00, 0, 1, '', NULL, 49, '1868', 0.00, 1, NULL, 650000.00, 0, NULL, 0.00, 0.00),
(1121, 'PLACA INFRARROJA MEGA STAR ', 160000.00, 0, 17, '', NULL, 49, '1869', 0.00, 1, NULL, 250000.00, 0, NULL, 0.00, 0.00),
(1123, 'SOPORTE DE TV LUO DE 26-65', 40000.00, 0, 1, '', NULL, 49, '1870', 0.00, 1, NULL, 150000.00, 0, NULL, 0.00, 0.00),
(1125, 'TRIPODE ECOPOWER ', 95000.00, 0, 5, '', NULL, 49, '1871', 0.00, 1, NULL, 150000.00, 0, NULL, 0.00, 0.00),
(1126, 'BEBEDERO JAM CON MOTOR ', 830000.00, 0, 2, '', NULL, 49, '1872', 0.00, 1, NULL, 1100000.00, 0, NULL, 0.00, 0.00),
(1129, 'BEBEDERO MOX ', 300000.00, 0, 1, '', NULL, 49, '1873', 0.00, 1, NULL, 400000.00, 0, NULL, 0.00, 0.00),
(1131, 'VENTILADOR DE TECHO TOKIO MOTOR PESADO ', 245000.00, 0, 0, '', NULL, 42, '1874', 0.00, 1, NULL, 330000.00, NULL, NULL, 0.00, 0.00),
(1133, 'RADIO ECOPOWER EP-2520', 150000.00, 0, 1, '', NULL, 39, '1875', 0.00, 1, NULL, 200000.00, 0, NULL, 0.00, 0.00),
(1135, 'RADIO ECOPOWER EP-2505', 130000.00, 0, 1, '', NULL, 39, '1876', 0.00, 1, NULL, 180000.00, 0, NULL, 0.00, 0.00),
(1137, 'RADIO ECOPOWER EP-F83', 75000.00, 0, 0, '', NULL, 39, '1877', 0.00, 1, NULL, 150000.00, 0, NULL, 0.00, 0.00),
(1138, 'RADIO ECOPOWER EP-2500', 100000.00, 0, -2, '', NULL, 39, '1878', 0.00, 1, NULL, 180000.00, NULL, NULL, 0.00, 0.00),
(1140, 'RADIO ECOPOWER EP-2500', 100000.00, 0, 2, '', NULL, 39, '1878', 0.00, 1, NULL, 180000.00, 0, NULL, 0.00, 0.00),
(1141, 'RADIO ECOPOW2ER EP-2501', 115000.00, 0, 2, '', NULL, 39, '1879', 0.00, 1, NULL, 220000.00, 0, NULL, 0.00, 0.00),
(1144, 'RADIO ECOPOWER EP-F36', 60000.00, 0, 1, '', NULL, 39, '1880', 0.00, 1, NULL, 120000.00, 0, NULL, 0.00, 0.00),
(1146, 'RADIO ECOPOWER EP-F29', 67000.00, 0, 2, '', NULL, 39, '1881', 0.00, 1, NULL, 110000.00, 0, NULL, 0.00, 0.00),
(1148, 'RADIO ECOPOWER CON RELOJ  EP-217B', 80000.00, 0, 0, '', NULL, 39, '1882', 0.00, 1, NULL, 170000.00, 0, NULL, 0.00, 0.00),
(1151, 'RADIO ECOPOWER EP-F18E ', 80000.00, 0, 0, '', NULL, 39, '1883', 0.00, 1, NULL, 170000.00, 0, NULL, 0.00, 0.00),
(1152, 'RADIO ECOPOWER EP-F106B', 75000.00, 0, -2, '', NULL, 39, '1884', 0.00, 1, NULL, 175000.00, NULL, NULL, 0.00, 0.00),
(1153, 'RADIO ECOPOWER EP-F106B', 75000.00, 0, 0, '', NULL, 39, '1884', 0.00, 1, NULL, 175000.00, NULL, NULL, 0.00, 0.00),
(1155, 'RADIO ECOPOWER EP-F91B', 85000.00, 0, 2, '', NULL, 39, '1885', 0.00, 1, NULL, 190000.00, 0, NULL, 0.00, 0.00),
(1157, 'RADIO ECOPOWER EP-2373', 110000.00, 0, 2, '', NULL, 39, '1886', 0.00, 1, NULL, 200000.00, 0, NULL, 0.00, 0.00),
(1159, 'CEL SM  A14 DE 128GB 4RAM', 9500000.00, 0, 44, '', NULL, 35, '1888', 0.00, 1, NULL, 1300000.00, 0, NULL, 0.00, 0.00),
(1160, 'CEL REDMI A2+ DE 32GB 2RAM ', 550000.00, 0, 8, '', NULL, 35, '1889', 0.00, 1, NULL, 750000.00, 0, NULL, 0.00, 0.00),
(1161, 'NOTEBOOK ASUS X543M 4GB 500GB', 1500000.00, 0, 0, '', NULL, 50, '1890', 0.00, 1, NULL, 1800000.00, 0, NULL, 0.00, 0.00),
(1162, 'NOTEBOOK LENOVO N4020 4RAM 500GB ', 1700000.00, 0, 1, '', NULL, 50, '1891', 0.00, 1, NULL, 2100000.00, 0, NULL, 0.00, 0.00),
(1163, 'NOTEBOOK ASUS X515J 4RAM 128GB ', 2150000.00, 0, 0, '', NULL, 50, '1892', 0.00, 1, NULL, 2500000.00, 0, NULL, 0.00, 0.00),
(1164, 'RELOJ C12', 160000.00, 0, 1, '', NULL, 49, '1893', 0.00, 1, NULL, 250000.00, 0, NULL, 0.00, 0.00),
(1165, 'RELOJ G6 PRO', 210000.00, 0, 1, '', NULL, 49, '1894', 0.00, 1, NULL, 280000.00, 0, NULL, 0.00, 0.00),
(1166, 'RELOJ GTS 2 MINI', 450000.00, 0, 0, '', NULL, 49, '1895', 0.00, 1, NULL, 600000.00, 0, NULL, 0.00, 0.00),
(1167, 'RELOJ GTS 2 ', 660000.00, 0, 1, '', NULL, 49, '1896', 0.00, 1, NULL, 750000.00, 0, NULL, 0.00, 0.00),
(1168, 'RELOJ GLIFO 8 ULTRA ', 210000.00, 0, 1, '', NULL, 49, '1897', 0.00, 1, NULL, 320000.00, 0, NULL, 0.00, 0.00),
(1169, 'RELOJ S8 ULTRA PLUS', 210000.00, 0, 2, '', NULL, 49, '1898', 0.00, 1, NULL, 300000.00, 0, NULL, 0.00, 0.00),
(1170, 'RELOJ AMAZFIT ', 300000.00, 0, 1, '', NULL, 49, '1899', 0.00, 1, NULL, 380000.00, 0, NULL, 0.00, 0.00),
(1171, 'RELOJ G5', 170000.00, 0, 2, '', NULL, 49, '1900', 0.00, 1, NULL, 250000.00, 0, NULL, 0.00, 0.00),
(1172, 'RELOJ GLIFO 8 ', 210000.00, 0, 0, '', NULL, 49, '1901', 0.00, 1, NULL, 300000.00, 0, NULL, 0.00, 0.00),
(1173, 'RELOJ SMART BAND 7', 300000.00, 0, 1, '', NULL, 49, '1902', 0.00, 1, NULL, 400000.00, 0, NULL, 0.00, 0.00),
(1174, 'CEL IPHONE  14 NORMAL 256 GB', 6000000.00, 0, 0, 'DE RICHAR', NULL, 45, '1903', 0.00, 1, NULL, 6700000.00, 0, NULL, 0.00, 0.00),
(1176, 'XXX IPHONE 11 DE 64GB 86%', 2400000.00, 0, 1, '', NULL, 45, '1904', 0.00, 1, NULL, 2800000.00, 0, NULL, 0.00, 0.00),
(1177, 'XXX IPHONE 11 DE 64GB 85%', 2400000.00, 0, 1, '', NULL, 45, '1905', 0.00, 1, NULL, 2700000.00, 0, NULL, 0.00, 0.00),
(1178, 'XXX IPHONE 11 DE 64GB 83%', 2400000.00, 0, 1, '', NULL, 45, '1906', 0.00, 1, NULL, 2700000.00, 0, NULL, 0.00, 0.00),
(1179, 'XXX IPHONE 11 DE 64GB 80%', 2400000.00, 0, 0, '', NULL, 45, '1907', 0.00, 1, NULL, 2700000.00, 0, NULL, 0.00, 0.00),
(1180, 'XXX IPHONE 11 PRO MAX DE 64GB 94%', 3000000.00, 0, 0, '', NULL, 45, '1908', 0.00, 1, NULL, 3500000.00, 0, NULL, 0.00, 0.00),
(1181, 'XXX IPHONE 11 PRO MAX DE 64GB 86%', 3000000.00, 0, 0, '', NULL, 45, '1909', 0.00, 1, NULL, 3500000.00, 0, NULL, 0.00, 0.00),
(1182, 'XXX IPHONE 11 PRO MAX DE 64GB 84%', 3000000.00, 0, 1, '', NULL, 45, '1910', 0.00, 1, NULL, 3500000.00, 0, NULL, 0.00, 0.00),
(1183, 'XXX IPHONE 11 PRO MAX DE 64GB 81%- 82% ', 3000000.00, 0, 0, '', NULL, 45, '1911', 0.00, 1, NULL, 3400000.00, 0, NULL, 0.00, 0.00),
(1184, 'XXX IPHONE 12 NORMAL DE 64GB 86%', 2800000.00, 0, 2, '', NULL, 45, '1912', 0.00, 1, NULL, 3200000.00, 0, NULL, 0.00, 0.00),
(1185, 'XXX IPHONE 12 NORMAL DE 64GB 85%', 2800000.00, 0, 3, '', NULL, 45, '1913', 0.00, 1, NULL, 3200000.00, 0, NULL, 0.00, 0.00),
(1186, 'XXX IPHONE 12 NORMAL DE 64GB 84%', 2800000.00, 0, 1, '', NULL, 45, '1914', 0.00, 1, NULL, 3200000.00, 0, NULL, 0.00, 0.00),
(1187, 'XXX IPHONE 12 NORMAL DE 64GB 81%', 2800000.00, 0, 1, '', NULL, 45, '1915', 0.00, 1, NULL, 3100000.00, 0, NULL, 0.00, 0.00),
(1189, 'XXX IPHONE XR DE 128GB 87%', 1900000.00, 0, 1, '', NULL, 45, '1917', 0.00, 1, NULL, 2300000.00, 0, NULL, 0.00, 0.00),
(1190, 'XXX IPHONE XR DE 128GB 86%', 1900000.00, 0, 1, '', NULL, 45, '1918', 0.00, 1, NULL, 2300000.00, 0, NULL, 0.00, 0.00);
INSERT INTO `articulos` (`articulo`, `nombre`, `costo`, `stockmin`, `cantidad`, `descripcion`, `imagen`, `categoria`, `codBarra`, `precioVenta`, `idEsta`, `idProveedor`, `mayoritario`, `keyTwoLabor`, `fechaVence`, `menorCentaje`, `mayorCentaje`) VALUES
(1191, 'XXX IPHONE 13 NORMAL DE 128GB 97%', 4500000.00, 0, 1, '', NULL, 45, '1919', 0.00, 1, NULL, 5000000.00, 0, NULL, 0.00, 0.00),
(1193, 'FUENTE DE 5 AMPER', 60000.00, 0, 2, '', NULL, 49, '1920', 0.00, 1, NULL, 150000.00, 0, NULL, 0.00, 0.00),
(1195, 'CEL NOKIA G11 PLUS 64 GB Y 4 RAM ', 700000.00, 0, 8, '', NULL, 35, '1921', 0.00, 1, NULL, 850000.00, 0, NULL, 0.00, 0.00),
(1196, 'S 21 ULTRA 256GB 12RAM', 4000000.00, 0, 1, '', NULL, 35, '1922', 0.00, 1, NULL, 4500000.00, 0, NULL, 0.00, 0.00),
(1197, 'XXX IPHONE 11 DE 64GB 99%', 2300000.00, 0, 0, '', NULL, 45, '1923', 0.00, 1, NULL, 2700000.00, 0, NULL, 0.00, 0.00),
(1198, 'PARLANTE PARA COMPUTADORA', 50000.00, 0, -1, '', NULL, 49, '1924', 0.00, 1, NULL, 100000.00, NULL, NULL, 0.00, 0.00),
(1199, 'X CEL XIA NOTE 10 DE 64GB 4RAM', 850000.00, 0, 0, '', NULL, 35, '1925', 0.00, 1, NULL, 1000000.00, 0, NULL, 0.00, 0.00),
(1200, 'X CEL XIA NOTE 10S DE 128GB 8RAM', 1000000.00, 0, 1, '', NULL, 35, '1926', 0.00, 1, NULL, 1200000.00, 0, NULL, 0.00, 0.00),
(1201, 'MICROONDAS JAM DE 20L MOD MB720JAY ', 470000.00, 0, 2, '', NULL, 49, '1927', 0.00, 1, NULL, 650000.00, 0, NULL, 0.00, 0.00),
(1202, 'MICROONDAS JAM DE 20L MOD AG720C3D DIGITAL', 560000.00, 0, 1, '', NULL, 49, '1928', 0.00, 1, NULL, 700000.00, 0, NULL, 0.00, 0.00),
(1203, 'MICROONDAS JAM DE 25L MOD AM925AKN DIGITAL', 650000.00, 0, 1, '', NULL, 49, '1929', 0.00, 1, NULL, 800000.00, 0, NULL, 0.00, 0.00),
(1204, 'CENTRIFUGADORA JAM DE 5,5KG', 560000.00, 0, 0, '', NULL, 49, '1930', 0.00, 1, NULL, 650000.00, 0, NULL, 0.00, 0.00),
(1205, 'LICUADORA JAM DE VIDRIO LIC=650W', 220000.00, 0, 5, '', NULL, 49, '1931', 0.00, 1, NULL, 300000.00, 0, NULL, 0.00, 0.00),
(1206, 'COCINA JAM A GAS ESTANDAR 4H NEGRO Y BLANCO', 600000.00, 0, 5, '', NULL, 28, '1932', 0.00, 1, NULL, 750000.00, 0, NULL, 0.00, 0.00),
(1207, 'HORNO ELECTRICO JAM DE 42LTS DN42E=RML ', 600000.00, 0, 0, '', NULL, 40, '1933', 0.00, 1, NULL, 750000.00, 0, NULL, 0.00, 0.00),
(1208, 'CALCULADORA KADIO KL-1048B', 21000.00, 0, 1, '', NULL, 49, '1934', 0.00, 1, NULL, 50000.00, 0, NULL, 0.00, 0.00),
(1209, 'CALCULADORA LUO LU-636', 25000.00, 0, 1, '', NULL, 49, '1935', 0.00, 1, NULL, 50000.00, 0, NULL, 0.00, 0.00),
(1210, 'CAMARA IP WIFI LUO LU-E93', 104000.00, 0, 3, '', NULL, 49, '1936', 0.00, 1, NULL, 180000.00, 0, NULL, 0.00, 0.00),
(1211, 'CAMARA ECOPOWER EP-C025', 144000.00, 0, 1, '', NULL, 49, '1937', 0.00, 1, NULL, 250000.00, 0, NULL, 0.00, 0.00),
(1212, 'BALANZA CON BRAZO QUANTA', 160000.00, 0, 3, '', NULL, 49, '1938', 0.00, 1, NULL, 270000.00, 0, NULL, 0.00, 0.00),
(1213, 'BALANZA SIN BRAZO QUANTA', 150000.00, 0, 1, '', NULL, 49, '1939', 0.00, 1, NULL, 250000.00, 0, NULL, 0.00, 0.00),
(1214, 'PLACA JEFFYLE CHEF', 150000.00, 0, 6, '', NULL, 49, '1940', 0.00, 1, NULL, 250000.00, 0, NULL, 0.00, 0.00),
(1215, 'AIRE SPLIT TOKYO 18000BTU', 3250000.00, 0, 1, '', NULL, 46, '1941', 0.00, 1, NULL, 3700000.00, 0, NULL, 0.00, 0.00),
(1216, 'TERMO TANQUE TOKI0 50L', 950000.00, 0, 0, '', NULL, 49, '1942', 0.00, 1, NULL, 1200000.00, 0, NULL, 0.00, 0.00),
(1217, 'XXX IPHONE XR DE 128GB 94%', 1850000.00, 0, 0, '', NULL, 45, '1943', 0.00, 1, NULL, 2300000.00, 0, NULL, 0.00, 0.00),
(1218, 'CEL NOKIA C01 PLUS', 540000.00, 0, -4, '', NULL, 35, '1944', 0.00, 1, NULL, 750000.00, NULL, NULL, 0.00, 0.00),
(1219, 'CEL NOKIA C01 PLUS', 540000.00, 0, 0, '', NULL, 35, '1944', 0.00, 1, NULL, 750000.00, NULL, NULL, 0.00, 0.00),
(1220, 'CEL NOKIA C01 PLUS', 540000.00, 0, 0, '', NULL, 35, '1944', 0.00, 1, NULL, 750000.00, NULL, NULL, 0.00, 0.00),
(1221, 'JUEGO PARA PS5 FIFA 23', 480000.00, 0, 1, '', NULL, 49, '1945', 0.00, 1, NULL, 620000.00, 0, NULL, 0.00, 0.00),
(1222, 'XXX IPHONE XR 128GB 90%', 180000.00, 0, 0, '', NULL, 45, '1946', 0.00, 1, NULL, 2200000.00, 0, NULL, 0.00, 0.00),
(1223, 'X IPHONE 11 DE 128GB 95%', 2500000.00, 0, 1, '', NULL, 45, '1947', 0.00, 1, NULL, 2800000.00, 0, NULL, 0.00, 0.00),
(1226, 'HELADERA MABE 204 LITROS', 1700000.00, 0, 1, '', NULL, 29, '1949', 0.00, 1, NULL, 1950000.00, 0, NULL, 0.00, 0.00),
(1227, 'TV JVC DE 42¨', 1600000.00, 0, 3, '', NULL, 37, '1950', 0.00, 1, NULL, 2100000.00, 0, NULL, 0.00, 0.00),
(1228, 'TV JVC 4K DE 65``', 4100000.00, 0, 0, '', NULL, 37, '1951', 0.00, 1, NULL, 4600000.00, 0, NULL, 0.00, 0.00),
(1229, 'TV DAEVOO DE 49¨', 1700000.00, 0, 1, '', NULL, 37, '1952', 0.00, 1, NULL, 2200000.00, 0, NULL, 0.00, 0.00),
(1230, 'TV DAEVOO DE 43¨', 1500000.00, 0, 1, '', NULL, 37, '1953', 0.00, 1, NULL, 2000000.00, 0, NULL, 0.00, 0.00),
(1231, 'S 23 NORMAL 256GB 8RAM ', 5900000.00, 0, 0, '', NULL, 35, '1954', 0.00, 1, NULL, 6400000.00, 0, NULL, 0.00, 0.00),
(1232, 'S 23 NORMAL DE 128GB 8 RAM', 5500000.00, 0, 0, '', NULL, 35, '1955', 0.00, 1, NULL, 5900000.00, 0, NULL, 0.00, 0.00),
(1233, 'S 21 FE DE 128GB 6 RAM ', 2500000.00, 0, 1, '', NULL, 35, '1956', 0.00, 1, NULL, 3300000.00, 0, NULL, 0.00, 0.00),
(1234, 'CEL REDMI NOTE 11 PRO 128GB 6RAM', 2000000.00, 0, 1, '', NULL, 35, '1957', 0.00, 1, NULL, 2300000.00, 0, NULL, 0.00, 0.00),
(1236, 'CEL REDMI 10 2022 128GB 4RAM', 1000000.00, 0, -1, '', NULL, 35, '1959', 0.00, 1, NULL, 1300000.00, 0, NULL, 0.00, 0.00),
(1237, 'CEL REDMI 10A DE 128GB 4RAM', 1000000.00, 0, -1, '', NULL, 35, '1960', 0.00, 1, NULL, 1300000.00, 0, NULL, 0.00, 0.00),
(1238, 'X REDMI 10A 32GB 2RAM', 600000.00, 0, 0, '', NULL, 35, '1961', 0.00, 1, NULL, 800000.00, 0, NULL, 0.00, 0.00),
(1239, 'XX SAMSUNG S22 ULTRA 256GB', 4500000.00, 0, 0, '', NULL, 35, '1962', 0.00, 1, NULL, 5000000.00, 0, NULL, 0.00, 0.00),
(1240, 'XX SAMSUNG S22 ULTRA 256GB', 5000000.00, 0, 1, '', NULL, 35, '1963', 0.00, 1, NULL, 5400000.00, 0, NULL, 0.00, 0.00),
(1241, 'CARGADOR PORTATIL AIWA 10.000MAH', 90000.00, 0, 0, '', NULL, 49, '1964', 0.00, 1, NULL, 150000.00, 0, NULL, 0.00, 0.00),
(1242, 'CARGADOR PARA NOTEBOOK 90W QUANTA', 89000.00, 0, 2, '', NULL, 49, '1965', 0.00, 1, NULL, 150000.00, 0, NULL, 0.00, 0.00),
(1243, 'CINTA LED SMART A WIFI', 87000.00, 0, 0, '', NULL, 49, '1966', 0.00, 1, NULL, 150000.00, 0, NULL, 0.00, 0.00),
(1244, 'ZAPATILLA SATE 2000W ', 31000.00, 0, 5, '', NULL, 49, '1967', 0.00, 1, NULL, 60000.00, 0, NULL, 0.00, 0.00),
(1245, 'LINTERNA  MAX 800', 55000.00, 0, 3, '', NULL, 49, '1968', 0.00, 1, NULL, 100000.00, 0, NULL, 0.00, 0.00),
(1247, 'AURICULAR LUO JB930', 46000.00, 0, 0, '', NULL, 49, '1969', 0.00, 1, NULL, 100000.00, 0, NULL, 0.00, 0.00),
(1248, 'AURICULAR LUO K123', 60000.00, 0, 0, '', NULL, 49, '1970', 0.00, 1, NULL, 120000.00, 0, NULL, 0.00, 0.00),
(1249, 'AURICULAR LUO K122', 55000.00, 0, 0, '', NULL, 49, '1971', 0.00, 1, NULL, 110000.00, 0, NULL, 0.00, 0.00),
(1251, 'ADAPTADOR PARA IPHONE ', 15000.00, 0, 5, '', NULL, 49, '1972', 0.00, 1, NULL, 30000.00, 0, NULL, 0.00, 0.00),
(1253, 'CARGADOR DE AUTO LUO (CABEZA)', 15000.00, 0, 5, '', NULL, 49, '1973', 0.00, 1, NULL, 30000.00, 0, NULL, 0.00, 0.00),
(1254, 'CABLE NORMAL LUO', 6500.00, 0, 20, '', NULL, 49, '1974', 0.00, 1, NULL, 15000.00, 0, NULL, 0.00, 0.00),
(1256, 'MATA MOSQUITO', 100000.00, 0, 1, '', NULL, 49, '1975', 0.00, 1, NULL, 130000.00, 0, NULL, 0.00, 0.00),
(1258, 'AUTO RADIO ROADSTAR ', 90000.00, 0, 4, '', NULL, 49, '1976', 0.00, 1, NULL, 150000.00, 0, NULL, 0.00, 0.00),
(1260, 'AURICULAR ECOPOWERR PARA IPHONE ', 23000.00, 0, 5, '', NULL, 49, '1977', 0.00, 1, NULL, 40000.00, 0, NULL, 0.00, 0.00),
(1268, 'CABEZAL DE DOS ENTRADAS SAMSUNG', 25000.00, 0, 5, '', NULL, 49, '1978', 0.00, 1, NULL, 40000.00, 0, NULL, 0.00, 0.00),
(1269, 'FOCO MOSQUITO ', 30000.00, 0, 5, '', NULL, 49, '1979', 0.00, 1, NULL, 80000.00, 0, NULL, 0.00, 0.00),
(1272, 'CARGADOR DE CABEZA 7059', 15000.00, 0, 10, '', NULL, 49, '1980', 0.00, 1, NULL, 30000.00, 0, NULL, 0.00, 0.00),
(1273, 'NOKIA 6310', 200000.00, 0, 0, '', NULL, 49, '1981', 0.00, 1, NULL, 250000.00, NULL, NULL, 0.00, 0.00),
(1274, 'NOKIA 6310', 200000.00, 0, 0, '', NULL, 49, '1981', 0.00, 1, NULL, 250000.00, NULL, NULL, 0.00, 0.00),
(1276, 'PEINE SECADOR ', 100000.00, 0, 2, '', NULL, 49, '1982', 0.00, 1, NULL, 170000.00, 0, NULL, 0.00, 0.00),
(1278, 'CARGADOR TIPO C SAMSUNG 35W', 50000.00, 0, 18, '', NULL, 49, '1983', 0.00, 1, NULL, 100000.00, 0, NULL, 0.00, 0.00),
(1279, 'CEL HONOR X7 128GB', 800000.00, 0, 0, '', NULL, 35, '1984', 0.00, 1, NULL, 1200000.00, 0, NULL, 0.00, 0.00),
(1280, 'XXX IPHONE 12 PRO 256GB 92%', 4300000.00, 0, 0, '', NULL, 35, '1985', 0.00, 1, NULL, 4700000.00, 0, NULL, 0.00, 0.00),
(1281, 'Somier  de 160 x 190', 1000000.00, 0, 3, '170 x 190', NULL, 49, '1986', 0.00, 1, NULL, 1300000.00, 0, NULL, 0.00, 0.00),
(1283, 'SAMSUNG A 34 5G 128GB ', 2300000.00, 0, 0, '', NULL, 35, '1987', 0.00, 1, NULL, 2550000.00, 0, NULL, 0.00, 0.00),
(1284, 'PLANCHITA BABYLISS ORIGINAL ', 750000.00, 0, 1, '', NULL, 49, '1988', 0.00, 1, NULL, 900000.00, 0, NULL, 0.00, 0.00),
(1286, 'TERMOCALEFON JAM DE 50L USO VERTICAL', 980000.00, 0, 2, '', NULL, 49, '1989', 0.00, 1, NULL, 1250000.00, 0, NULL, 0.00, 0.00),
(1289, 'TOMA PRECION ECOPOWER', 90000.00, 0, 1, '', NULL, 49, '1990', 0.00, 1, NULL, 150000.00, 0, NULL, 0.00, 0.00),
(1292, 'BALANZA MANGO DE 10KG ', 30000.00, 0, 1, '', NULL, 49, '1991', 0.00, 1, NULL, 80000.00, 0, NULL, 0.00, 0.00),
(1294, 'BARBEADOR DL-9007', 65000.00, 0, -1, '', NULL, 49, '1992', 0.00, 1, NULL, 130000.00, NULL, NULL, 0.00, 0.00),
(1295, 'BARBEADOR DL-9007', 65000.00, 0, 0, '', NULL, 49, '1992', 0.00, 1, NULL, 130000.00, NULL, NULL, 0.00, 0.00),
(1296, 'BARBEADOR DL-9007', 65000.00, 0, 0, '', NULL, 49, '1992', 0.00, 1, NULL, 130000.00, NULL, NULL, 0.00, 0.00),
(1299, 'SOPORTE PARA CELULAR ', 20000.00, 0, 6, '', NULL, 49, '1993', 0.00, 1, NULL, 60000.00, 0, NULL, 0.00, 0.00),
(1301, 'CORTA PELO T-99', 60000.00, 0, 2, '', NULL, 49, '1994', 0.00, 1, NULL, 130000.00, 0, NULL, 0.00, 0.00),
(1303, 'RADIO ECOPOWER S-115', 310000.00, 0, 0, '', NULL, 39, '1995', 0.00, 1, NULL, 450000.00, 0, NULL, 0.00, 0.00),
(1306, 'RADIO ECOPOWER EP-2327', 145000.00, 0, 1, '', NULL, 39, '1996', 0.00, 1, NULL, 220000.00, 0, NULL, 0.00, 0.00),
(1308, 'PARLANTE MEGA STAR 12 SPA127 BT ', 410000.00, 0, 2, '', NULL, 39, '1997', 0.00, 1, NULL, 550000.00, 0, NULL, 0.00, 0.00),
(1313, 'PARLANTE MEGA STAR 15 SPA150 BTF ', 730000.00, 0, 1, '', NULL, 39, '1998', 0.00, 1, NULL, 850000.00, 0, NULL, 0.00, 0.00),
(1318, 'ASPIRADORA MEGA STAR 3 EN 1 DE 1400W 220V', 455000.00, 0, 1, '', NULL, 49, '2000', 0.00, 1, NULL, 700000.00, 0, NULL, 0.00, 0.00),
(1319, 'RADIO ECOPOWER EP-5602', 950000.00, 0, 1, '', NULL, 39, '2001', 0.00, 1, NULL, 1200000.00, 0, NULL, 0.00, 0.00),
(1323, 'CORTA PELO YM-800A', 95000.00, 0, 1, '', NULL, 49, '2002', 0.00, 1, NULL, 150000.00, 0, NULL, 0.00, 0.00),
(1325, 'PARLANTE MEGA STAR 15 SPA151 BTE ', 640000.00, 0, 1, '', NULL, 39, '2003', 0.00, 1, NULL, 850000.00, 0, NULL, 0.00, 0.00),
(1333, 'DISCO DE 4 TB ', 520000.00, 0, 1, '', NULL, 49, '2005', 0.00, 1, NULL, 650000.00, 0, NULL, 0.00, 0.00),
(1335, 'DISCO DE 2 TB ', 380000.00, 0, 1, '', NULL, 49, '2004', 0.00, 1, NULL, 550000.00, 0, NULL, 0.00, 0.00),
(1336, 'TV BRISA DE 39¨', 1100000.00, 0, 2, '', NULL, 37, '2006', 0.00, 1, NULL, 1300000.00, 0, NULL, 0.00, 0.00),
(1337, 'TV BRISA DE 32 ', 800000.00, 0, 2, '', NULL, 37, '2007', 0.00, 1, NULL, 1000000.00, 0, NULL, 0.00, 0.00),
(1338, 'TV BRISA DE 24 ', 700000.00, 0, 1, '', NULL, 37, '2008', 0.00, 1, NULL, 850000.00, 0, NULL, 0.00, 0.00),
(1339, 'TV BRISA DE 19', 600000.00, 0, 0, '', NULL, 37, '2009', 0.00, 1, NULL, 750000.00, 0, NULL, 0.00, 0.00),
(1340, 'XXX CEL IPHONE 12 PRO MAX DE 128GB 100%', 5000000.00, 0, 1, '', NULL, 45, '2010', 0.00, 1, NULL, 5500000.00, 0, NULL, 0.00, 0.00),
(1341, 'CEL REDMI NOTE 12 DE 128GB 4RAM ', 1100000.00, 0, 7, '', NULL, 35, '2011', 0.00, 1, NULL, 1500000.00, 0, NULL, 0.00, 0.00),
(1342, 'X CEL REDMI 12C DE 128GB 4RAM ', 600000.00, 0, 1, '', NULL, 35, '2012', 0.00, 1, NULL, 800000.00, 0, NULL, 0.00, 0.00),
(1343, 'CEL MOTO E30 DE 32GB ', 580000.00, 0, 1, '', NULL, 35, '2013', 0.00, 1, NULL, 750000.00, 0, NULL, 0.00, 0.00),
(1344, 'CEL REDMI A1+ DE 32GB 2RAM', 510000.00, 0, 9, '', NULL, 35, '2014', 0.00, 1, NULL, 750000.00, 0, NULL, 0.00, 0.00),
(1345, 'CEL XIA A1 PLUS DE 32GB ', 550000.00, 0, 0, '', NULL, 35, '2014', 0.00, 1, NULL, 750000.00, NULL, NULL, 0.00, 0.00),
(1346, 'CEL SM A03S DE 64GB', 950000.00, 0, 1, '', NULL, 35, '2015', 0.00, 1, NULL, 1150000.00, 0, NULL, 0.00, 0.00),
(1349, 'LAMPARA REDONDA CALIDAD LED', 50000.00, 0, 5, '', NULL, 49, '2016', 0.00, 1, NULL, 70000.00, 0, NULL, 0.00, 0.00),
(1351, 'TRIPODE MEGA STAR', 100000.00, 0, 1, '', NULL, 49, '2017', 0.00, 1, NULL, 150000.00, 0, NULL, 0.00, 0.00),
(1355, 'PARLANTE KARAOKE 1 BATERIA RECARGAGLE', 390000.00, 0, 2, '', NULL, 39, '2018', 0.00, 1, NULL, 480000.00, 0, NULL, 0.00, 0.00),
(1359, 'PARLANTE 2X10 MEGA STAR', 870000.00, 0, 0, '', NULL, 39, '2019', 0.00, 1, NULL, 1000000.00, 0, NULL, 0.00, 0.00),
(1363, 'PIZZERA ELECTRA 220V', 175000.00, 0, 0, '', NULL, 49, '2020', 0.00, 1, NULL, 250000.00, 0, NULL, 0.00, 0.00),
(1365, 'NEBULIZADOR MEGA STAR 220V ', 170000.00, 0, 3, '', NULL, 49, '2021', 0.00, 1, NULL, 250000.00, 0, NULL, 0.00, 0.00),
(1368, 'MICROONDAS MEGA STAR', 500000.00, 0, 1, '', NULL, 28, '2022', 0.00, 1, NULL, 600000.00, 0, NULL, 0.00, 0.00),
(1371, 'HORNO MEGA STAR AIRFRYER DESHIDRATADOR DE FRUTAS 28L', 650000.00, 0, 1, '', NULL, 28, '2023', 0.00, 1, NULL, 800000.00, 0, NULL, 0.00, 0.00),
(1373, 'BATIDORA PLANETARIA PROFESIONAL 220V', 400000.00, 0, 2, '', NULL, 28, '2024', 0.00, 1, NULL, 500000.00, 0, NULL, 0.00, 0.00),
(1376, 'TALADRO DE 650W CON KIT', 140000.00, 0, 2, '', NULL, 49, '2025', 0.00, 1, NULL, 230000.00, 0, NULL, 0.00, 0.00),
(1380, 'MICROFONO MEGA STAR CON CABLE DE 3.20M', 43000.00, 0, 4, '', NULL, 49, '2026', 0.00, 1, NULL, 100000.00, 0, NULL, 0.00, 0.00),
(1382, 'X CEL REDMI 10C DE 64 GB 4 DE RAM ', 600000.00, 0, 0, '', NULL, 35, '2027', 0.00, 1, NULL, 750000.00, 0, NULL, 0.00, 0.00),
(1383, 'POCO M5S DE 128GB Y 4 DE RAM', 1100000.00, 0, 0, '', NULL, 35, '2028', 0.00, 1, NULL, 1400000.00, 0, NULL, 0.00, 0.00),
(1384, 'CEL XIA POCO X5 PRO 5G DE 128GB ', 2000000.00, 0, 0, '', NULL, 35, '2029', 0.00, 1, NULL, 2300000.00, 0, NULL, 0.00, 0.00),
(1385, 'JBL PARTY BOX 310', 2700000.00, 0, 0, '', NULL, 39, '2030', 0.00, 1, NULL, 3300000.00, 0, NULL, 0.00, 0.00),
(1388, 'CEL XIAOMI 12 LITE 8 DE RAM 256 GB ', 2200000.00, 0, 0, '', NULL, 35, '2031', 0.00, 1, NULL, 2500000.00, 0, NULL, 0.00, 0.00),
(1389, 'XXX CEL IPHONE 11 DE 128GB 90%  ', 2500000.00, 0, 1, '', NULL, 45, '2032', 0.00, 1, NULL, 2900000.00, 0, NULL, 0.00, 0.00),
(1390, 'XXX IPHONE 11 DE 128GB 86%', 2556000.00, 0, 0, '', NULL, 45, '2033', 0.00, 1, NULL, 2850000.00, 0, NULL, 0.00, 0.00),
(1391, 'XXX IPHONE 11 DE 128GB 85%', 2556000.00, 0, 1, '', NULL, 45, '2034', 0.00, 1, NULL, 2800000.00, 0, NULL, 0.00, 0.00),
(1392, 'XXX IPHONE 11 DE 256GB 87%', 2630000.00, 0, 0, '', NULL, 45, '2035', 0.00, 1, NULL, 3000000.00, 0, NULL, 0.00, 0.00),
(1393, 'XXX IPHONE 11 DE 256G 84%', 2630000.00, 0, 0, '', NULL, 45, '2036', 0.00, 1, NULL, 3000000.00, 0, NULL, 0.00, 0.00),
(1394, 'XXX IPHONE 11 DE 64GB 77%', 2000000.00, 0, 1, '', NULL, 45, '2037', 0.00, 1, NULL, 2400000.00, 0, NULL, 0.00, 0.00),
(1395, 'XXX IPHONE 11 DE 64GB 87%', 2300000.00, 0, 1, '', NULL, 45, '2038', 0.00, 1, NULL, 2700000.00, 0, NULL, 0.00, 0.00),
(1396, 'XXX IPHONE 11 DE 64GB 84%', 2300000.00, 0, 1, '', NULL, 45, '2039', 0.00, 1, NULL, 2600000.00, 0, NULL, 0.00, 0.00),
(1398, 'XXX IPHONE 12 NORMAL DE 64GB 87%', 2800000.00, 0, 3, '', NULL, 45, '2041', 0.00, 1, NULL, 3300000.00, 0, NULL, 0.00, 0.00),
(1399, 'XXX IPHONE 12 NORMAL DE 64GB 86%', 2800000.00, 0, 1, '', NULL, 45, '2042', 0.00, 1, NULL, 3300000.00, 0, NULL, 0.00, 0.00),
(1400, 'XXX IPHONE 12 PRO 128GB 87%', 3750000.00, 0, 1, '', NULL, 45, '2043', 0.00, 1, NULL, 4200000.00, 0, NULL, 0.00, 0.00),
(1401, 'XXX CEL IPHONE XR 128GB 91%', 1850000.00, 0, 0, '', NULL, 45, '2044', 0.00, 1, NULL, 2300000.00, NULL, NULL, 0.00, 0.00),
(1403, 'XXX CEL IPHONE XR 128GB 91%', 1850000.00, 0, 1, '', NULL, 45, '2044', 0.00, 1, NULL, 2300000.00, 0, NULL, 0.00, 0.00),
(1405, 'XXX CEL IPHONE XR 128GB 85%', 1850000.00, 0, 1, '', NULL, 45, '2045', 0.00, 1, NULL, 2250000.00, 0, NULL, 0.00, 0.00),
(1408, 'XXX CEL IPHONE XR 128GB 84%', 1850000.00, 0, 0, '', NULL, 45, '2046', 0.00, 1, NULL, 1250000.00, 0, NULL, 0.00, 0.00),
(1410, 'XXX CEL IPHONE XR 128GB 81%', 1850000.00, 0, 1, '', NULL, 45, '2047', 0.00, 1, NULL, 1250000.00, 0, NULL, 0.00, 0.00),
(1412, 'CEL S23 PLUS DE 256GB 8RAM ', 6000000.00, 0, 1, '', NULL, 35, '2048', 0.00, 1, NULL, 6400000.00, 0, NULL, 0.00, 0.00),
(1414, 'XX CEL A04S DE 64GB ', 650000.00, 0, 0, '', NULL, 35, '2049', 0.00, 1, NULL, 800000.00, 0, NULL, 0.00, 0.00),
(1415, 'PURIFICADOR TOKYO DE 4 HORNALLA', 600000.00, 0, 4, '', NULL, 28, '2050', 0.00, 1, NULL, 700000.00, 0, NULL, 0.00, 0.00),
(1416, 'CEL IPHONE 12 PRO DE 128GB SEMI EN CAJA', 4500000.00, 0, 1, '', NULL, 45, '2051', 0.00, 1, NULL, 5000000.00, 0, NULL, 0.00, 0.00),
(1417, 'CEL IPHONE 13 PRO DE 256GB SEMI EN CAJA', 5200000.00, 0, 1, '', NULL, 45, '2052', 0.00, 1, NULL, 5700000.00, 0, NULL, 0.00, 0.00),
(1418, 'COCINA NAFE DE 4 HORNALLA  ATLAS', 650000.00, 0, 1, '', NULL, 28, '2053', 0.00, 1, NULL, 750000.00, 0, NULL, 0.00, 0.00),
(1419, 'COCINA NAFA DE 5 HORNALLA TOKYO ', 820000.00, 0, 2, '', NULL, 28, '2054', 0.00, 1, NULL, 950000.00, 0, NULL, 0.00, 0.00),
(1420, 'HORNO COBRASA DE 42L ', 560000.00, 0, 2, '', NULL, 28, '2055', 0.00, 1, NULL, 650000.00, 0, NULL, 0.00, 0.00),
(1421, 'X CEL J7 NEO', 450000.00, 0, 3, '', NULL, 35, '2056', 0.00, 1, NULL, 600000.00, 0, NULL, 0.00, 0.00),
(1422, 'ZTE BLADE A51', 400000.00, 0, 0, '32GB 2RAN ', NULL, 49, '2057', 0.00, 1, NULL, 600000.00, 0, NULL, 0.00, 0.00),
(1424, 'DISCO SOLIDO', 150000.00, 0, 8, '', NULL, 49, '2058', 0.00, 1, NULL, 200000.00, 0, NULL, 0.00, 0.00),
(1426, 'GALAXY TAB S8', 4300000.00, 0, 1, '', NULL, 35, '2059', 0.00, 1, NULL, 4500000.00, 0, NULL, 0.00, 0.00),
(1429, 'HORNO JAM DE 50LITROS ', 750000.00, 0, 1, '', NULL, 28, '2060', 0.00, 1, NULL, 900000.00, 0, NULL, 0.00, 0.00),
(1432, 'HORNO JAM DE 60LITROS', 850000.00, 0, 0, '', NULL, 28, '2061', 0.00, 1, NULL, 950000.00, 0, NULL, 0.00, 0.00),
(1433, 'COCINA A GAS JAM EVA TOP GLAS 4HB NEGRO O CON LUZ EN EL HORNO ', 1000000.00, 0, 1, '', NULL, 28, '2062', 0.00, 1, NULL, 1200000.00, 0, NULL, 0.00, 0.00),
(1440, 'TV JAM 32 LED', 820000.00, 0, 3, '', NULL, 49, '2063', 0.00, 1, NULL, 1000000.00, 0, NULL, 0.00, 0.00),
(1443, 'HERVIDORA JAM DE 1.7LITROS BLANCA MOD.CK1011', 75000.00, 0, 2, '', NULL, 49, '2064', 0.00, 1, NULL, 130000.00, 0, NULL, 0.00, 0.00),
(1446, 'CEL SAMSUNG S21 PLUS', 4000000.00, 0, 1, '', NULL, 35, '2065', 0.00, 1, NULL, 4300000.00, 0, NULL, 0.00, 0.00),
(1447, 'AURICULAR AKG NOTE10 ', 30000.00, 0, -2, '', NULL, 51, '2066', 0.00, 1, NULL, 70000.00, NULL, NULL, 0.00, 0.00),
(1448, 'AURICULAR AKG NOTE10 ', 30000.00, 0, 0, '', NULL, 51, '2066', 0.00, 1, NULL, 70000.00, NULL, NULL, 0.00, 0.00),
(1449, 'AURICULAR AKG NOTE10 ', 30000.00, 0, 0, '', NULL, 51, '2066', 0.00, 1, NULL, 70000.00, NULL, NULL, 0.00, 0.00),
(1451, 'AURICULAR INALAMBRICO JBL LIVE 660', 110000.00, 0, 1, '', NULL, 49, '2067', 0.00, 1, NULL, 200000.00, 0, NULL, 0.00, 0.00),
(1459, 'AURICULAR INALAMBRICO JBL T280', 125000.00, 0, 4, '', NULL, 49, '2068', 0.00, 1, NULL, 200000.00, 0, NULL, 0.00, 0.00),
(1461, 'CARGADOR SAMSUNG TIPO C A TIPO C DE 45W', 35000.00, 0, 20, '', NULL, 49, '2069', 0.00, 1, NULL, 850000.00, 0, NULL, 0.00, 0.00),
(1462, 'XXX IPHONE 14 NORMAL DE 128GB 100%', 5000000.00, 0, 0, '', NULL, 45, '2070', 0.00, 1, NULL, 5500000.00, 0, NULL, 0.00, 0.00),
(1463, 'FUENTE DE 30AP', 170000.00, 0, 0, '', NULL, 49, '2071', 0.00, 1, NULL, 250000.00, NULL, NULL, 0.00, 0.00),
(1464, 'CEL SM A54 5G DE 128GB 6RAM', 2200000.00, 0, 1, '', NULL, 35, '2072', 0.00, 1, NULL, 2500000.00, 0, NULL, 0.00, 0.00),
(1465, 'XX SM A02 DE 32GB ', 500000.00, 0, 0, '', NULL, 35, '2073', 0.00, 1, NULL, 700000.00, 0, NULL, 0.00, 0.00),
(1467, 'AUTORADIO ECOPOWER EP-617', 90000.00, 0, 1, '', NULL, 49, '2074', 0.00, 1, NULL, 150000.00, 0, NULL, 0.00, 0.00),
(1471, 'HELADERA TOKIO INOX 420L 1PUERTA', 3300000.00, 0, 1, '', NULL, 29, '2075', 0.00, 1, NULL, 3700000.00, 0, NULL, 0.00, 0.00),
(1475, 'LAVAROPA AUTOMATICO TOKIO DE 6,5KG', 1700000.00, 0, 1, '', NULL, 49, '2076', 0.00, 1, NULL, 2000000.00, 0, NULL, 0.00, 0.00),
(1476, 'PAVA ELECTRICA 1.8L', 40000.00, 0, 64, '', NULL, 49, '2077', 0.00, 1, NULL, 60000.00, 0, NULL, 0.00, 0.00),
(1477, 'TV SAMSUNG DE 50', 2650000.00, 0, 3, '', NULL, 37, '2078', 0.00, 1, NULL, 3000000.00, 0, NULL, 0.00, 0.00),
(1478, 'TV SAMSUNG DE 43 ', 1860000.00, 0, 1, '', NULL, 37, '2079', 0.00, 1, NULL, 2400000.00, 0, NULL, 0.00, 0.00),
(1479, 'TV SAMSUNG DE 32 ', 1250000.00, 0, -1, '', NULL, 37, '2080', 0.00, 1, NULL, 1600000.00, 0, NULL, 0.00, 0.00),
(1480, 'DISPENCER HOSS', 800000.00, 0, 5, '', NULL, 49, '2081', 0.00, 1, NULL, 1000000.00, 0, NULL, 0.00, 0.00),
(1482, 'SAMSUG A04S DE 32GB ', 700000.00, 0, 0, '', NULL, 35, '2082', 0.00, 1, NULL, 800000.00, 0, NULL, 0.00, 0.00),
(1483, 'X NOTE 11 PRO DE 128GB ', 1200000.00, 0, 0, '', NULL, 35, '2083', 0.00, 1, NULL, 1500000.00, 0, NULL, 0.00, 0.00),
(1484, 'X POCO X5 PRO DE 256GB ', 1800000.00, 0, 1, '', NULL, 35, '2084', 0.00, 1, NULL, 2300000.00, 0, NULL, 0.00, 0.00),
(1485, 'X NOTE 8 PRO DE 128GB ', 700000.00, 0, -1, '', NULL, 35, '2085', 0.00, 1, NULL, 850000.00, NULL, NULL, 0.00, 0.00),
(1486, 'X REDMI NOTE 9S DE 64GB ', 700000.00, 0, 0, '', NULL, 35, '2086', 0.00, 1, NULL, 850000.00, NULL, NULL, 0.00, 0.00),
(1487, 'XX SM A13 DE 64GB', 800000.00, 0, 1, '', NULL, 35, '2087', 0.00, 1, NULL, 1000000.00, 0, NULL, 0.00, 0.00),
(1488, 'TABLET A8 128GB ', 900000.00, 0, -1, '', NULL, 36, '2088', 0.00, 1, NULL, 1300000.00, NULL, NULL, 0.00, 0.00),
(1490, 'AURICULAR INALAMBRICO I7 MINI', 30000.00, 0, 0, '', NULL, 49, '2089', 0.00, 1, NULL, 60000.00, 0, NULL, 0.00, 0.00),
(1493, 'SECA PELO MOX ', 80000.00, 0, 2, '', NULL, 49, '2090', 0.00, 1, NULL, 150000.00, 0, NULL, 0.00, 0.00),
(1494, 'PLANCHITA REMINGTON SIK', 450000.00, 0, 1, '', NULL, 49, '2091', 0.00, 1, NULL, 600000.00, 0, NULL, 0.00, 0.00),
(1495, 'CALEFON TOTYO DE 50L', 1000000.00, 0, 3, '', NULL, 49, '2092', 0.00, 1, NULL, 1200000.00, 0, NULL, 0.00, 0.00),
(1496, 'MOTOROLA E DE 64GB', 650000.00, 0, -2, '', NULL, 35, '2093', 0.00, 1, NULL, 800000.00, NULL, NULL, 0.00, 0.00),
(1497, 'xXX IPHONE 11 DE 64GB AL 96%', 2400000.00, 0, 1, '', NULL, 35, '2094', 0.00, 1, NULL, 2800000.00, 0, NULL, 0.00, 0.00),
(1498, 'CEL SM A14 5G 4RAM 128GB', 1200000.00, 0, 1, '', NULL, 35, '2095', 0.00, 1, NULL, 1500000.00, 0, NULL, 0.00, 0.00),
(1499, 'CEL SM A34 5G 6RAM 128GB', 1700000.00, 0, 2, '', NULL, 35, '2096', 0.00, 1, NULL, 2000000.00, 0, NULL, 0.00, 0.00),
(1500, 'CEL XIAOMI 13 LITE 8RAM 256GB', 2650000.00, 0, 1, '', NULL, 35, '2097', 0.00, 1, NULL, 3000000.00, 0, NULL, 0.00, 0.00),
(1501, 'CEL REDMI NOTE 12 PRO 5G 8RAM 256GB', 2200000.00, 0, 2, '', NULL, 35, '2098', 0.00, 1, NULL, 2500000.00, 0, NULL, 0.00, 0.00),
(1502, 'CEL IPHONE 14 DE 128GB', 6200000.00, 0, 1, '', NULL, 35, '2099', 0.00, 1, NULL, 6700000.00, 0, NULL, 0.00, 0.00),
(1503, 'XX CEL SM S22 PLUS 256GB', 3000000.00, 0, 1, '', NULL, 35, '2100', 0.00, 1, NULL, 3400000.00, 0, NULL, 0.00, 0.00),
(1504, 'XX CEL SM S21 ULTRA 5G DE 256GB', 4000000.00, 0, 2, '', NULL, 35, '2101', 0.00, 1, NULL, 4500000.00, 0, NULL, 0.00, 0.00),
(1505, 'XX CEL SM S20 FE 5G DE 128GB', 1500000.00, 0, 1, '', NULL, 35, '2102', 0.00, 1, NULL, 1900000.00, 0, NULL, 0.00, 0.00),
(1506, 'XX CEL SM S23 DE 256GB', 3500000.00, 0, 1, '', NULL, 35, '2103', 0.00, 1, NULL, 3900000.00, 0, NULL, 0.00, 0.00),
(1507, 'XXX CEL IPHONE 14 DE 128GB AL 100%', 5000000.00, 0, 1, '', NULL, 35, '2104', 0.00, 1, NULL, 5500000.00, 0, NULL, 0.00, 0.00),
(1509, 'XX CEL SM A23 DE 128GB', 900000.00, 0, 1, '', NULL, 35, '2106', 0.00, 1, NULL, 1200000.00, 0, NULL, 0.00, 0.00),
(1510, 'X CEL HUAWEI NOVA 8i DE 128GB', 800000.00, 0, -1, '', NULL, 35, '2107', 0.00, 1, NULL, 1100000.00, 0, NULL, 0.00, 0.00),
(1511, 'X HUAWEI NOVA Y60 DE 64GB', 1000000.00, 0, 1, '', NULL, 35, '2108', 0.00, 1, NULL, 1300000.00, 0, NULL, 0.00, 0.00),
(1512, 'XX CEL SM S23 ULTRA DE 256GB', 6000000.00, 0, 3, '', NULL, 35, '2109', 0.00, 1, NULL, 7000000.00, 0, NULL, 0.00, 0.00),
(1513, 'xXX IPHONE 13 PRO MAX DE 128GB 98%', 6500000.00, 0, 0, '', NULL, 35, '2110', 0.00, 1, NULL, 7000000.00, NULL, NULL, 0.00, 0.00),
(1514, 'XXX IPHONE 13 PRO MAX DE 128GB 100%', 6200000.00, 0, 1, '', NULL, 35, '2111', 0.00, 1, NULL, 6800000.00, 0, NULL, 0.00, 0.00),
(1515, 'SECADOR DE PELO BOMA', 55000.00, 0, 5, '', NULL, 49, '2112', 0.00, 1, NULL, 150000.00, 0, NULL, 0.00, 0.00),
(1516, 'ESTUFA HALOGENA BIONICA', 125000.00, 0, 3, '', NULL, 49, '2113', 0.00, 1, NULL, 180000.00, 0, NULL, 0.00, 0.00),
(1517, 'ESTUFA CUARZO BIONICA', 60000.00, 0, 4, '', NULL, 49, '2114', 0.00, 1, NULL, 120000.00, 0, NULL, 0.00, 0.00),
(1518, 'XX MOTOROLA  EDGE 20PRO DE 256GB 12RAM', 1700000.00, 0, 1, '', NULL, 35, '2115', 0.00, 1, NULL, 2000000.00, 0, NULL, 0.00, 0.00),
(1519, 'X CEL POCO X3 DE 128GB', 800000.00, 0, 1, '', NULL, 35, '2116', 0.00, 1, NULL, 1000000.00, 0, NULL, 0.00, 0.00),
(1520, 'XX SM A03CORE DE 32GB', 200000.00, 0, 1, '', NULL, 35, '2117', 0.00, 1, NULL, 300000.00, 0, NULL, 0.00, 0.00),
(1522, 'COCINA ATLAS 4H COLISEUM PLUS', 610000.00, 0, 2, '', NULL, 28, '2119', 0.00, 1, NULL, 750000.00, 0, NULL, 0.00, 0.00),
(1523, 'COCINA ATLAS 4H COLISEUM PLUS TITANIO', 610000.00, 0, 3, '', NULL, 28, '2120', 0.00, 1, NULL, 750000.00, 0, NULL, 0.00, 0.00),
(1524, 'VENTILADOR DE TECHO SPEED 5V', 210000.00, 0, 12, '', NULL, 42, '2121', 0.00, 1, NULL, 320000.00, 0, NULL, 0.00, 0.00),
(1526, 'TERMOTANQUE SPEED DE 50L VERTICAL-HORIZONTAL', 970000.00, 0, 4, '', NULL, 49, '2123', 0.00, 1, NULL, 1200000.00, 0, NULL, 0.00, 0.00),
(1527, 'AUTO RADIO ECOPOWER EP-620 4X45W', 90000.00, 0, 1, '', NULL, 49, '2124', 0.00, 1, NULL, 150000.00, 0, NULL, 0.00, 0.00),
(1528, 'AUTO RADIO ECOPOWER PANTALLA EP-7010 60W', 400000.00, 0, 1, '', NULL, 49, '2125', 0.00, 1, NULL, 550000.00, 0, NULL, 0.00, 0.00),
(1529, 'AUTO RADIO ECOPOWER EP-7018 60W', 300000.00, 0, 1, '', NULL, 49, '2126', 0.00, 1, NULL, 450000.00, 0, NULL, 0.00, 0.00),
(1530, 'AUTO RADIO ECOPOWER EP-7013 60W', 350000.00, 0, 1, '', NULL, 49, '2127', 0.00, 1, NULL, 500000.00, 0, NULL, 0.00, 0.00),
(1531, 'CEL SM A03 32GB', 700000.00, 0, -1, '', NULL, 35, '2128', 0.00, 1, NULL, 900000.00, NULL, NULL, 0.00, 0.00),
(1532, 'XX CEL SM S9 DE 64GB', 1300000.00, 0, 3, '', NULL, 35, '2129', 0.00, 1, NULL, 1500000.00, 0, NULL, 0.00, 0.00),
(1533, 'XX CEL SM A13 DE 32GB', 950000.00, 0, 1, '', NULL, 35, '2130', 0.00, 1, NULL, 1100000.00, 0, NULL, 0.00, 0.00),
(1534, 'XX CEL SM A32 5G DE 64GB', 800000.00, 0, 1, '', NULL, 35, '2131', 0.00, 1, NULL, 1000000.00, 0, NULL, 0.00, 0.00),
(1535, 'XX CEL SM A71 5G DE 128GB', 1200000.00, 0, -6, '', NULL, 35, '2132', 0.00, 1, NULL, 1500000.00, 0, NULL, 0.00, 0.00),
(1536, 'XX CEL SM NOTE 20 ULTRA DE 128GB', 2600000.00, 0, 0, '', NULL, 35, '2133', 0.00, 1, NULL, 3000000.00, 0, NULL, 0.00, 0.00),
(1537, 'XX CEL SM Z FLIP 5G DE 128GB', 2600000.00, 0, 0, '', NULL, 35, '2134', 0.00, 1, NULL, 3000000.00, 0, NULL, 0.00, 0.00),
(1538, 'Lavarropa midea ', 1700000.00, 0, 0, 'De 7kg midea de topo \n\n\n7kg midea de topo ', NULL, 49, '2135', 0.00, 1, NULL, 1900000.00, 0, NULL, 0.00, 0.00),
(1539, 'CEL SM S23 ULTRA DE 256GB', 7800000.00, 0, 1, '', NULL, 35, '2136', 0.00, 1, NULL, 8500000.00, 0, NULL, 0.00, 0.00),
(1540, 'AMPLIFICADOR KA-9000', 900000.00, 0, 2, '', NULL, 49, '2137', 0.00, 1, NULL, 1200000.00, 0, NULL, 0.00, 0.00),
(1542, 'CEL REDMI 7 DE 16 GB ', 570000.00, 0, 0, '', NULL, 35, '2138', 0.00, 1, NULL, 600000.00, 0, NULL, 0.00, 0.00),
(1543, 'CEL IPHONE 14 PRO DE 128GB ', 7500000.00, 0, 2, '', NULL, 45, '2139', 0.00, 1, NULL, 8000000.00, 0, NULL, 0.00, 0.00),
(1544, 'CEL IPHONE 11 DE 64GB ', 3500000.00, 0, 2, '', NULL, 45, '2140', 0.00, 1, NULL, 4000000.00, 0, NULL, 0.00, 0.00),
(1545, 'BALANZAS NOBEL ', 150000.00, 0, 9, '', NULL, 49, '2141', 0.00, 1, NULL, 220000.00, 0, NULL, 0.00, 0.00),
(1546, 'SOPORTE PARA TV FUITABLE FOR 26``-55``', 75000.00, 0, 9, '', NULL, 49, '2142', 0.00, 1, NULL, 150000.00, 0, NULL, 0.00, 0.00),
(1547, 'XXX CEL IPHONE 13 PRO MAX 128GB 98%', 6500000.00, 0, 1, '', NULL, 35, '2143', 0.00, 1, NULL, 7000000.00, 0, NULL, 0.00, 0.00),
(1549, 'CEL REDMI NOTE 12 128GB 6RAM', 1400000.00, 0, 1, '', NULL, 35, '2144', 0.00, 1, NULL, 1700000.00, 0, NULL, 0.00, 0.00),
(1552, 'CEL XIA NOTE 11 128GB 6RAM ', 66.00, 0, 0, '', NULL, 35, '2145', 0.00, 1, NULL, 77.00, 0, NULL, 0.00, 0.00),
(1553, 'XX CEL NOKIA G20 DE 128GB', 450000.00, 0, 1, '', NULL, 35, '2146', 0.00, 1, NULL, 650000.00, 0, NULL, 0.00, 0.00),
(1554, 'X CEL IPHONE 6S PLUS DE 16GB 100%', 800000.00, 0, 0, '', NULL, 35, '2147', 0.00, 1, NULL, 1000000.00, 0, NULL, 0.00, 0.00),
(1555, 'XX CEL SM A04E DE 32GB', 550000.00, 0, 1, '', NULL, 35, '2148', 0.00, 1, NULL, 700000.00, 0, NULL, 0.00, 0.00),
(1556, 'MI TV STICK', 320000.00, 0, 2, '', NULL, 49, '2149', 0.00, 1, NULL, 400000.00, 0, NULL, 0.00, 0.00),
(1557, 'FIRETV STICK LITE', 340000.00, 0, 5, '', NULL, 49, '2150', 0.00, 1, NULL, 440000.00, 0, NULL, 0.00, 0.00),
(1558, 'ADAPTADOR WIFI 150MBPS', 60000.00, 0, 3, '', NULL, 49, '2151', 0.00, 1, NULL, 120000.00, 0, NULL, 0.00, 0.00),
(1560, 'PLACA INFLARROJA WAER', 150000.00, 0, 4, '', NULL, 49, '2153', 0.00, 1, NULL, 250000.00, 0, NULL, 0.00, 0.00),
(1561, 'AURICULAR INALAMBRICO REDMI BUDS ESSENTIAL', 120000.00, 0, 2, '', NULL, 49, '2154', 0.00, 1, NULL, 200000.00, 0, NULL, 0.00, 0.00),
(1563, 'CEL NOKIA 105 DOBLE SIM ', 80000.00, 0, 2, '', NULL, 35, '2155', 0.00, 1, NULL, 140000.00, 0, NULL, 0.00, 0.00),
(1567, 'ROTEADOR WIFI DE 300MBPS', 95000.00, 0, 4, '', NULL, 49, '2156', 0.00, 1, NULL, 130000.00, 0, NULL, 0.00, 0.00),
(1568, 'x CEL IPHONE 11 DE 64GB AL 96%', 2300000.00, 0, 0, '', NULL, 35, '2157', 0.00, 1, NULL, 2700000.00, 0, NULL, 0.00, 0.00),
(1569, 'XXX CEL IPHONE 11 PRO DE 64GB AL 100%', 2800000.00, 0, 1, '', NULL, 35, '2158', 0.00, 1, NULL, 3200000.00, 0, NULL, 0.00, 0.00),
(1570, 'XXX CEL IPHONE XR DE 64GB AL 95%', 1800000.00, 0, 1, '', NULL, 35, '2159', 0.00, 1, NULL, 2200000.00, 0, NULL, 0.00, 0.00),
(1571, 'IPAD  5TH GENERATION SOLO PARA WIFI DE 128GB', 1100000.00, 0, 0, '', NULL, 49, '2160', 0.00, 1, NULL, 1500000.00, 0, NULL, 0.00, 0.00),
(1572, 'AURICULAR INALAMBRICO JBL ORIGINAL TUNE 510BT', 290000.00, 0, 1, '', NULL, 51, '2161', 0.00, 1, NULL, 400000.00, 0, NULL, 0.00, 0.00),
(1573, 'AHIRE SPLIT CLIMAX DE 18000BTU', 3000000.00, 0, 3, '', NULL, 46, '2162', 0.00, 1, NULL, 3400000.00, 0, NULL, 0.00, 0.00),
(1574, 'AHIRE SPLIT CLIMAX DE 12000BTU', 2200000.00, 0, 1, '', NULL, 46, '2163', 0.00, 1, NULL, 2400000.00, 0, NULL, 0.00, 0.00),
(1575, 'JBL PARTY BOX ENCORE ESSE BIVOL', 1450000.00, 0, 1, '6 HORA DE USO', NULL, 49, '2164', 0.00, 1, NULL, 1800000.00, 0, NULL, 0.00, 0.00),
(1576, 'CEL SM A14 DE 64GB ', 900000.00, 0, 9, '', NULL, 35, '2165', 0.00, 1, NULL, 110000.00, 0, NULL, 0.00, 0.00),
(1577, 'CEL SM A04E DE 64GB', 700000.00, 0, 5, '', NULL, 35, '2166', 0.00, 1, NULL, 850000.00, 0, NULL, 0.00, 0.00),
(1578, 'ESTUFA CUARZO MEGA STAR', 90000.00, 0, 2, '', NULL, 49, '2167', 0.00, 1, NULL, 150000.00, 0, NULL, 0.00, 0.00),
(1579, 'TERMO CALEFON MEGA STAR 50L HORIZONTAL-VERTICAL', 950000.00, 0, 1, '', NULL, 49, '2168', 0.00, 1, NULL, 1200000.00, 0, NULL, 0.00, 0.00),
(1581, 'CAFETERA AUTO DOLCE MEGA STAR', 490000.00, 0, 2, '', NULL, 49, '2170', 0.00, 1, NULL, 700000.00, 0, NULL, 0.00, 0.00),
(1582, 'CORTA PELO MEGA STAR CON BATERIA RECARGABLE', 55000.00, 0, 2, '', NULL, 49, '2171', 0.00, 1, NULL, 150000.00, 0, NULL, 0.00, 0.00),
(1583, 'AURICULAR JBL TUNE 510 BT', 280000.00, 0, 1, '', NULL, 49, '2172', 0.00, 1, NULL, 380000.00, 0, NULL, 0.00, 0.00),
(1584, 'RELOJ HUAWEI BAND 8', 260000.00, 0, 1, '', NULL, 49, '2173', 0.00, 1, NULL, 360000.00, 0, NULL, 0.00, 0.00),
(1585, 'PANCHITA BABYLISS PRO BNT4081UZ-320', 570000.00, 0, 0, '', NULL, 49, '2174', 0.00, 1, NULL, 800000.00, 0, NULL, 0.00, 0.00),
(1586, 'PANCHITA BABYLISS PRO BNT4091TUX-320', 560000.00, 0, 0, '', NULL, 49, '2175', 0.00, 1, NULL, 800000.00, NULL, NULL, 0.00, 0.00),
(1587, 'TV AIWA SMART 50\'\'', 2200000.00, 0, 1, '', NULL, 37, '2176', 0.00, 1, NULL, 2800000.00, 0, NULL, 0.00, 0.00),
(1588, 'PARLANTE PIONEER 320WHAT', 285000.00, 0, 2, '', NULL, 39, '2177', 0.00, 1, NULL, 380000.00, 0, NULL, 0.00, 0.00),
(1589, 'PARLANTE PIONEER 200 WHAT', 170000.00, 0, 2, '', NULL, 39, '2178', 0.00, 1, NULL, 250000.00, 0, NULL, 0.00, 0.00),
(1590, 'BALANZA SUNLIGHT 5KG', 23000.00, 0, 4, '', NULL, 49, '2179', 0.00, 1, NULL, 50000.00, 0, NULL, 0.00, 0.00),
(1591, 'MODEM ROUTER TD-W8961N', 160000.00, 0, 2, '', NULL, 49, '2180', 0.00, 1, NULL, 250000.00, 0, NULL, 0.00, 0.00),
(1592, 'CAMARA DE RETROCESO ECOPOWER', 40000.00, 0, 0, '', NULL, 49, '2181', 0.00, 1, NULL, 70000.00, NULL, NULL, 0.00, 0.00),
(1593, 'CAMARITA WIFI ', 80000.00, 0, 1, '', NULL, 49, '2182', 0.00, 1, NULL, 130000.00, 0, NULL, 0.00, 0.00),
(1594, 'TERMO SUNLIGHT', 55000.00, 0, 10, '', NULL, 49, '2183', 0.00, 1, NULL, 85000.00, 0, NULL, 0.00, 0.00),
(1595, 'GUAMPA SUNLIGHT', 40000.00, 0, 10, '', NULL, 49, '2184', 0.00, 1, NULL, 60000.00, 0, NULL, 0.00, 0.00),
(1596, 'JUEGO DE TERMO ', 110000.00, 0, -2, '', NULL, 49, '2185', 0.00, 1, NULL, 150000.00, NULL, NULL, 0.00, 0.00),
(1597, 'BALANCITA PARA JOYA', 27000.00, 0, -1, '', NULL, 49, '2186', 0.00, 1, NULL, 50000.00, NULL, NULL, 0.00, 0.00),
(1599, 'NB ACER 5 8RAM 512GB 15', 3900000.00, 0, 1, '', NULL, 50, '2187', 0.00, 1, NULL, 4300000.00, 0, NULL, 0.00, 0.00),
(1602, 'CONTROL PARA PLAY 5 SONY PINK ', 420000.00, 0, 0, '', NULL, 49, '2188', 0.00, 1, NULL, 550000.00, 0, NULL, 0.00, 0.00),
(1607, 'KIT DE TERERE STANLEY DE 1,89L', 590000.00, 0, 0, '', NULL, 49, '2189', 0.00, 1, NULL, 700000.00, 0, NULL, 0.00, 0.00),
(1609, 'XXX CEL IPHONE 11 PRO MAX  DE 512GB 88% 82% Y 81%', 3700000.00, 0, 3, '', NULL, 45, '2190', 0.00, 1, NULL, 4200000.00, 0, NULL, 0.00, 0.00),
(1611, 'XXX CEL IPHONE 11 PRO MAX DE 256GB 99%', 3700000.00, 0, 1, '', NULL, 45, '2191', 0.00, 1, NULL, 4200000.00, 0, NULL, 0.00, 0.00),
(1612, 'RELOJ SMART BRACELET', 35000.00, 0, -2, '', NULL, 49, '2192', 0.00, 1, NULL, 85000.00, NULL, NULL, 0.00, 0.00),
(1613, 'CARGADOR XIAOMI TIPO C 3.0', 23000.00, 0, 0, '', NULL, 49, '2193', 0.00, 1, NULL, 50000.00, NULL, NULL, 0.00, 0.00),
(1614, 'PARLANTE MEGA STAR 12W', 410000.00, 0, 2, '', NULL, 39, '2194', 0.00, 1, NULL, 550000.00, 0, NULL, 0.00, 0.00),
(1615, 'ESTUFA TOKYO', 170000.00, 0, 3, '', NULL, 49, '2195', 0.00, 1, NULL, 230000.00, 0, NULL, 0.00, 0.00),
(1616, 'CALOVENTOR TOKYO', 120000.00, 0, 4, '', NULL, 49, '2196', 0.00, 1, NULL, 180000.00, 0, NULL, 0.00, 0.00),
(1617, 'CHURRASQUERA PLANCHA MEGA STAR ', 350000.00, 0, 0, '', NULL, 49, '2197', 0.00, 1, NULL, 450000.00, NULL, NULL, 0.00, 0.00),
(1619, 'CHURRASQUERA PLANCHA TOKYO ', 350000.00, 0, 2, '', NULL, 49, '2197', 0.00, 1, NULL, 450000.00, 0, NULL, 0.00, 0.00),
(1621, 'ESTUFA DE 2 VELAS UTILU', 60000.00, 0, 10, '', NULL, 49, '2198', 0.00, 1, NULL, 100000.00, 0, NULL, 0.00, 0.00),
(1626, 'CAFETERA MOULINEX ', 750000.00, 0, 0, '', NULL, 49, '2199', 0.00, 1, NULL, 900000.00, 0, NULL, 0.00, 0.00),
(1628, 'ESTUFA JEFFLY LE CHE', 135000.00, 0, 6, '', NULL, 49, '2200', 0.00, 1, NULL, 180000.00, 0, NULL, 0.00, 0.00),
(1630, 'ESTUFA CALOVENTOR KL ', 70000.00, 0, 8, '', NULL, 49, '2201', 0.00, 1, NULL, 130000.00, 0, NULL, 0.00, 0.00),
(1640, 'MICROFONO ECOPOWER GRANDE', 400000.00, 0, 1, '', NULL, 49, '2202', 0.00, 1, NULL, 550000.00, 0, NULL, 0.00, 0.00),
(1645, 'OLLA MEGA STAR PANELA DE PRESSAO ELECTRICA', 380000.00, 0, 2, '', NULL, 28, '2203', 0.00, 1, NULL, 600000.00, 0, NULL, 0.00, 0.00),
(1657, 'PARLANTE MEGA STAR FIESTABOX1860 ', 600000.00, 0, 1, '', NULL, 39, '2204', 0.00, 1, NULL, 730000.00, 0, NULL, 0.00, 0.00),
(1658, 'CALCULADORA CASIO CON TICKET ', 215000.00, 0, 0, '', NULL, 49, '2205', 0.00, 5, NULL, 320000.00, NULL, NULL, 0.00, 0.00),
(1659, 'CALCULADORA CASIO CON TICKET ', 215000.00, 0, 0, '', NULL, 49, '2205', 0.00, 5, NULL, 320000.00, NULL, NULL, 0.00, 0.00),
(1661, 'CALCULADORA CASIO CON TICKET ', 215000.00, 0, 1, '', NULL, 49, '2206', 0.00, 1, NULL, 320000.00, 0, NULL, 0.00, 0.00),
(1663, 'GUAMPA CON DECORADO DIA DEL PADRE ', 40000.00, 0, 5, '', NULL, 49, '2207', 0.00, 1, NULL, 60000.00, 0, NULL, 0.00, 0.00),
(1665, 'PANTALLA ECOPOWER', 570000.00, 0, 1, '', NULL, 39, '2208', 0.00, 1, NULL, 700000.00, 0, NULL, 0.00, 0.00),
(1666, 'XXX CEL IPHONE 12 PRO MAX DE 128GB 89% Y 90%', 4600000.00, 0, 1, '', NULL, 35, '2209', 0.00, 1, NULL, 5000000.00, 0, NULL, 0.00, 0.00),
(1667, 'cargador ori iphone 20w', 60000.00, 0, 0, 'con cabesa y cable', NULL, 36, '', 0.00, 1, NULL, 100000.00, NULL, NULL, 0.00, 0.00),
(1668, 'XX CEL SM A04E 32GB', 500000.00, 0, 1, '', NULL, 35, '2210', 0.00, 1, NULL, 700000.00, 0, NULL, 0.00, 0.00),
(1669, 'BUTACA PLEGABLE', 70000.00, 0, 0, '', NULL, 49, '2211', 0.00, 1, NULL, 100000.00, NULL, NULL, 0.00, 0.00),
(1670, 'BUTACA PLEGABLE', 70000.00, 0, 0, '', NULL, 49, '2211', 0.00, 1, NULL, 100000.00, NULL, NULL, 0.00, 0.00),
(1671, 'BUTACA PLEGABLE', 70000.00, 0, 0, '', NULL, 49, '2211', 0.00, 1, NULL, 100000.00, NULL, NULL, 0.00, 0.00),
(1672, 'BUTACA PLEGABLE', 70000.00, 0, 0, '', NULL, 49, '2211', 0.00, 1, NULL, 100000.00, NULL, NULL, 0.00, 0.00),
(1673, 'BUTACA PLEGABLE', 70000.00, 0, 0, '', NULL, 49, '2211', 0.00, 1, NULL, 100000.00, NULL, NULL, 0.00, 0.00),
(1674, 'BUTACA PLEGABLE', 70000.00, 0, 0, '', NULL, 49, '2211', 0.00, 1, NULL, 100000.00, NULL, NULL, 0.00, 0.00),
(1675, 'BUTACA PLEGABLE', 70000.00, 0, 0, '', NULL, 49, '2211', 0.00, 1, NULL, 100000.00, NULL, NULL, 0.00, 0.00),
(1676, 'BUTACA PLEGABLE', 70000.00, 0, 0, '', NULL, 49, '2211', 0.00, 1, NULL, 100000.00, NULL, NULL, 0.00, 0.00),
(1677, 'BUTACA PLEGABLE', 70000.00, 0, 0, '', NULL, 49, '2211', 0.00, 1, NULL, 100000.00, NULL, NULL, 0.00, 0.00),
(1681, 'LAVARROPA WANKE', 450000.00, 0, 2, '', NULL, 49, '2212', 0.00, 1, NULL, 550000.00, 0, NULL, 0.00, 0.00),
(1683, 'LICUADORA MAXON', 120000.00, 0, 2, '', NULL, 49, '2213', 0.00, 1, NULL, 180000.00, 0, NULL, 0.00, 0.00),
(1686, 'EXPRIMIDORA DE JUGO', 80000.00, 0, 0, '', NULL, 49, '2214', 0.00, 1, NULL, 130000.00, 0, NULL, 0.00, 0.00),
(1690, 'CEL SM S23 ULTRA DE 512GB 12RAM', 8300000.00, 0, 1, '', NULL, 35, '2215', 0.00, 1, NULL, 9000000.00, 0, NULL, 0.00, 0.00),
(1691, 'RADIO LUO LU-774', 80000.00, 0, 1, '', NULL, 39, '2216', 0.00, 1, NULL, 130000.00, 0, NULL, 0.00, 0.00),
(1692, 'RADIO LUO LU-3235', 70000.00, 0, 0, '', NULL, 39, '2217', 0.00, 1, NULL, 120000.00, NULL, NULL, 0.00, 0.00),
(1693, 'AUTO RADIO ECOPOWER EP-7010', 370000.00, 0, 2, '', NULL, 49, '2218', 0.00, 1, NULL, 470000.00, 0, NULL, 0.00, 0.00),
(1694, 'AUTO RADIO ECOPOWER EP-7018 Y EP-7016', 290000.00, 0, 3, '', NULL, 49, '2219', 0.00, 1, NULL, 390000.00, 0, NULL, 0.00, 0.00),
(1695, 'AURICULAR INALAMBRICO REDMI BUDS 4 LITE', 160000.00, 0, 1, '', NULL, 49, '2220', 0.00, 1, NULL, 260000.00, 0, NULL, 0.00, 0.00),
(1696, 'GAVETA  SATE AX-233', 70000.00, 0, 5, '', NULL, 49, '2221', 0.00, 1, NULL, 120000.00, 0, NULL, 0.00, 0.00),
(1697, 'CHROMECAST WITH GOOGLE TV', 330000.00, 0, 2, '', NULL, 49, '2222', 0.00, 1, NULL, 430000.00, 0, NULL, 0.00, 0.00),
(1698, 'RADIO COMUNICADOR MOTOROLA T402', 520000.00, 0, 0, '', NULL, 49, '2223', 0.00, 1, NULL, 620000.00, 0, NULL, 0.00, 0.00),
(1699, 'CEL REDMI A2 DE 32GB 2RAM', 550000.00, 0, 10, '', NULL, 35, '2224', 0.00, 1, NULL, 700000.00, 0, NULL, 0.00, 0.00),
(1701, 'JUEGO DE TERMO STANLEY', 110000.00, 0, 10, '', NULL, 49, '2226', 0.00, 1, NULL, 150000.00, 0, NULL, 0.00, 0.00),
(1702, 'XX CEL SM S22 DE 256GB ', 2500000.00, 0, 1, '', NULL, 35, '2227', 0.00, 1, NULL, 3000000.00, 0, NULL, 0.00, 0.00),
(1703, 'XXX IPHONE 14 PRO MAX DE 256GB B99%', 7500000.00, 0, 1, '', NULL, 35, '2228', 0.00, 1, NULL, 8000000.00, 0, NULL, 0.00, 0.00),
(1704, 'XX CEL SM S22+ DE 256GB 8RAM ', 3700000.00, 0, 1, '', NULL, 35, '2229', 0.00, 1, NULL, 4100000.00, 0, NULL, 0.00, 0.00),
(1705, 'X REDMI NOTE 10 PRO DE 128GB', 1100000.00, 0, 1, '', NULL, 35, '2230', 0.00, 1, NULL, 1300000.00, 0, NULL, 0.00, 0.00),
(1706, 'XXX IPHONE 6 PLUS DE 16GB 100%', 700000.00, 0, 1, '', NULL, 35, '2231', 0.00, 1, NULL, 900000.00, 0, NULL, 0.00, 0.00),
(1707, 'XXX IPHONE 11 PRO MAX DE 512GB 100% BT', 3700000.00, 0, 0, '', NULL, 49, '2232', 0.00, 1, NULL, 4100000.00, NULL, NULL, 0.00, 0.00),
(1708, 'XXX IPHONE 12 NORMAL DE 128GB 100%BT', 3500000.00, 0, 0, '', NULL, 49, '2233', 0.00, 5, NULL, 3900000.00, NULL, NULL, 0.00, 0.00),
(1709, '11 PRO DE 64GB 100%BT', 2800000.00, 0, 0, '', NULL, 49, '2234', 0.00, 5, NULL, 32000000.00, NULL, NULL, 0.00, 0.00),
(1710, 'XXX IPHONE 12 NORMAL DE 64GB 100% BT', 3300000.00, 0, 0, '', NULL, 49, '2235', 0.00, 5, NULL, 3700000.00, NULL, NULL, 0.00, 0.00),
(1711, 'XIOMI NOTE 11 DE 128', 750000.00, 0, 3, '', NULL, 49, '2236', 0.00, 1, NULL, 900000.00, 0, NULL, 0.00, 0.00),
(1712, 'XXX XIOMI NOTE 10 PRO 64GB', 850000.00, 0, 1, '', NULL, 49, '2237', 0.00, 1, NULL, 1100000.00, 0, NULL, 0.00, 0.00),
(1713, 'XXX XIOMI REDMI 12C 64GB', 500000.00, 0, 1, '', NULL, 49, '2238', 0.00, 1, NULL, 700000.00, 0, NULL, 0.00, 0.00),
(1714, 'XXX XIOMI NOTE 11 PRO 128 GB 8RAM ', 1100000.00, 0, 0, '', NULL, 49, '2239', 0.00, 1, NULL, 1300000.00, 0, NULL, 0.00, 0.00),
(1715, 'xX SM A04 DE 32GB ', 300000.00, 0, 0, '', NULL, 35, '2240', 0.00, 1, NULL, 500000.00, 0, NULL, 0.00, 0.00),
(1716, 'XX SM A22 DE 128GB', 650000.00, 0, 1, '', NULL, 35, '2241', 0.00, 1, NULL, 950000.00, 0, NULL, 0.00, 0.00),
(1717, 'XX SM A03 CORE DE32GB ', 380000.00, 0, 1, '', NULL, 35, '2242', 0.00, 1, NULL, 580000.00, 0, NULL, 0.00, 0.00),
(1718, 'XX SM A21S DE 64GB', 550000.00, 0, 0, '', NULL, 35, '2243', 0.00, 1, NULL, 750000.00, 0, NULL, 0.00, 0.00),
(1719, 'XX SM A72 DE 128GB', 1200000.00, 0, 1, '', NULL, 35, '2244', 0.00, 1, NULL, 1500000.00, 0, NULL, 0.00, 0.00),
(1720, 'XX SM A13 DE 64GB', 650000.00, 0, 2, '', NULL, 35, '2245', 0.00, 1, NULL, 850000.00, 0, NULL, 0.00, 0.00),
(1721, 'XX SM A52 DE 128GB', 1200000.00, 0, 1, '', NULL, 35, '2246', 0.00, 1, NULL, 1500000.00, 0, NULL, 0.00, 0.00),
(1722, 'XX SM A30 32GB', 350000.00, 0, 0, '', NULL, 35, '2247', 0.00, 1, NULL, 450000.00, 0, NULL, 0.00, 0.00),
(1723, 'XX SM M12 DE 128GB', 650000.00, 0, 1, '', NULL, 35, '2248', 0.00, 1, NULL, 850000.00, 0, NULL, 0.00, 0.00),
(1724, 'X REDMI NOTE 8 DE 64GB', 550000.00, 0, 1, '', NULL, 35, '2249', 0.00, 1, NULL, 750000.00, 0, NULL, 0.00, 0.00),
(1725, 'X REDMI 10 DE 128GB', 850000.00, 0, 1, '', NULL, 35, '2250', 0.00, 1, NULL, 1050000.00, 0, NULL, 0.00, 0.00),
(1726, 'X REDMI 10 DE 64GB', 750000.00, 0, 1, '', NULL, 35, '2251', 0.00, 1, NULL, 950000.00, 0, NULL, 0.00, 0.00),
(1727, 'X REDMI 9T 128GB', 800000.00, 0, 0, '', NULL, 35, '2252', 0.00, 1, NULL, 1000000.00, 0, NULL, 0.00, 0.00),
(1728, 'XX SM M 33 DE 128GB', 1000000.00, 0, 0, '', NULL, 35, '2253', 0.00, 1, NULL, 1200000.00, 0, NULL, 0.00, 0.00),
(1729, 'TV SMART AIWA 43¨', 1500000.00, 0, 9, '', NULL, 37, '2254', 0.00, 1, NULL, 1800000.00, 0, NULL, 0.00, 0.00),
(1730, 'CEL REDMI 12 DE 256GB 8RAM', 1150000.00, 0, 1, '', NULL, 37, '2255', 0.00, 1, NULL, 1350000.00, 0, NULL, 0.00, 0.00),
(1732, 'HELADERA JAM 110 LITROS', 1250000.00, 0, 2, '', NULL, 29, '2257', 0.00, 1, NULL, 1500000.00, 0, NULL, 0.00, 0.00),
(1733, 'EXPRIMIDORA JAM 85W 1.6LITROS ', 120000.00, 0, 5, '', NULL, 49, '2258', 0.00, 1, NULL, 220000.00, 0, NULL, 0.00, 0.00),
(1734, 'X POCO X4 PRO 5G 256GB', 1200000.00, 0, 0, '', NULL, 35, '2259', 0.00, 1, NULL, 1500000.00, 0, NULL, 0.00, 0.00),
(1735, 'XX A14 4RAM 64GB ', 750000.00, 0, 1, '', NULL, 49, '2260', 0.00, 1, NULL, 900000.00, 0, NULL, 0.00, 0.00),
(1736, 'XX A04 E 32GB', 550000.00, 0, 1, '', NULL, 49, '2261', 0.00, 1, NULL, 750000.00, 0, NULL, 0.00, 0.00),
(1737, 'XXX IPHONE 12 PRO MAX DE 256GB', 400000.00, 0, 1, '', NULL, 49, '2262', 0.00, 1, NULL, 4400000.00, 0, NULL, 0.00, 0.00),
(1738, 'CABEZA SAMSUNG TIPO C', 25000.00, 0, 0, '', NULL, 49, '2263', 0.00, 1, NULL, 50000.00, NULL, NULL, 0.00, 0.00),
(1739, 'CABLE DE DOS', 7000.00, 0, 10, '', NULL, 49, '2264', 0.00, 1, NULL, 30000.00, 0, NULL, 0.00, 0.00),
(1741, 'X CEL REDMI 9 DE 64GB', 500000.00, 0, 1, '', NULL, 35, '2266', 0.00, 1, NULL, 700000.00, 0, NULL, 0.00, 0.00),
(1742, 'XX CEL SM S22 ULTRA 256GB', 4000000.00, 0, 1, '', NULL, 35, '2267', 0.00, 1, NULL, 4500000.00, 0, NULL, 0.00, 0.00),
(1743, 'XX CEL SM A9 DE 128GB', 800000.00, 0, 1, '', NULL, 35, '2268', 0.00, 1, NULL, 1000000.00, 0, NULL, 0.00, 0.00),
(1744, 'XX CEL SM A53 5G DE 128GB', 1500000.00, 0, 2, '', NULL, 35, '2269', 0.00, 1, NULL, 1700000.00, 0, NULL, 0.00, 0.00),
(1745, 'XXX CEL IPHONE X DE 64GB 72%', 1000000.00, 0, 1, '', NULL, 35, '2270', 0.00, 1, NULL, 1300000.00, 0, NULL, 0.00, 0.00),
(1746, 'XX CEL SM S22 DE 256GB', 2800000.00, 0, 1, '', NULL, 35, '2271', 0.00, 1, NULL, 3200000.00, 0, NULL, 0.00, 0.00),
(1747, 'XX CEL SM A10S DE 32GB', 400000.00, 0, 0, '', NULL, 35, '2272', 0.00, 1, NULL, 600000.00, 0, NULL, 0.00, 0.00),
(1748, 'X CEL REDMI NOTE 12 DE 128GB', 1000000.00, 0, 2, '', NULL, 35, '2273', 0.00, 1, NULL, 1300000.00, 0, NULL, 0.00, 0.00),
(1749, 'XX CEL SM A04 DE 64GB', 500000.00, 0, -1, '', NULL, 35, '2274', 0.00, 1, NULL, 700000.00, 0, NULL, 0.00, 0.00),
(1750, 'XX CEL SM A34 5G DE 128GB', 1400000.00, 0, 1, '', NULL, 35, '2275', 0.00, 1, NULL, 1700000.00, 0, NULL, 0.00, 0.00),
(1751, 'VENTILADOR INDUSTRIAL MEGA STAR PISO PARED 26¨', 410000.00, 0, 5, '', NULL, 41, '2276', 0.00, 1, NULL, 500000.00, 0, NULL, 0.00, 0.00),
(1752, 'VENTILADOR INDUSTRIAL MEGA STAR PISO PARED 30¨', 440000.00, 0, 4, '', NULL, 41, '2277', 0.00, 1, NULL, 600000.00, 0, NULL, 0.00, 0.00),
(1753, 'ASPIRADORA RECARGABLE MEGA STAR 90W', 135000.00, 0, 3, '', NULL, 49, '2278', 0.00, 1, NULL, 250000.00, 0, NULL, 0.00, 0.00),
(1754, 'XXX IPHONE 11 PRO 64GB 86%', 2800000.00, 0, 1, '', NULL, 35, '2279', 0.00, 1, NULL, 3200000.00, 0, NULL, 0.00, 0.00),
(1755, 'PILAS RECARGABLE MOX', 60000.00, 0, 4, '', NULL, 49, '2280', 0.00, 1, NULL, 100000.00, 0, NULL, 0.00, 0.00),
(1756, 'AURICULAR CON CABLE JBL TUNE 215BT', 140000.00, 0, 0, '', NULL, 51, '2281', 0.00, 1, NULL, 250000.00, 0, NULL, 0.00, 0.00),
(1757, 'CEL REDMI NOTE 12 PRO 256GB 8RAM', 1700000.00, 0, 1, '', NULL, 35, '2282', 0.00, 1, NULL, 2100000.00, 0, NULL, 0.00, 0.00),
(1758, 'TRIPODE PARA MICROFONO ', 110000.00, 0, 2, '', NULL, 49, '2283', 0.00, 1, NULL, 200000.00, 0, NULL, 0.00, 0.00),
(1759, 'CEL REDMI 12C 128GB 4RAM', 800000.00, 0, 6, '', NULL, 35, '2284', 0.00, 1, NULL, 1100000.00, 0, NULL, 0.00, 0.00),
(1760, 'XXX CEL IPHONE 11 NORMAL 128GB 81%', 2400000.00, 0, 1, '', NULL, 35, '2285', 0.00, 1, NULL, 2800000.00, 0, NULL, 0.00, 0.00),
(1762, 'XXX IPHONE X DE 64GB 100%', 1000000.00, 0, 1, '', NULL, 35, '2286', 0.00, 1, NULL, 1200000.00, 0, NULL, 0.00, 0.00),
(1764, 'table tab A8 32 GB SIN CAJA ', 800000.00, 0, 1, '', NULL, 36, '2287', 0.00, 1, NULL, 1100000.00, 0, NULL, 0.00, 0.00),
(1765, 'XX CEL SM S21 FE 5G DE 256 GB ', 1800000.00, 0, 0, '', NULL, 35, '2288', 0.00, 1, NULL, 2300000.00, NULL, NULL, 0.00, 0.00),
(1766, 'XX CEL SM S21 FE 5G DE 256 GB ', 1800000.00, 0, 0, '', NULL, 35, '2288', 0.00, 1, NULL, 2300000.00, NULL, NULL, 0.00, 0.00),
(1767, 'XX CEL SM S21 FE 5G DE 256 GB ', 1800000.00, 0, 0, '', NULL, 35, '2288', 0.00, 1, NULL, 2300000.00, NULL, NULL, 0.00, 0.00),
(1768, 'XX CEL SM S21 FE 5G DE 256 GB ', 1800000.00, 0, 0, '', NULL, 35, '2288', 0.00, 1, NULL, 2300000.00, NULL, NULL, 0.00, 0.00),
(1769, 'X CEL SM S22 DE 256GB', 2700000.00, 0, 3, '', NULL, 35, '2289', 0.00, 1, NULL, 3100000.00, 0, NULL, 0.00, 0.00),
(1770, 'X CEL SM S21 ULTRA 5G DE 256GB', 3500000.00, 0, 1, '', NULL, 35, '2290', 0.00, 1, NULL, 4000000.00, 0, NULL, 0.00, 0.00),
(1771, 'XXX IPHONE 6 PLUS DE 16GB 100%', 500000.00, 0, 1, '', NULL, 35, '2291', 0.00, 1, NULL, 700000.00, 0, NULL, 0.00, 0.00),
(1772, 'XXXX CEL MOTO E 7i POWER 32GB', 450000.00, 0, 1, '', NULL, 35, '2292', 0.00, 1, NULL, 650000.00, 0, NULL, 0.00, 0.00),
(1773, 'X CEL SM A03S DE 64GB', 700000.00, 0, 1, '', NULL, 35, '2293', 0.00, 1, NULL, 850000.00, 0, NULL, 0.00, 0.00),
(1774, 'XX CEL SM A53 5G DE 128GB', 1300000.00, 0, 0, '', NULL, 35, '2294', 0.00, 1, NULL, 1600000.00, 0, NULL, 0.00, 0.00),
(1775, 'XXX IPHONE 13 NORMAL 128GB 94%', 3800000.00, 0, 1, '', NULL, 35, '2295', 0.00, 1, NULL, 4200000.00, 0, NULL, 0.00, 0.00),
(1776, 'VENTILADOR DE PIE HDK', 110000.00, 0, 12, '', NULL, 41, '2296', 0.00, 1, NULL, 170000.00, 0, NULL, 0.00, 0.00),
(1785, 'CONGELADOR JAM 110 LITROS 1 TAPA LUZ LED ', 1350000.00, 0, 1, '', NULL, 29, '2297', 0.00, 1, NULL, 1700000.00, 0, NULL, 0.00, 0.00),
(1787, 'XX A21S 64GB 4 RAM', 600000.00, 0, 1, '', NULL, 35, '2298', 0.00, 1, NULL, 800000.00, 0, NULL, 0.00, 0.00),
(1789, 'XX A13', 650000.00, 0, 1, '', NULL, 35, '2300', 0.00, 1, NULL, 850000.00, 0, NULL, 0.00, 0.00),
(1790, 'XX A54 5G 128GB', 1600000.00, 0, 3, '', NULL, 35, '2301', 0.00, 1, NULL, 1900000.00, 0, NULL, 0.00, 0.00),
(1791, 'XX A23 128GB 4RAM', 800000.00, 0, 1, '', NULL, 35, '2302', 0.00, 1, NULL, 1000000.00, 0, NULL, 0.00, 0.00),
(1793, 'X NOTE 9PRO 128GB 8RAM', 650000.00, 0, 0, '', NULL, 35, '2304', 0.00, 1, NULL, 850000.00, 0, NULL, 0.00, 0.00),
(1794, 'XX S21 ULTRA 256GB 8RAM', 2800000.00, 0, 1, '', NULL, 35, '2305', 0.00, 1, NULL, 3000000.00, 0, NULL, 0.00, 0.00),
(1795, 'XXX IPHONE 11 DE 128GB 91%', 2500000.00, 0, 1, '', NULL, 35, '2306', 0.00, 1, NULL, 2800000.00, 0, NULL, 0.00, 0.00),
(1796, 'PILA PHILIPS AA Y AAA', 11000.00, 0, 17, '', NULL, 49, '2307', 0.00, 1, NULL, 20000.00, 0, NULL, 0.00, 0.00),
(1797, 'CARGADOR PARA AUTO MOTOROLA TURBO POWER 45', 150000.00, 0, 2, '', NULL, 49, '2308', 0.00, 1, NULL, 200000.00, 0, NULL, 0.00, 0.00),
(1798, 'XXX IPHONE 13 NORMAL 128GB', 4500000.00, 0, 1, '', NULL, 35, '2309', 0.00, 1, NULL, 4800000.00, 0, NULL, 0.00, 0.00),
(1799, 'X CEL SM S22 ULTRA DE 256GB', 4000000.00, 0, 1, '', NULL, 49, '2310', 0.00, 1, NULL, 4500000.00, 0, NULL, 0.00, 0.00),
(1800, 'X CEL SM S23 ULTRA DE 256GB', 6000000.00, 0, 1, '', NULL, 35, '2311', 0.00, 1, NULL, 6500000.00, 0, NULL, 0.00, 0.00),
(1801, 'XXX CEL IPHONE 11 NORMAL DE 128GB  100%', 2500000.00, 0, 1, '', NULL, 35, '2312', 0.00, 1, NULL, 3000000.00, 0, NULL, 0.00, 0.00),
(1802, 'XXX IPHONE 11 NORMAL 128GB 100%', 2700000.00, 0, 1, '', NULL, 35, '2313', 0.00, 1, NULL, 3100000.00, 0, NULL, 0.00, 0.00),
(1803, 'CEL SM A04E DE 32GB', 600000.00, 0, 16, '', NULL, 35, '2314', 0.00, 1, NULL, 800000.00, 0, NULL, 0.00, 0.00),
(1804, 'REDMI NOTE 12S 256GB 8RAM', 1500000.00, 0, 0, '', NULL, 35, '2315', 0.00, 1, NULL, 1800000.00, 0, NULL, 0.00, 0.00);
INSERT INTO `articulos` (`articulo`, `nombre`, `costo`, `stockmin`, `cantidad`, `descripcion`, `imagen`, `categoria`, `codBarra`, `precioVenta`, `idEsta`, `idProveedor`, `mayoritario`, `keyTwoLabor`, `fechaVence`, `menorCentaje`, `mayorCentaje`) VALUES
(1805, 'XXXX CEL MOTO E4 PLUS 16GB', 400000.00, 0, 1, '', NULL, 35, '2316', 0.00, 1, NULL, 600000.00, 0, NULL, 0.00, 0.00),
(1806, 'X REDMI 7 16GB', 400000.00, 0, 3, '', NULL, 35, '2317', 0.00, 1, NULL, 500000.00, 0, NULL, 0.00, 0.00),
(1807, 'SMART TV R9PLUS', 150000.00, 0, 4, '', NULL, 49, '2318', 0.00, 1, NULL, 200000.00, 0, NULL, 0.00, 0.00),
(1808, 'XXX IPHONE 13 PRO MAX 256GB 89%', 6400000.00, 0, 1, '', NULL, 35, '2319', 0.00, 1, NULL, 6900000.00, 0, NULL, 0.00, 0.00),
(1809, 'XXX IPHONE 13 PRO MAX DE 128GB 94%', 6000000.00, 0, 1, '', NULL, 35, '2320', 0.00, 1, NULL, 6500000.00, 0, NULL, 0.00, 0.00),
(1810, 'XXX IPHONE 13 NORMAL DE 128GB 86%', 4000000.00, 0, 1, '', NULL, 35, '2321', 0.00, 1, NULL, 4500000.00, 0, NULL, 0.00, 0.00),
(1811, 'CEL SM A24 DE 128GB', 1200000.00, 0, 10, '', NULL, 35, '2322', 0.00, 1, NULL, 1500000.00, 0, NULL, 0.00, 0.00),
(1812, 'X CEL GOOGLE PIXEL 6 PRO 128GB', 1600000.00, 0, 1, '', NULL, 35, '2323', 0.00, 1, NULL, 1800000.00, 0, NULL, 0.00, 0.00),
(1813, 'CEL IPHONE DE 128GB 100%', 2600000.00, 0, 0, '', NULL, 35, '2324', 0.00, 1, NULL, 3000000.00, NULL, NULL, 0.00, 0.00),
(1814, 'CEL IPHONE 11 NORMAL DE 128GB 100%', 2600000.00, 0, 4, '', NULL, 35, '2325', 0.00, 1, NULL, 3000000.00, 0, NULL, 0.00, 0.00),
(1815, 'XXX IPHONE 12 MINI 256GB 88%', 2500000.00, 0, 1, '', NULL, 35, '2326', 0.00, 1, NULL, 3000000.00, 0, NULL, 0.00, 0.00),
(1816, 'CEL REDMI 12 DE 128GB ', 1000000.00, 0, 4, '', NULL, 35, '2327', 0.00, 1, NULL, 1300000.00, 0, NULL, 0.00, 0.00),
(1817, 'VENTILADOR DE PIE INDUSTRIAL HDK', 320000.00, 0, 1, '', NULL, 41, '2328', 0.00, 1, NULL, 450000.00, 0, NULL, 0.00, 0.00),
(1819, 'RADIO KOLKE DE 12 CON LUZ', 500000.00, 0, 4, '', NULL, 39, '2329', 0.00, 1, NULL, 700000.00, 0, NULL, 0.00, 0.00),
(1820, 'RADIO KOLKE DE 12 ', 430000.00, 0, 10, '', NULL, 39, '2330', 0.00, 1, NULL, 650000.00, 0, NULL, 0.00, 0.00),
(1823, 'VENTILADOR TOKYO', 300000.00, 0, 0, '', NULL, 41, '', 0.00, 1, NULL, 380000.00, NULL, NULL, 0.00, 0.00),
(1824, 'VENTILADOR TOKYO', 300000.00, 0, 0, '', NULL, 41, '', 0.00, 1, NULL, 380000.00, NULL, NULL, 0.00, 0.00),
(1825, 'TV SMART KOLKE DE 43', 1350000.00, 0, 3, '', NULL, 37, '2331', 0.00, 1, NULL, 1700000.00, 0, NULL, 0.00, 0.00),
(1827, 'REDMI NOTE 12 PRO+ 5G DE 256GB', 2300000.00, 0, 1, '', NULL, 35, '2332', 0.00, 1, NULL, 2600000.00, 0, NULL, 0.00, 0.00),
(1828, 'CEL SM S23+ DE 256GB', 5400000.00, 0, 1, '', NULL, 35, '2333', 0.00, 1, NULL, 5800000.00, 0, NULL, 0.00, 0.00),
(1829, 'CEL SM S23 NORMAL DE 256GB', 5300000.00, 0, 1, '', NULL, 35, '2334', 0.00, 1, NULL, 5700000.00, 0, NULL, 0.00, 0.00),
(1830, 'TABLET SM GALAXY A7 LITE DE 32GB', 900000.00, 0, 5, '', NULL, 36, '2335', 0.00, 1, NULL, 1200000.00, 0, NULL, 0.00, 0.00),
(1831, 'RADIO ECOPOWER EP-2338', 67000.00, 0, 2, '', NULL, 49, '2336', 0.00, 1, NULL, 120000.00, 0, NULL, 0.00, 0.00),
(1832, 'RADIO ECOPOWER EP-2316', 70000.00, 0, 1, '', NULL, 49, '2337', 0.00, 1, NULL, 140000.00, 0, NULL, 0.00, 0.00),
(1833, 'RADIO ECOPOWER EP-2522', 76000.00, 0, 2, '', NULL, 49, '2338', 0.00, 1, NULL, 180000.00, 0, NULL, 0.00, 0.00),
(1834, 'CABLE RED 20METROS', 18000.00, 0, 4, '', NULL, 49, '2339', 0.00, 1, NULL, 50000.00, 0, NULL, 0.00, 0.00),
(1835, 'PENDRAI MAXELL 8GB', 22000.00, 0, 6, '', NULL, 43, '2340', 0.00, 1, NULL, 35000.00, 0, NULL, 0.00, 0.00),
(1836, 'CONTROL UNIVERSAL ECOPOWER EP-8611', 16000.00, 0, 6, '', NULL, 49, '2341', 0.00, 1, NULL, 50000.00, 0, NULL, 0.00, 0.00),
(1837, 'xXX IPHONE 14 PRO MAX DE 128GB 100%', 7800000.00, 0, 0, '', NULL, 35, '2342', 0.00, 1, NULL, 8300000.00, NULL, NULL, 0.00, 0.00),
(1839, 'VENTILADOR DE PIE Y DE PARED 2 EN 1 INDUSTRIAL HDK', 320000.00, 0, 20, '', NULL, 41, '2343', 0.00, 1, NULL, 500000.00, 0, NULL, 0.00, 0.00),
(1840, 'GPS GF-07', 80000.00, 0, 5, '', NULL, 49, '2344', 0.00, 1, NULL, 150000.00, 0, NULL, 0.00, 0.00),
(1841, 'XXX IPHONE 11 NORMAL DE 128GB 91%', 2500000.00, 0, 1, '', NULL, 35, '2345', 0.00, 1, NULL, 3000000.00, 0, NULL, 0.00, 0.00),
(1842, 'XXX IPHONE 13PRO MAX 128GB 90%', 6000000.00, 0, 0, '', NULL, 35, '2346', 0.00, 1, NULL, 6500000.00, NULL, NULL, 0.00, 0.00),
(1843, 'XXX IPHONE 13 PRO MAX 128GB 90%', 6000000.00, 0, 1, '', NULL, 35, '2347', 0.00, 1, NULL, 6500000.00, 0, NULL, 0.00, 0.00),
(1844, 'CEL IPHONE 14 PRO MAX DE 128GB CON CHIP', 8500000.00, 0, 1, '', NULL, 35, '2348', 0.00, 1, NULL, 9000000.00, 0, NULL, 0.00, 0.00),
(1845, 'XXX CEL IPHONE 11 PRO MAX DE 256GB 100%', 3600000.00, 0, 1, '', NULL, 35, '2349', 0.00, 1, NULL, 4100000.00, 0, NULL, 0.00, 0.00),
(1846, 'XXX CEL IPHONE 12 PRO MAX DE 128GB 100%', 4900000.00, 0, 1, '', NULL, 35, '2350', 0.00, 1, NULL, 5400000.00, 0, NULL, 0.00, 0.00),
(1847, 'CEL REDMI 10A 32GB', 600000.00, 0, 1, '', NULL, 35, '2351', 0.00, 1, NULL, 800000.00, 0, NULL, 0.00, 0.00),
(1848, 'CEL REDMI 10A DE 64GB', 650000.00, 0, 1, '', NULL, 35, '2352', 0.00, 1, NULL, 850000.00, 0, NULL, 0.00, 0.00),
(1849, 'CEL REDMI 10C DE 64GB', 550000.00, 0, 1, '', NULL, 35, '2353', 0.00, 1, NULL, 750000.00, 0, NULL, 0.00, 0.00),
(1850, 'CEL REDMI NOTE 12 PRO DE 256GB', 1600000.00, 0, 2, '', NULL, 35, '2354', 0.00, 1, NULL, 1900000.00, 0, NULL, 0.00, 0.00),
(1851, 'CEL REDMI NOTE 11 DE 128GB', 900000.00, 0, 1, '', NULL, 35, '2355', 0.00, 1, NULL, 1200000.00, 0, NULL, 0.00, 0.00),
(1852, 'TV AIWA 32\'\' ANDROID', 1000000.00, 0, 2, '', NULL, 37, '2356', 0.00, 1, NULL, 1300000.00, 0, NULL, 0.00, 0.00),
(1853, 'TV AIWA 32\'\' LED', 700000.00, 0, 2, '', NULL, 37, '2357', 0.00, 1, NULL, 1000000.00, 0, NULL, 0.00, 0.00),
(1854, 'TV AIWA 43\'\' SMART', 1500000.00, 0, 2, '', NULL, 37, '2358', 0.00, 1, NULL, 1800000.00, 0, NULL, 0.00, 0.00),
(1855, 'TV AIWA 55´´ SMART 4K', 2200000.00, 0, 2, '', NULL, 37, '2359', 0.00, 1, NULL, 2500000.00, 0, NULL, 0.00, 0.00),
(1856, 'TV AIWA 50´´ SMART', 2000000.00, 0, 2, '', NULL, 37, '2360', 0.00, 1, NULL, 2300000.00, 0, NULL, 0.00, 0.00),
(1857, 'TV AIWA 65´´ SMART', 3200000.00, 0, 2, '', NULL, 37, '2361', 0.00, 1, NULL, 3500000.00, 0, NULL, 0.00, 0.00),
(1858, 'TV TCL 43´´ SMART ANDROID', 1400000.00, 0, 2, '', NULL, 37, '2362', 0.00, 1, NULL, 1700000.00, 0, NULL, 0.00, 0.00),
(1860, 'TV TCL 50´´ SMART ANDROID', 2200000.00, 0, 2, '', NULL, 37, '2363', 0.00, 1, NULL, 2300000.00, 0, NULL, 0.00, 0.00),
(1861, 'TV XIAOMI 43´´ 4K', 2200000.00, 0, 2, '', NULL, 37, '2364', 0.00, 1, NULL, 2500000.00, 0, NULL, 0.00, 0.00),
(1862, 'X CEL XIAOMI 11 LITE 5G DE 128GB', 1500000.00, 0, 1, '', NULL, 35, '2365', 0.00, 1, NULL, 1700000.00, 0, NULL, 0.00, 0.00),
(1863, 'X CEL REDMI NOTE 11 PRO DE 128GB', 1150000.00, 0, 0, '', NULL, 35, '2366', 0.00, 1, NULL, 1350000.00, NULL, NULL, 0.00, 0.00),
(1864, 'X REDMO NOTE 11 PRO DE 128GB', 1200000.00, 0, 0, '', NULL, 35, '2367', 0.00, 1, NULL, 1400000.00, NULL, NULL, 0.00, 0.00),
(1865, 'X REDMI NOTE 11 PRO DE 128GB', 1200000.00, 0, 1, '', NULL, 35, '2368', 0.00, 1, NULL, 1400000.00, 0, NULL, 0.00, 0.00),
(1866, 'XXX CEL SM A24 DE 128GB', 900000.00, 0, 1, '', NULL, 35, '2369', 0.00, 1, NULL, 1200000.00, 0, NULL, 0.00, 0.00),
(1867, 'XXX CEL SM A14 DE 128GB', 700000.00, 0, 2, '', NULL, 35, '2370', 0.00, 1, NULL, 900000.00, 0, NULL, 0.00, 0.00),
(1868, 'XXX CEL SM A33 5G DE 128GB', 1100000.00, 0, 1, '', NULL, 35, '2371', 0.00, 1, NULL, 1300000.00, 0, NULL, 0.00, 0.00),
(1869, 'X CEL POCO M5S DE 128GB', 750000.00, 0, 1, '', NULL, 35, '2372', 0.00, 1, NULL, 950000.00, 0, NULL, 0.00, 0.00),
(1870, 'X CEL REDMI NOTE 12S DE 128GB', 1300000.00, 0, 1, '', NULL, 35, '2373', 0.00, 1, NULL, 1500000.00, 0, NULL, 0.00, 0.00),
(1871, 'XXX IPHONE 11 NORMAL DE 128GB 100%', 2600000.00, 0, 3, '', NULL, 35, '2374', 0.00, 1, NULL, 3000000.00, 0, NULL, 0.00, 0.00),
(1872, 'PARLANTE AIWA 400W ', 700000.00, 0, 4, '', NULL, 35, '2375', 0.00, 1, NULL, 900000.00, 0, NULL, 0.00, 0.00);

-- --------------------------------------------------------

--
-- Estructura de tabla para la tabla `categoria`
--

CREATE TABLE `categoria` (
  `idCategoria` int(11) NOT NULL,
  `nombreCategoria` varchar(50) NOT NULL
) ENGINE=InnoDB DEFAULT CHARSET=latin1;

--
-- Volcado de datos para la tabla `categoria`
--

INSERT INTO `categoria` (`idCategoria`, `nombreCategoria`) VALUES
(28, 'COSINA'),
(29, 'HELADERA'),
(35, 'Celulares'),
(36, 'TABLETA'),
(37, 'Televisores'),
(39, 'Parlante'),
(40, 'HORNO ELECTRICO'),
(41, 'VENTILADOR DE PIE'),
(42, 'VENTILADOR DE TECHO'),
(43, 'PENDRIVE'),
(44, 'MEMORI'),
(45, 'IPHONES'),
(46, 'Ahire split '),
(47, 'ventilador de pare'),
(49, 'GENERAL'),
(50, 'NOTEBOOK'),
(51, 'ACCESORIOS');

-- --------------------------------------------------------

--
-- Estructura de tabla para la tabla `detalleventa`
--

CREATE TABLE `detalleventa` (
  `idDetalleVenta` int(11) NOT NULL,
  `idV` int(11) NOT NULL,
  `nombreProducto` varchar(100) NOT NULL,
  `cantidadV` int(11) NOT NULL,
  `precio` decimal(11,2) NOT NULL,
  `fecha` date NOT NULL,
  `idArticulo` int(11) NOT NULL
) ENGINE=InnoDB DEFAULT CHARSET=utf8mb4;

--
-- Volcado de datos para la tabla `detalleventa`
--

INSERT INTO `detalleventa` (`idDetalleVenta`, `idV`, `nombreProducto`, `cantidadV`, `precio`, `fecha`, `idArticulo`) VALUES
(1, 1, 'TV JAM DE 32', 1, 1400000.00, '2022-11-07', 49),
(14, 11, 'PENDRIVE SANDISK DE 32', 3, 97500.00, '2022-11-07', 79),
(15, 13, 'JBL CHARGE 4', 1, 850000.00, '2022-11-07', 65),
(16, 15, 'CEL SM A13', 1, 1022000.00, '2022-11-07', 27),
(21, 20, 'PENDRIVE SANDISK DE 16gb', 1, 35000.00, '2022-11-08', 73),
(22, 21, 'CEL REALME SIN CAJA', 1, 1000000.00, '2022-11-08', 93),
(23, 22, 'CEL SM A03 CORE', 1, 750000.00, '2022-11-08', 28),
(24, 23, 'VENTILADOR DE PIE BRIZA', 1, 180000.00, '2022-11-08', 72),
(25, 24, 'VENTILADOR MAST DE TECHO', 3, 625000.00, '2022-11-10', 98),
(26, 25, 'CEL XIA 9T SIN CAJA ', 1, 900000.00, '2022-11-10', 85),
(27, 26, 'CEL SM a03 32 gb', 1, 800000.00, '2022-11-10', 60),
(28, 27, 'CEL XIA NOTE 11 64GB', 1, 750000.00, '2022-11-11', 90),
(29, 28, 'RADIO MEGA STAR P DE 4', 2, 2400000.00, '2022-11-11', 57),
(30, 29, 'CEL SM j7', 1, 600000.00, '2022-11-11', 43),
(31, 30, 'MEMORIA MAXELL DE 16gb ', 1, 30000.00, '2022-11-11', 74),
(32, 31, 'TV DE 43 TOKIO  ', 1, 0.00, '2022-11-11', 46),
(33, 32, 'MEMORIA MAXELL DE 16gb ', 1, 35000.00, '2022-11-11', 74),
(34, 36, 'LAVARROPA  TOKIO AUTOMATICA', 1, 1900000.00, '2022-11-11', 113),
(35, 37, 'PENDRIVE SANDISK DE 32', 1, 45000.00, '2022-11-11', 79),
(36, 38, 'TABLE PC X12', 1, 600000.00, '2022-11-11', 112),
(37, 39, 'ACEL XIA 9C SIN CAJA', 1, 750000.00, '2022-11-11', 120),
(38, 40, 'CARGADOR ECOPOWER NORMAL', 1, 20000.00, '2022-11-12', 123),
(39, 41, 'CARGADOR SM', 1, 50000.00, '2022-11-12', 125),
(40, 42, 'AHIRE SPLIT VCP 3000 FRIGORIAS', 1, 2100000.00, '2022-11-12', 92),
(41, 43, 'CEL SM J7 SIN CAJA', 1, 700000.00, '2022-11-12', 135),
(42, 44, 'AHIRE SPLIT VCP 3000 FRIGORIAS', 1, 2000000.00, '2022-11-12', 92),
(43, 45, 'CEL SM A13', 1, 1100000.00, '2022-11-12', 27),
(44, 46, 'CEL SM A03 64GB', 1, 900000.00, '2022-11-12', 62),
(45, 47, 'CEL XIA RETMI A1', 1, 650000.00, '2022-11-12', 36),
(46, 47, 'CEL XIA 9C', 1, 1000000.00, '2022-11-12', 34),
(47, 48, 'CEL XIA NOTE 11 PRO ', 1, 1900000.00, '2022-11-12', 131),
(48, 49, 'CEL XIA RETMI A1', 1, 28000.00, '2022-11-12', 36),
(49, 50, 'CEL SM A22', 1, 1200000.00, '2022-11-12', 30),
(50, 50, 'CEL SM A13', 1, 1100000.00, '2022-11-12', 27),
(51, 51, 'CARGADOR ECOPOWER TIPO C', 2, 25000.00, '2022-11-12', 122),
(52, 52, 'CEL SM a03 32 gb', 1, 850000.00, '2022-11-12', 60),
(53, 53, 'VENTILADOR DE PIE BRIZA', 1, 180000.00, '2022-11-12', 72),
(54, 54, 'CARGADOR ECOPOWER NORMAL', 1, 25000.00, '2022-11-14', 123),
(55, 55, 'VENTILADOR INDUSTRIAL HDK', 1, 500000.00, '2022-11-14', 95),
(56, 56, 'CEL SM J7 PRO', 1, 650000.00, '2022-11-14', 128),
(57, 57, 'CARGADOR SM MICRO', 1, 80000.00, '2022-11-14', 137),
(58, 58, 'VENTILADOR DE PIE BRIZA', 1, 170000.00, '2022-11-14', 72),
(59, 59, 'CARGADOR SM MICRO', 1, 80000.00, '2022-11-14', 137),
(60, 60, 'CARGADOR SM MICRO', 1, 80000.00, '2022-11-14', 137),
(61, 61, 'CARGADOR SM MICRO', 1, 80000.00, '2022-11-14', 137),
(62, 62, 'CARGADOR SM MICRO', 1, 80000.00, '2022-11-14', 137),
(63, 63, 'CARGADOR SM MICRO', 1, 80000.00, '2022-11-14', 137),
(64, 64, 'CARGADOR SM MICRO', 1, 80000.00, '2022-11-14', 137),
(65, 65, 'CARGADOR SM MICRO', 1, 80000.00, '2022-11-14', 137),
(66, 66, 'CARGADOR SM MICRO', 1, 80000.00, '2022-11-14', 137),
(67, 67, 'CARGADOR SM MICRO', 1, 80000.00, '2022-11-14', 137),
(68, 68, 'CEL SM A13', 1, 1022000.00, '2022-11-14', 27),
(69, 69, 'CEL SM A23', 1, 64000.00, '2022-11-14', 61),
(70, 70, 'TV FAMA DE 50', 1, 2800000.00, '2022-11-14', 47),
(71, 71, 'X CEL SM A71', 1, 200000.00, '2022-11-15', 144),
(72, 72, 'CEL SM A53 5G', 1, 67000.00, '2022-11-15', 146),
(73, 73, 'CARGADOR ECOPOWER TIPO C', 1, 25000.00, '2022-11-15', 122),
(74, 74, 'ANTENA DIGITAL DE TV ', 1, 50000.00, '2022-11-15', 147),
(75, 75, 'CARGADOR ECOPOWER NORMAL', 1, 20000.00, '2022-11-15', 123),
(76, 76, 'X CEL SM J7 SIN CAJA', 1, 700000.00, '2022-11-15', 135),
(77, 77, 'CEL SM A03 CORE', 1, 750000.00, '2022-11-15', 28),
(78, 78, 'CEL SM j7', 1, 700000.00, '2022-11-15', 43),
(79, 79, 'Ahire Split TOKIO 3000 FRIGORIA', 1, 2300000.00, '2022-11-15', 134),
(80, 80, 'VENTILADOR DE PIE BRIZA', 1, 180000.00, '2022-11-15', 72),
(81, 81, 'CARGADOR ECOPOWER NORMAL', 1, 25000.00, '2022-11-16', 123),
(82, 82, 'VENTILAD0R DE PIE MEGASTAR', 1, 180000.00, '2022-11-16', 71),
(83, 83, 'X CEL A03 C0RE 32GB', 1, 500000.00, '2022-11-16', 168),
(84, 85, 'CEL SM A13', 1, 1022000.00, '2022-11-16', 27),
(85, 86, 'X CEL A52 ', 1, 50000.00, '2022-11-16', 142),
(86, 86, 'X CEL A51 128GB', 1, 39000.00, '2022-11-16', 169),
(87, 86, 'CEL XIA RETMI A1', 1, 26500.00, '2022-11-16', 36),
(88, 87, 'VENTILADOR DE PIE BRIZA', 1, 180000.00, '2022-11-16', 72),
(89, 88, 'PENDRIVE SANDISK DE 16gb', 1, 35000.00, '2022-11-16', 73),
(90, 88, 'MEMORIA MAXELL DE 16gb ', 1, 35000.00, '2022-11-16', 74),
(91, 89, 'CEL XIA P0C0 X4 PRO', 1, 98000.00, '2022-11-16', 56),
(92, 90, 'CEL SM A03 CORE', 1, 750010.00, '2022-11-16', 28),
(93, 91, 'VENTILADOR DE PIE BRIZA', 1, 190000.00, '2022-11-16', 72),
(94, 92, 'X CEL SM A53 128GB', 1, 1600000.00, '2022-11-17', 187),
(95, 93, 'CEL SM A13', 2, 1200000.00, '2022-11-17', 27),
(96, 94, 'CEL SM A13', 1, 1200000.00, '2022-11-17', 27),
(97, 95, 'CARGADOR ORIGINAL CARGA RAPIDA TIPO C ', 1, 70000.00, '2022-11-17', 186),
(98, 96, 'CEL SM A22', 1, 1300000.00, '2022-11-17', 30),
(99, 97, 'TV DE 32 TOKIO', 1, 1350000.00, '2022-11-17', 48),
(100, 98, 'CARGADOR ECOPOWER NORMAL', 1, 25000.00, '2022-11-17', 123),
(101, 99, 'VENTILADOR DE PIE BRIZA', 1, 180000.00, '2022-11-18', 72),
(102, 100, 'TERMO PARA TERERE Y MATE VESTAX 1.3 L ', 1, 180000.00, '2022-11-18', 201),
(103, 101, 'CEL SM A04 4 RAM Y 64GB', 1, 150000.00, '2022-11-18', 213),
(104, 102, 'CEL SM A04 4 RAM Y 64GB', 1, 1050000.00, '2022-11-18', 213),
(105, 103, 'CEL SM A23', 1, 1500000.00, '2022-11-18', 61),
(106, 104, 'ventilador de techo briza pesado', 1, 280000.00, '2022-11-18', 165),
(107, 105, 'AUTORADIO PIONEER SIN BLUETOOTH MVH-85UB', 1, 400000.00, '2022-11-18', 205),
(108, 106, 'X CEL SM A23 128GB', 1, 2450000.00, '2022-11-18', 170),
(109, 106, 'CEL SM A13', 1, 0.00, '2022-11-18', 27),
(110, 106, 'CEL XIA 9A', 1, 0.00, '2022-11-18', 33),
(111, 107, 'AHIRE SPLIT VCP 3000 FRIGORIAS', 1, 2100000.00, '2022-11-18', 92),
(112, 108, 'AHIRE SPLIT VCP 3000 FRIGORIAS', 1, 200000.00, '2022-11-18', 92),
(113, 109, 'CARGADOR ECOPOWER NORMAL', 1, 20000.00, '2022-11-18', 123),
(114, 110, 'X CEL SM J7 SIN CAJA', 1, 500000.00, '2022-11-18', 135),
(115, 110, 'CEL XIA RETMI A1', 1, 700000.00, '2022-11-18', 36),
(116, 110, 'CARGADOR DE IPH X ', 1, 50000.00, '2022-11-18', 194),
(117, 111, 'CEL SM A03 64GB', 1, 1000000.00, '2022-11-18', 62),
(118, 112, 'MODEN RUTER TEPELIN', 1, 250000.00, '2022-11-18', 154),
(119, 113, 'CARGADOR ECOPOWER TIPO C', 1, 20000.00, '2022-11-18', 122),
(120, 114, 'X CEL IPH 11 128GB 88%', 1, 2900000.00, '2022-11-18', 164),
(121, 115, 'VENTILAD0R DE PIE MEGASTAR', 1, 180000.00, '2022-11-18', 71),
(122, 116, 'CARGADOR DE IPH X ', 1, 0.00, '2022-11-19', 194),
(123, 117, 'CEL SM A03 CORE', 1, 700000.00, '2022-11-19', 28),
(124, 118, 'VENTILAD0R DE PIE MEGASTAR', 2, 180000.00, '2022-11-19', 71),
(125, 119, 'X CEL SM A70 128GB', 1, 950000.00, '2022-11-19', 174),
(126, 119, 'X SAM A13 64GB', 1, 850000.00, '2022-11-19', 212),
(127, 119, 'X CEL SM A51', 1, 950000.00, '2022-11-19', 152),
(128, 119, 'CEL XIA RETMI A1', 1, 650000.00, '2022-11-19', 36),
(129, 119, 'CARGADOR ECOPOWER TIPO C', 2, 25000.00, '2022-11-19', 122),
(130, 120, 'CARGADOR ECOPOWER NORMAL', 1, 25000.00, '2022-11-19', 123),
(131, 121, 'termo mast sport 750 litros', 1, 80000.00, '2022-11-19', 91),
(132, 122, 'MEMORIA SANDISK DE 32gb', 1, 40000.00, '2022-11-19', 76),
(133, 123, 'X CEL SM A70 128GB', 1, 950000.00, '2022-11-19', 174),
(134, 123, 'X CEL SM A51', 1, 950000.00, '2022-11-19', 152),
(135, 123, 'X SAM A13 64GB', 1, 800000.00, '2022-11-19', 212),
(136, 123, 'CARGADOR ECOPOWER TIPO C', 2, 25000.00, '2022-11-19', 122),
(137, 123, 'CEL XIA RETMI A1', 1, 650000.00, '2022-11-19', 36),
(138, 124, 'CEL SM a03 32 gb', 2, 770000.00, '2022-11-19', 60),
(139, 124, 'CEL SM A03 CORE', 1, 700010.00, '2022-11-19', 28),
(140, 125, 'X CEL IPHONE 7 sin caja', 1, 900000.00, '2022-11-19', 94),
(141, 126, 'MEMORIA SANDISK DE 32gb', 1, 50000.00, '2022-11-19', 76),
(142, 127, ' X CEL SM A12 SIN CAJA', 1, 750000.00, '2022-11-19', 78),
(143, 128, 'CARGADOR ECOPOWER TIPO C', 1, 20000.00, '2022-11-19', 122),
(144, 129, 'PENDRIVE SANDISK DE 32', 1, 40000.00, '2022-11-19', 79),
(145, 130, 'VENTILAD0R DE PIE MEGASTAR', 1, 170000.00, '2022-11-19', 71),
(146, 131, 'VENTILAD0R DE PIE MEGASTAR', 1, 170000.00, '2022-11-19', 71),
(147, 132, 'LICUADORA JEFFY KLD-465', 1, 200000.00, '2022-11-19', 111),
(148, 134, 'TV COMSUMER 32 PULGADAS', 1, 6000.00, '2022-11-21', 191),
(149, 135, 'X CEL IPH 13 128 GB 99%', 1, 4300000.00, '2022-11-21', 219),
(150, 136, 'LICUADORA JEFFY KLD-465', 1, 200000.00, '2022-11-21', 111),
(151, 137, 'CEL SM A22', 1, 1300000.00, '2022-11-21', 30),
(152, 138, 'CEL SM A13', 1, 1200.00, '2022-11-21', 27),
(153, 139, 'LICUADORA TOKYO', 1, 250000.00, '2022-11-21', 108),
(154, 140, 'CARGADOR ECOPOWER TIPO C', 1, 20000.00, '2022-11-21', 122),
(155, 141, 'X CEL SM S9 ', 1, 1100000.00, '2022-11-21', 138),
(156, 142, 'CARGADOR ORIGINAL CARGA RAPIDA TIPO C ', 1, 70000.00, '2022-11-21', 186),
(157, 143, 'CARGADOR ORIGINAL CARGA RAPIDA TIPO C ', 1, 0.00, '2022-11-22', 186),
(158, 144, 'CEL SM A13', 1, 1300.00, '2022-11-22', 27),
(159, 145, 'VENTILADOR DE TECHO WATSON ', 1, 0.00, '2022-11-22', 190),
(160, 146, 'CEL SM A53 5G', 1, 2500000.00, '2022-11-22', 146),
(161, 147, 'Ahire Split TOKIO 3000 FRIGORIA', 1, 2300000.00, '2022-11-22', 134),
(162, 148, 'X CEL A22 128GB. ', 1, 0.00, '2022-11-22', 211),
(163, 149, 'CEL SM A03 CORE', 1, 750010.00, '2022-11-22', 28),
(164, 150, 'CEL SM a03 32 gb', 1, 660000.00, '2022-11-22', 60),
(165, 151, 'CEL SM A03 CORE', 1, 720010.00, '2022-11-22', 28),
(166, 152, 'prueba', 1, 0.00, '2022-11-22', 226),
(167, 153, 'CEL XIA 9A', 1, 750000.00, '2022-11-22', 33),
(168, 154, 'CEL XIA 9A', 1, 850000.00, '2022-11-22', 33),
(169, 154, 'CEL XIA 9A', 1, 850000.00, '2022-11-22', 33),
(170, 155, 'PARLANTE DE 15  HDK 5000WHAT', 1, 850000.00, '2022-11-22', 189),
(171, 156, 'X SAM S20FE 128GB 6RAM', 1, 1950000.00, '2022-11-23', 210),
(172, 157, 'JARRA ELECTRICA JAM', 1, 180000.00, '2022-11-23', 70),
(173, 158, 'JARRA ELECTRICA KLD-122', 1, 65000.00, '2022-11-23', 101),
(174, 159, 'JARRA ELECTRICA KLD-122', 1, 60000.00, '2022-11-23', 101),
(175, 160, 'PARLANTE DE 15  HDK 5000WHAT', 1, 600000.00, '2022-11-23', 189),
(176, 161, 'JARRA ELECTRICA KLD-122', 1, 2500.00, '2022-11-23', 101),
(177, 162, 'CEL SM A13', 1, 1200.00, '2022-11-23', 27),
(178, 163, 'MODEN RUTER TEPELIN', 1, 250000.00, '2022-11-23', 154),
(179, 164, 'CEL SM A13', 1, 1150.00, '2022-11-23', 27),
(180, 165, 'CARGADOR ECOPOWER TIPO C', 1, 25000.00, '2022-11-24', 122),
(181, 166, 'AUTORRADIO PIONEER CON BLUETOOTH MVH-S215BT', 1, 650000.00, '2022-11-24', 206),
(182, 167, 'X CEL A51 128GB', 1, 1100000.00, '2022-11-24', 169),
(183, 168, 'CEL XIA NOTE 11 4 Y 128GB', 1, 1300000.00, '2022-11-24', 64),
(184, 168, 'CEL SM A13', 1, 1100.00, '2022-11-24', 27),
(185, 169, 'Ahire Split TOKIO 3000 FRIGORIA', 1, 2150000.00, '2022-11-24', 134),
(186, 170, 'Ahire Split TOKIO 3000 FRIGORIA', 1, 2300000.00, '2022-11-24', 134),
(187, 171, 'X CEL IPH 8 64GB 100%', 1, 1700000.00, '2022-11-25', 182),
(188, 172, 'prueba', 1, 0.00, '2022-11-25', 274),
(189, 172, 'prueba', 1, 0.00, '2022-11-25', 274),
(190, 172, 'prueba', 1, 0.00, '2022-11-25', 274),
(191, 172, 'prueba', 1, 0.00, '2022-11-25', 274),
(192, 173, 'prueba', 1, 0.00, '2022-11-25', 274),
(193, 173, 'prueba', 1, 0.00, '2022-11-25', 274),
(194, 173, 'prueba', 1, 0.00, '2022-11-25', 274),
(195, 174, 'prueba', 1, 0.00, '2022-11-25', 274),
(196, 174, 'prueba', 1, 0.00, '2022-11-25', 274),
(197, 174, 'prueba', 1, 0.00, '2022-11-25', 274),
(198, 175, 'prueba', 1, 0.00, '2022-11-25', 274),
(199, 176, 'prueba', 1, 0.00, '2022-11-25', 226),
(200, 177, 'prueba', 1, 0.00, '2022-11-25', 226),
(201, 178, 'prueba', 1, 0.00, '2022-11-25', 226),
(202, 179, 'X CEL POCO X3 PRO 8 Y 256', 1, 1400000.00, '2022-11-25', 139),
(203, 180, 'HORNO 38 LITROS MEGASTAR', 1, 450000.00, '2022-11-26', 67),
(204, 181, 'VENTILAD0R DE PIE MEGASTAR', 1, 170000.00, '2022-11-26', 71),
(205, 182, 'REPETIDOR DE WIFI TP LINK TL-WA855RE', 1, 230000.00, '2022-11-26', 314),
(206, 183, 'CARGADOR DE IPH X ', 1, 70000.00, '2022-11-26', 194),
(207, 184, 'CARGADOR DE IPH X ', 1, 70000.00, '2022-11-26', 194),
(208, 185, 'CEL SM a03 32 gb', 1, 29800.00, '2022-11-26', 60),
(209, 185, 'CEL XIA RETMI A1', 1, 28000.00, '2022-11-26', 36),
(210, 185, 'CEL XIA 9A', 1, 31000.00, '2022-11-26', 33),
(211, 185, 'X CEL IPH 7 DE 128 GB', 1, 45000.00, '2022-11-26', 229),
(212, 186, 'MAUS INALAMBRICO HAVIT', 1, 50000.00, '2022-11-26', 324),
(213, 187, 'LICUADORA PHILIPS', 1, 250000.00, '2022-11-26', 109),
(214, 188, 'CEL XIA NOTE 11 PRO ', 1, 1900000.00, '2022-11-26', 131),
(215, 189, 'AURICULAR XIAOMI', 1, 190000.00, '2022-11-26', 118),
(216, 190, 'CEL SM A33', 1, 40000.00, '2022-11-26', 31),
(217, 191, 'CEL XIAOMI NOTE 11 PRO 5G DE 128', 1, 2150000.00, '2022-11-27', 265),
(218, 191, 'LUS LED DE HILO 300L', 1, 10000.00, '2022-11-27', 326),
(219, 191, 'LUS LED DE HILO 300L', 1, 10000.00, '2022-11-27', 326),
(220, 191, 'LUS LED DE 100L', 1, 10000.00, '2022-11-27', 325),
(221, 191, 'LUS LED DE 100L', 1, 10000.00, '2022-11-27', 325),
(222, 192, 'CEL XIAOMI NOTE 11 PRO 5G DE 128', 1, 2150000.00, '2022-11-27', 265),
(223, 192, 'LUS LED DE HILO 300L', 1, 10000.00, '2022-11-27', 326),
(224, 192, 'LUS LED DE HILO 300L', 1, 10000.00, '2022-11-27', 326),
(225, 192, 'LUS LED DE 100L', 1, 10000.00, '2022-11-27', 325),
(226, 192, 'LUS LED DE 100L', 1, 10000.00, '2022-11-27', 325),
(227, 193, 'CEL XIAOMI NOTE 11 PRO 5G DE 128', 1, 2150000.00, '2022-11-27', 265),
(228, 193, 'LUS LED DE HILO 300L', 1, 10000.00, '2022-11-27', 326),
(229, 193, 'LUS LED DE HILO 300L', 1, 10000.00, '2022-11-27', 326),
(230, 193, 'LUS LED DE 100L', 1, 10000.00, '2022-11-27', 325),
(231, 193, 'LUS LED DE 100L', 1, 10000.00, '2022-11-27', 325),
(232, 194, 'X CEL SM J7 SIN CAJA', 1, 600000.00, '2022-11-28', 135),
(233, 195, 'CARGADOR ORIGINAL CARGA RAPIDA TIPO C ', 1, 50000.00, '2022-11-28', 186),
(234, 196, 'Licuadora Scarlett', 1, 100000.00, '2022-11-28', 277),
(235, 197, 'Licuadora Scarlett', 1, 100000.00, '2022-11-28', 277),
(236, 198, 'CEL SM A13', 1, 1200.00, '2022-11-28', 27),
(237, 199, 'VENTILAD0R DE PIE MEGASTAR', 1, 170000.00, '2022-11-28', 71),
(238, 200, 'Ahire Split TOKIO 3000 FRIGORIA', 1, 2300000.00, '2022-11-28', 134),
(239, 201, 'termo mast sport 750 litros', 1, 80000.00, '2022-11-28', 91),
(240, 201, 'termo mast sport 750 litros', 1, 0.00, '2022-11-28', 91),
(241, 202, 'VENTILADOR INDUSTRIAL HDK', 1, 550000.00, '2022-11-28', 95),
(242, 203, 'juego de agua fria con guampa  stanley', 1, 200000.00, '2022-11-28', 341),
(243, 204, 'JBL PARTY BOX 100', 1, 2300000.00, '2022-11-28', 267),
(244, 205, 'X CEL SM S21 8 Y 256', 1, 2300000.00, '2022-11-28', 215),
(245, 206, 'RELOJ SMART LUO', 1, 120000.00, '2022-11-28', 374),
(246, 207, 'VENTILADOR DE PIE JAM PATA REDONDA', 1, 320000.00, '2022-11-28', 305),
(247, 208, 'TAB A7', 1, 1100000.00, '2022-11-28', 37),
(248, 209, 'VENTILAD0R DE PIE MEGASTAR', 1, 100000.00, '2022-11-28', 71),
(249, 210, 'VENTILADOR DE PIE JAM PATA REDONDA', 1, 320000.00, '2022-11-29', 305),
(250, 211, 'PENDRIVE SANDISK DE 32', 1, 45000.00, '2022-11-29', 79),
(251, 212, 'X CEL XIA NOTE 10 PRO DE 128gb ', 1, 1150000.00, '2022-11-29', 388),
(252, 213, 'CEL XIA NOTE 11 4 Y 128GB', 1, 1400000.00, '2022-11-29', 64),
(253, 214, 'CEL XIA RETMI A1', 1, 700000.00, '2022-11-29', 36),
(254, 215, 'X CEL XIA NOTE 11S DE 5G 128gb', 1, 1200000.00, '2022-11-29', 389),
(255, 216, 'X CEL XIA NOTE 11S DE 5G 128gb', 1, 1200000.00, '2022-11-29', 389),
(256, 217, 'LICUADORA JEFFY KLD-465', 1, 200000.00, '2022-11-29', 111),
(257, 218, 'CARGADOR ORIGINAL DE IPH', 1, 100000.00, '2022-11-29', 193),
(258, 219, 'ventilador techo briza liviano', 1, 230000.00, '2022-11-29', 166),
(259, 220, 'Ahire Split TOKIO 3000 FRIGORIA', 1, 2200000.00, '2022-11-29', 134),
(260, 221, 'PARLANTE DE 15  HDK 5000WHAT', 1, 850000.00, '2022-11-29', 189),
(261, 222, 'X CEL A52 128GB', 1, 1700000.00, '2022-11-29', 394),
(262, 223, 'X CEL XIA POCO X3 PRO DE 128gb', 1, 1200000.00, '2022-11-29', 214),
(263, 224, 'ventilador de techo briza pesado', 1, 280000.00, '2022-11-30', 165),
(264, 225, 'CEL SM A04 4 RAM Y 32 GB', 1, 32000.00, '2022-11-30', 323),
(265, 226, 'LUS LED DE 300L', 1, 90000.00, '2022-11-30', 327),
(266, 227, 'CONTROL PARA PLAY 3 CON Y SIN DISEÑO', 1, 120000.00, '2022-11-30', 208),
(267, 228, 'LICUADORA JEFFY KLD-465', 1, 200000.00, '2022-11-30', 111),
(268, 229, 'CEL SM A04 4 RAM Y 64GB', 1, 950000.00, '2022-11-30', 213),
(269, 230, 'CEL SM A13', 1, 1150.00, '2022-11-30', 27),
(270, 231, 'PENDRIVE SANDISK DE 32', 1, 50000.00, '2022-11-30', 79),
(271, 232, 'CEL SM A22', 1, 1400000.00, '2022-11-30', 30),
(272, 233, 'X CEL XIA 11T PRO 8 Y 256GB', 1, 0.00, '2022-11-30', 395),
(273, 234, 'X CEL IPH 8 64GB 100%', 1, 2100000.00, '2022-11-30', 182),
(274, 235, 'RELOJ MI BAN 5', 1, 220000.00, '2022-11-30', 373),
(275, 236, 'AHIRE SPLIT JAM 4500 FRIGORIA 18000BTU', 1, 3600000.00, '2022-11-30', 390),
(276, 237, 'CEL SM A13', 1, 1100.00, '2022-11-30', 27),
(277, 238, 'AUTORRADIO PIONEER CON BLUETOOTH MVH-S215BT', 1, 550000.00, '2022-12-01', 206),
(278, 239, 'CEL SM A03 CORE', 1, 750.00, '2022-12-01', 28),
(279, 240, 'CEL SM A22', 1, 1300000.00, '2022-12-01', 30),
(280, 240, 'CEL XIA RETMI A1', 1, 700000.00, '2022-12-01', 36),
(281, 240, 'CEL SM A03 CORE', 1, 700000.00, '2022-12-01', 28),
(282, 240, 'CEL SM A04 4 RAM Y 32 GB', 1, 850000.00, '2022-12-01', 323),
(283, 241, 'LICUADORA ARNO', 1, 250000.00, '2022-12-01', 110),
(284, 242, 'VENTILADOR INDUSTRIAL DE PIE MOTOR DE 30 BASE REDONDA', 1, 650000.00, '2022-12-01', 306),
(285, 243, 'VENTILADOR INDUSTRIAL DE PIE MOTOR DE 30 BASE REDONDA', 1, 650000.00, '2022-12-01', 306),
(286, 244, 'AHIRE SPLIT  TOKIO 3000 FRIGORIA', 1, 2300000.00, '2022-12-01', 134),
(287, 245, 'X SAM S20FE 128GB 6RAM', 1, 2000.00, '2022-12-01', 210),
(288, 245, 'CARGADOR ORIGINAL CARGA RAPIDA TIPO C ', 1, 70000.00, '2022-12-01', 186),
(289, 246, 'JBL CHARGE 4', 1, 780.00, '2022-12-01', 65),
(290, 247, 'LICUADORA PHILIPS', 1, 250000.00, '2022-12-01', 109),
(291, 248, 'CEL SM A04 4 RAM Y 32 GB', 1, 850000.00, '2022-12-01', 323),
(292, 249, 'RELOJ SMART LUO', 1, 110000.00, '2022-12-01', 374),
(293, 251, 'CARGADOR ECOPOWER NORMAL', 1, 25000.00, '2022-12-01', 123),
(294, 252, 'CEL SM A04 4 RAM Y 64GB', 1, 1100000.00, '2022-12-01', 213),
(295, 253, 'CARGADOR PORTATIL 22000MAH', 1, 80000.00, '2022-12-01', 300),
(296, 253, 'CARGADOR ORIGINAL CARGA RAPIDA TIPO C ', 1, 70000.00, '2022-12-01', 186),
(297, 254, 'JBL FLIT 5', 1, 0.00, '2022-12-01', 66),
(298, 255, 'VENTILADOR INDUSTRIAL DE PIE MOTOR DE 30 BASE REDONDA', 2, 620000.00, '2022-12-02', 306),
(299, 255, 'VENTILADOR DE TECHO JAM PESADO', 5, 270000.00, '2022-12-02', 302),
(300, 256, 'CEL SM A13', 1, 1200.00, '2022-12-02', 27),
(301, 257, 'CARGADOR PORTATIL 22000MAH', 1, 130000.00, '2022-12-02', 300),
(302, 258, 'VENTILADOR LUXEP DE TECHO', 1, 180.00, '2022-12-02', 99),
(303, 259, 'CEL SM A03 CORE', 1, 750.00, '2022-12-02', 28),
(304, 260, 'CEL XIA POCO X4 PRO', 1, 2350.00, '2022-12-02', 145),
(305, 261, 'AHIRE SPLIT JAM 4500 FRIGORIA 18000BTU', 1, 3500000.00, '2022-12-02', 390),
(306, 262, 'CARGADOR PORTATIL 12.000', 1, 80000.00, '2022-12-02', 299),
(307, 263, 'CEL SM A04 4 RAM Y 64GB', 1, 1100000.00, '2022-12-02', 213),
(308, 264, 'CEL SM A04 4 RAM Y 32 GB', 1, 900000.00, '2022-12-02', 323),
(309, 265, 'VENTILADOR DE PIE BRIZA', 1, 180000.00, '2022-12-02', 72),
(310, 266, 'CEL SM A33', 1, 2300000.00, '2022-12-03', 31),
(311, 267, 'CARGADOR ORIGINAL CARGA RAPIDA TIPO C ', 1, 70000.00, '2022-12-03', 186),
(312, 268, 'AHIRE SPLIT  TOKIO 3000 FRIGORIA', 1, 2250000.00, '2022-12-03', 134),
(313, 269, 'AURICULAR BT LUO INALAM', 1, 100000.00, '2022-12-03', 416),
(314, 270, 'CEL SM A03 CORE', 1, 700.00, '2022-12-03', 28),
(315, 271, 'FUENTE DE 10AMPER ', 1, 130000.00, '2022-12-03', 262),
(316, 272, 'CEL SM A04 4 RAM Y 32 GB', 1, 800000.00, '2022-12-03', 323),
(317, 273, 'CEL SM A13', 1, 1200.00, '2022-12-03', 27),
(318, 274, 'VENTILADOR DE PIE BRIZA', 2, 170000.00, '2022-12-03', 72),
(319, 275, 'CARGADOR ECOPOWER NORMAL', 1, 20000.00, '2022-12-03', 123),
(320, 276, 'CARGADORIPHONE OR XS ', 1, 70000.00, '2022-12-03', 366),
(321, 277, 'PENDRIVE SANDISK DE 32', 1, 35000.00, '2022-12-03', 79),
(322, 278, 'ANTENA DIGITAL DE TV ', 1, 60000.00, '2022-12-03', 147),
(323, 279, 'AHIRE SPLIT JAM DE 3000 FRIGORIA', 1, 2300000.00, '2022-12-03', 501),
(324, 280, 'AHIRE SPLIT JAM DE 3000 FRIGORIA', 1, 4400000.00, '2022-12-03', 501),
(325, 281, 'CEL XIA NOTE 11 PRO ', 1, 1700000.00, '2022-12-03', 131),
(326, 282, 'VENTILADOR DE TECHO WATSON ', 2, 450000.00, '2022-12-03', 190),
(327, 283, 'licuadora mondial ', 1, 200000.00, '2022-12-03', 331),
(328, 284, 'JBL FLIT 5', 2, 550000.00, '2022-12-03', 66),
(329, 285, 'ventilador de techo briza pesado', 1, 280000.00, '2022-12-05', 165),
(330, 286, 'VENTILADOR INDUSTRIAL DE PIE MOTOR DE 30 BASE REDONDA', 1, 700000.00, '2022-12-05', 306),
(331, 287, 'AUTO RADIO ECOPOWER EP-602', 1, 120000.00, '2022-12-05', 308),
(332, 288, 'VENTILADOR DE TECHO JAM PESADO', 1, 0.00, '2022-12-05', 302),
(333, 289, 'VENTILADOR DE TECHO WATSON ', 1, 450.00, '2022-12-05', 190),
(334, 290, 'VENTILADOR DE PIE JAM PATA REDONDA', 1, 350000.00, '2022-12-05', 305),
(335, 290, 'CARGADOR ORIGINAL CARGA RAPIDA TIPO C ', 1, 50000.00, '2022-12-05', 186),
(336, 291, 'AHIRE SPLIT  TOKIO 3000 FRIGORIA', 1, 2300000.00, '2022-12-05', 134),
(337, 292, 'VENTILADOR DE PIE BRIZA', 1, 0.00, '2022-12-05', 72),
(338, 293, 'AHIRE SPLIT VCP 3000 FRIGORIAS', 1, 2100000.00, '2022-12-05', 92),
(339, 294, 'AHIRE SPLIT  TOKIO 3000 FRIGORIA', 2, 2300000.00, '2022-12-05', 134),
(340, 295, 'CONSOLA DE 8 CANALES', 1, 1600000.00, '2022-12-05', 260),
(341, 296, 'HELADERA MIDAS DE 300L MD-HD300LBIM', 1, 1900000.00, '2022-12-05', 496),
(342, 297, 'VENTILADOR DE PIE BRIZA', 1, 170000.00, '2022-12-05', 72),
(343, 298, 'CEL SM A13', 1, 1100.00, '2022-12-05', 27),
(344, 299, 'CEL SM A03 CORE', 1, 700.00, '2022-12-05', 28),
(345, 299, 'CEL XIA RETMI A1', 1, 680000.00, '2022-12-05', 36),
(346, 299, 'CEL XIA P0C0 X4 PRO', 1, 2100000.00, '2022-12-05', 56),
(347, 300, 'FUENTE DE 10AMPER ', 1, 130000.00, '2022-12-05', 262),
(348, 301, 'VENTILADOR DE PIE BRIZA', 1, 180000.00, '2022-12-05', 72),
(349, 302, 'CARGADOR ORIGINAL CARGA RAPIDA TIPO C ', 1, 70000.00, '2022-12-06', 186),
(350, 303, 'CARGADOR ORIGINAL CARGA RAPIDA TIPO C ', 1, 70000.00, '2022-12-06', 186),
(351, 304, 'AHIRE SPLIT JAM DE 3000 FRIGORIA', 1, 2100000.00, '2022-12-06', 501),
(352, 305, 'CEL XIA NOTE 11 PRO ', 1, 1800000.00, '2022-12-06', 131),
(353, 306, 'VENTILADOR INDUSTRIAL HDK DE TECHO', 1, 550000.00, '2022-12-06', 95),
(354, 307, 'VENTILADOR DE PIE BRIZA', 1, 180000.00, '2022-12-06', 72),
(355, 308, 'CEL SM A53 5G', 1, 2600000.00, '2022-12-06', 146),
(356, 309, 'CEL XIA NOTE 11 4 Y 128GB', 1, 1340000.00, '2022-12-06', 64),
(357, 310, 'CEL XIA NOTE 11 4 Y 128GB', 1, 1340000.00, '2022-12-06', 64),
(358, 311, 'SOPRTE GIRATORIO LUO', 1, 94000.00, '2022-12-06', 156),
(359, 312, 'CONTADOR DE BILLETES QUANTA 220V', 1, 750000.00, '2022-12-06', 503),
(360, 313, 'CARGADOR ECOPOWER TIPO C', 1, 25000.00, '2022-12-06', 122),
(361, 314, 'X CEL IPH 13 256GB 88%', 1, 4500000.00, '2022-12-06', 183),
(362, 315, 'VENTILADOR DE PIE BRIZA', 1, 180000.00, '2022-12-06', 72),
(363, 316, 'AHIRE SPLIT JAM DE 3000 FRIGORIA', 1, 2100000.00, '2022-12-06', 501),
(364, 317, 'CARGADOR ORIGINAL CARGA RAPIDA TIPO C ', 1, 70000.00, '2022-12-06', 186),
(365, 318, 'ANTENA DIGITAL DE TV ', 1, 70000.00, '2022-12-06', 147),
(366, 319, 'VENTILADOR DE PIE BRIZA', 1, 180000.00, '2022-12-06', 72),
(367, 320, 'JBL CHARGE 4', 1, 850000.00, '2022-12-06', 65),
(368, 321, 'VENTILADOR DE TECHO JAM PESADO', 2, 280000.00, '2022-12-06', 302),
(369, 322, 'VENTILADOR DE PIE JAM PATA REDONDA', 1, 280000.00, '2022-12-06', 305),
(370, 323, 'AHIRE SPLIT JAM DE 3000 FRIGORIA', 3, 2250000.00, '2022-12-07', 501),
(371, 324, 'LICUADORA PHILIPS', 1, 220000.00, '2022-12-07', 109),
(372, 325, 'CEL SM A04 4 RAM Y 64GB', 1, 1050000.00, '2022-12-07', 213),
(373, 326, 'X CEL SM A21S', 1, 850000.00, '2022-12-07', 171),
(374, 327, 'VENTILADOR DE PIE BRIZA', 2, 0.00, '2022-12-07', 72),
(375, 328, 'AHIRE SPLIT DE 18 MIDAS', 1, 0.00, '2022-12-07', 513),
(376, 329, 'VENTILADOR DE TECHO JAM PESADO', 1, 280000.00, '2022-12-07', 302),
(377, 330, 'PENDRIVE SANDISK DE 32', 1, 40000.00, '2022-12-07', 79),
(378, 331, 'VENTILADOR DE PIE BRIZA', 1, 7500.00, '2022-12-07', 72),
(379, 332, 'CEL SM A03 CORE', 1, 650.00, '2022-12-07', 28),
(380, 333, 'VENTILADOR DE PIE BRIZA', 1, 180000.00, '2022-12-07', 72),
(381, 334, 'TABLE PC X12', 1, 550000.00, '2022-12-07', 112),
(382, 335, 'AHIRE SPLIT JAM DE 3000 FRIGORIA', 1, 0.00, '2022-12-07', 501),
(383, 336, 'CEL SM A03 CORE', 1, 0.00, '2022-12-07', 28),
(384, 337, 'HELADERA MIDAS DE 300L MD-HD300LBIM', 1, 1700000.00, '2022-12-07', 496),
(385, 338, 'VENTILADOR DE PIE BRIZA', 1, 180000.00, '2022-12-07', 72),
(386, 339, 'CARGADOR XIAOMI 3A', 1, 40000.00, '2022-12-07', 124),
(387, 340, 'AHIRE SPLIT CARRIER DE 6000 FRIGO 24000BTU', 1, 0.00, '2022-12-07', 508),
(388, 341, 'AHIRE SPLIT JAM DE 3000 FRIGORIA', 1, 0.00, '2022-12-07', 501),
(389, 342, 'HELADERA JAM DE 300L 2 PUERTA', 1, 1900000.00, '2022-12-07', 497),
(390, 343, 'JBL PARTY BOX 100', 1, 2400000.00, '2022-12-07', 267),
(391, 344, 'CEL NOKIA G10 3 DE RAM Y 64', 1, 0.00, '2022-12-07', 319),
(392, 346, 'BALANZA BIONICA', 1, 200000.00, '2022-12-09', 504),
(393, 347, 'ventilador techo briza liviano', 1, 220000.00, '2022-12-09', 166),
(394, 348, 'VENTILADOR INDUSTRIAL DE PIE MOTOR DE 30 BASE REDONDA', 1, 650000.00, '2022-12-09', 306),
(395, 349, 'VENTILADOR INDUSTRIAL DE PIE MOTOR DE 30 BASE REDONDA', 1, 650000.00, '2022-12-09', 306),
(396, 350, 'VENTILADOR INDUSTRIAL DE PIE MOTOR DE 30 BASE REDONDA', 1, 650000.00, '2022-12-09', 306),
(397, 351, 'VENTILADOR INDUSTRIAL DE PIE MOTOR DE 30 BASE REDONDA', 1, 650000.00, '2022-12-09', 306),
(398, 352, 'VENTILADOR DE PIE BRIZA', 1, 180000.00, '2022-12-09', 72),
(399, 353, 'AHIRE SPLIT JAM DE 3000 FRIGORIA', 1, 2200000.00, '2022-12-09', 501),
(400, 354, 'VENTILADOR DE PIE BRIZA', 1, 180000.00, '2022-12-09', 72),
(401, 355, 'AHIRE SPLIT MABE DE 18000BTU DE 4500 FRIGORIA', 1, 3600000.00, '2022-12-09', 516),
(402, 356, 'AHIRE MABE 24000 BTU DE 6000 FRIGORIA', 1, 4700000.00, '2022-12-09', 517),
(403, 357, 'VENTILADOR DE PIE BRIZA', 1, 7800.00, '2022-12-09', 72),
(404, 358, 'VENTILADOR INDUSTRIAL DE PIE MOTOR DE 30 BASE REDONDA', 1, 620000.00, '2022-12-09', 306),
(405, 359, 'HORNO 38 LITROS MEGASTAR', 1, 550000.00, '2022-12-09', 67),
(406, 359, 'HELADERA ELECTROLUX DE 280L RE32', 1, 1900000.00, '2022-12-09', 495),
(407, 360, 'VENTILADOR DE PIE BRIZA', 1, 180000.00, '2022-12-09', 72),
(408, 361, 'VENTILADOR DE PIE JAM PATA REDONDA', 1, 320000.00, '2022-12-09', 305),
(409, 362, 'VENTILADOR DE PIE BRIZA', 1, 180000.00, '2022-12-09', 72),
(410, 363, 'VENTILADOR INDUSTRIAL DE PIE MOTOR DE 30 BASE REDONDA', 1, 650.00, '2022-12-09', 306),
(411, 364, 'CEL XIA RETMI 10', 1, 1250000.00, '2022-12-09', 29),
(412, 365, 'VENTILADOR DE PIE BRIZA NARANJADO', 1, 180000.00, '2022-12-09', 72),
(413, 365, 'AHIRE SPLIT MABE DE 18000BTU DE 4500 FRIGORIA', 1, 3600000.00, '2022-12-09', 516),
(414, 366, 'VENTILADOR DE PIE BRIZA NARANJADO', 1, 180000.00, '2022-12-09', 72),
(415, 367, 'ventilador de techo briza pesado', 1, 280000.00, '2022-12-10', 165),
(416, 368, 'CARGADOR PARA AUTO CON CABLE  ECOPOWER ', 1, 25000.00, '2022-12-10', 269),
(417, 369, 'AHIRE SPLIT MABE DE 18000BTU DE 4500 FRIGORIA', 1, 3600000.00, '2022-12-10', 516),
(418, 370, 'TV DE 43 TOKIO  ', 1, 0.00, '2022-12-10', 46),
(419, 371, 'VENTILADOR DE PIE BRIZA', 1, 180000.00, '2022-12-10', 72),
(420, 372, 'VENTILADOR DE PIE BRIZA NARANJADO', 1, 180000.00, '2022-12-10', 72),
(421, 373, 'SOPRTE GIRATORIO LUO', 1, 130000.00, '2022-12-10', 156),
(422, 374, 'CABLE HDMI ', 1, 30000.00, '2022-12-10', 153),
(423, 375, 'VENTILADOR DE PIE BRIZA NARANJADO', 1, 180000.00, '2022-12-10', 72),
(424, 376, 'VENTILADOR DE PIE BRIZA NARANJADO', 1, 160000.00, '2022-12-10', 72),
(425, 377, 'CARGADOR ORIGINAL DE IPH', 1, 100000.00, '2022-12-10', 193),
(426, 378, 'AHIRE SPLIT MIDAS DE 12 BTU ', 1, 2200000.00, '2022-12-10', 515),
(427, 379, 'VENTILADOR DE PIE BRIZA', 1, 190000.00, '2022-12-10', 72),
(428, 380, 'VENTILADOR DE PIE BRIZA NARANJADO', 1, 180000.00, '2022-12-10', 72),
(429, 381, 'ANTENA DIGITAL DE TV ', 1, 70000.00, '2022-12-10', 147),
(430, 382, 'VENTILADOR DE TECHO JAM PESADO', 1, 250000.00, '2022-12-10', 302),
(431, 382, 'LICUADORA TOKYO', 1, 250000.00, '2022-12-10', 108),
(432, 383, 'CEL SM A03 CORE', 2, 700000.00, '2022-12-10', 28),
(433, 384, 'X CEL IPHONE 12 PRO MAX DE 128gb 99%', 1, 5800000.00, '2022-12-10', 423),
(434, 385, 'ventilador de techo briza pesado', 1, 280000.00, '2022-12-10', 165),
(435, 386, 'VENTILADOR INDUSTRIAL HDK DE  PARE', 1, 550000.00, '2022-12-10', 95),
(436, 387, 'AHIRE SPLIT JAM DE 3000 FRIGORIA', 2, 2200000.00, '2022-12-10', 501),
(437, 388, 'XX CEL SM A12 SIN CAJA', 1, 750000.00, '2022-12-10', 78),
(438, 388, 'X CEL XIA POCO X3 PRO DE 128gb', 1, 1000000.00, '2022-12-10', 214),
(439, 389, 'VENTILADOR DE PIE JAM PATA REDONDA', 1, 350000.00, '2022-12-10', 305),
(440, 390, 'JBL FLIT 5', 1, 550000.00, '2022-12-10', 66),
(441, 391, 'PENDRIVE SANDISK DE 16gb', 1, 35000.00, '2022-12-10', 73),
(442, 392, 'CEL A33 DE 128gb 5G', 1, 2180000.00, '2022-12-10', 502),
(443, 393, 'AUTO RADIO ECOPOWER PE-7000', 1, 450000.00, '2022-12-12', 309),
(444, 394, 'MEMORIA DE 32 ULTRA ', 1, 45000.00, '2022-12-12', 506),
(445, 395, 'HELADERA MIDEA MODELO 294FGG01 300 LITROS', 1, 1900000.00, '2022-12-12', 493),
(446, 396, 'AHIRE SPLIT DE 18 MIDAS', 1, 3500000.00, '2022-12-12', 513),
(447, 397, 'MEMORIA SANDISK DE 8gb', 1, 35000.00, '2022-12-12', 114),
(448, 397, 'AURICULAR ECOPOWER', 1, 25000.00, '2022-12-12', 237),
(449, 398, 'CEL XIA RETMI A1', 1, 700000.00, '2022-12-12', 36),
(450, 399, 'CARGADOR ORIGINAL DE IPH', 1, 100000.00, '2022-12-12', 193),
(451, 400, 'VENTILAD0R DE PIE MEGASTAR', 1, 170000.00, '2022-12-12', 71),
(452, 401, 'CARGADOR ECOPOWER NORMAL', 1, 20000.00, '2022-12-12', 123),
(453, 401, 'CARGADOR ECOPOWER NORMAL', 1, 20000.00, '2022-12-12', 123),
(454, 402, 'X CEL IPH 13 256GB 88%', 1, 3900.00, '2022-12-12', 183),
(455, 403, 'CARGADOR ORIGINAL CARGA RAPIDA TIPO C ', 1, 70000.00, '2022-12-13', 186),
(456, 404, 'CEL SM A04 4 RAM Y 32 GB', 1, 800000.00, '2022-12-13', 323),
(457, 405, 'CONTROL UNIVERSAL DE TV ', 1, 50000.00, '2022-12-13', 157),
(458, 406, 'PENDRIVE SANDISK DE 16gb', 2, 30.00, '2022-12-13', 73),
(459, 407, 'RELOJ SMART BIP', 1, 350000.00, '2022-12-13', 268),
(460, 408, 'MODEN RUTER TEPELIN', 1, 250000.00, '2022-12-13', 154),
(461, 409, 'MEMORIA DE 32 ULTRA ', 1, 40.00, '2022-12-13', 506),
(462, 409, 'CEL SM A33', 1, 0.00, '2022-12-13', 31),
(463, 410, 'PENDRIVE SANDISK DE 16gb', 2, 30000.00, '2022-12-13', 73),
(464, 411, 'CEL SM A23', 1, 1500000.00, '2022-12-13', 61),
(465, 412, 'CHROMECAST ORIGINAL', 1, 300000.00, '2022-12-13', 510),
(466, 413, 'PLANCHA JAM ', 1, 100000.00, '2022-12-13', 102),
(467, 414, 'AUTO RADIO ECOPOWER EP-602', 1, 150000.00, '2022-12-13', 308),
(468, 415, 'AUTO RADIO ECOPOWER EP-602', 1, 160000.00, '2022-12-14', 308),
(469, 416, 'CEL SM A03 CORE', 1, 61000.00, '2022-12-14', 28),
(470, 416, 'CEL SM A03 CORE', 1, 0.00, '2022-12-14', 28),
(471, 417, 'ventilador techo briza liviano', 1, 220000.00, '2022-12-14', 166),
(472, 418, 'USB WIFI TP LINK TL-WN725', 1, 80000.00, '2022-12-14', 315),
(473, 419, 'CORTA PELO MEGA STAR', 1, 180000.00, '2022-12-14', 150),
(474, 420, 'ventilador techo briza liviano', 1, 220000.00, '2022-12-14', 166),
(475, 421, 'LUZ LED DE 300L', 1, 90000.00, '2022-12-14', 327),
(476, 422, 'CEL SM A22', 1, 0.00, '2022-12-14', 30),
(477, 423, 'PENDRIVE SANDISK DE 32', 1, 45000.00, '2022-12-14', 79),
(478, 424, 'PENDRIVE SANDISK DE 32', 2, 45000.00, '2022-12-14', 79),
(479, 425, 'CEL SM A23', 1, 1500000.00, '2022-12-14', 61),
(480, 426, 'CEL LG7 THINQ', 1, 33000.00, '2022-12-14', 44),
(481, 427, 'CARGADOR ORIGINAL DE IPH', 1, 100000.00, '2022-12-14', 193),
(482, 428, 'CEL SM A13', 1, 1070000.00, '2022-12-15', 27),
(483, 429, 'AHIRE SPLIT JAM DE 3000 FRIGORIA', 1, 2250000.00, '2022-12-15', 501),
(484, 430, 'VENTILADOR INDUSTRIAL DE PIE MOTOR DE 30 BASE REDONDA', 1, 700000.00, '2022-12-15', 306),
(485, 431, 'CEL NOKIA G10 3 DE RAM Y 64', 1, 650.00, '2022-12-15', 319),
(486, 432, 'CEL NOKIA G10 3 DE RAM Y 64', 1, 0.00, '2022-12-15', 319),
(487, 433, 'AHIRE SPLIT ELECTROLUX DE 3000 F. INVERTER', 2, 2700000.00, '2022-12-15', 365),
(488, 434, 'CARGADOR PORTATIL 12.000', 1, 80000.00, '2022-12-15', 299),
(489, 435, 'X CEL SM S22', 1, 0.00, '2022-12-15', 216),
(490, 436, 'LUCES LED DE 5METROS', 1, 90000.00, '2022-12-15', 492),
(491, 437, 'AMPLIFICADOR KA-988DC', 1, 24000.00, '2022-12-15', 258),
(492, 438, 'PENDRIVE SANDISK DE 32', 1, 40000.00, '2022-12-15', 79),
(493, 439, 'AURICULAR JBL-08', 1, 50000.00, '2022-12-15', 126),
(494, 440, 'CEL A04 E 32 GB', 1, 850000.00, '2022-12-15', 536),
(495, 441, 'AHIRE SPLIT JAM DE 3000 FRIGORIA', 1, 2250000.00, '2022-12-16', 501),
(496, 442, 'AHIRE SPLIT HAUSTEC 4500 FRIGORIA DE 18000 BTU', 1, 3500000.00, '2022-12-16', 542),
(497, 443, 'AHIRE SPLIT HAUSTEC 4500 FRIGORIA DE 18000 BTU', 1, 3500000.00, '2022-12-16', 542),
(498, 444, 'FRISER CONGELADOR MIDAS 380 LITROS MD -HS384', 1, 2500.00, '2022-12-16', 494),
(499, 444, 'MASAJEADOR MUSCULAR DE 12 CABEZA ', 1, 200.00, '2022-12-16', 525),
(500, 445, 'LICUADORA ARNO', 1, 250000.00, '2022-12-16', 110),
(501, 446, 'CEL IPHONE 11 128gb', 1, 4500000.00, '2022-12-16', 263),
(502, 447, 'CARGADOR DE IPH X ', 1, 0.00, '2022-12-16', 194),
(503, 448, 'XXX CEL IPHONE XR 64 GB', 1, 2100000.00, '2022-12-16', 535),
(504, 449, 'EXPANSOR USB ECOPOWER (EP-R010)', 1, 50000.00, '2022-12-16', 316),
(505, 450, 'HORNO 38 LITROS MEGASTAR', 1, 550000.00, '2022-12-16', 67),
(506, 451, 'JBL PARTY BOX 110 ', 1, 2400000.00, '2022-12-16', 518),
(507, 452, 'CEL SM A13', 1, 1200.00, '2022-12-16', 27),
(508, 453, 'VENTILADOR DE PIE BRIZA NARANJADO', 1, 180000.00, '2022-12-17', 72),
(509, 454, 'AHIRE SPLIT JAM DE 3000 FRIGORIA', 1, 2300000.00, '2022-12-17', 501),
(510, 455, 'VENTILADOR DE TECHO JAM PESADO', 1, 300000.00, '2022-12-17', 302),
(511, 456, 'VENTILADOR DE TECHO WATSON ', 1, 480.00, '2022-12-17', 190),
(512, 457, 'CEL A04 E 32 GB', 1, 770000.00, '2022-12-17', 536),
(513, 458, 'MEMORIA DE 32 ULTRA ', 1, 22000.00, '2022-12-17', 506),
(514, 460, 'AUTO RADIO ECOPOWER PE-7000', 1, 450000.00, '2022-12-17', 309),
(515, 461, 'AHIRE SPLIT JAM DE 3000 FRIGORIA', 1, 2300000.00, '2022-12-17', 501),
(516, 462, 'TABLE PC X12', 1, 550000.00, '2022-12-17', 112),
(517, 463, 'CEL SM A03 CORE', 1, 650000.00, '2022-12-17', 28),
(518, 464, 'AURICULAR XIAOMI', 1, 40000.00, '2022-12-17', 127),
(519, 465, 'AURICULAR JBL-08', 1, 0.00, '2022-12-17', 126),
(520, 466, 'CEL SM A13', 1, 0.00, '2022-12-17', 27),
(521, 467, 'VENTILADOR DE PIE BRIZA NARANJADO', 1, 180000.00, '2022-12-17', 72),
(522, 468, 'VENTILADOR DE PIE BRIZA NARANJADO', 1, 180000.00, '2022-12-17', 72),
(523, 469, 'VENTILADOR DE PIE BRIZA NARANJADO', 1, 180000.00, '2022-12-17', 72),
(524, 470, 'CEL SM A13', 2, 1200.00, '2022-12-17', 27),
(525, 471, 'CEL SM A13', 1, 0.00, '2022-12-17', 27),
(526, 472, 'LUZ LED DE 300L', 1, 70000.00, '2022-12-17', 327),
(527, 473, 'VENTILADOR DE PIE BRIZA NARANJADO', 1, 180000.00, '2022-12-17', 72),
(528, 474, 'BALANZA BIONICA', 1, 180.00, '2022-12-19', 504),
(529, 475, 'AURICULAR JBL TUNE 110', 1, 2300000.00, '2022-12-19', 238),
(530, 476, 'PENDRIVE SANDISK DE 16gb', 2, 30000.00, '2022-12-19', 73),
(531, 477, 'LAVARROPAS MULLER 4KG', 1, 550000.00, '2022-12-19', 541),
(532, 478, 'RUTER TP-LINK 400 MBPS ', 1, 300.00, '2022-12-19', 247),
(533, 479, 'VENTILADOR DE PIE BRIZA NARANJADO', 1, 180000.00, '2022-12-19', 72),
(534, 480, 'CEL SM A13', 1, 1150.00, '2022-12-19', 27),
(535, 480, 'CEL SM A03 CORE', 1, 700.00, '2022-12-19', 28),
(536, 481, 'XXX CEL IPHONE 8 PLUS 64 GB', 1, 1700000.00, '2022-12-19', 533),
(537, 482, 'CEL NOKIA 106', 1, 130000.00, '2022-12-19', 307),
(538, 483, 'AHIRE SPLIT JAM DE 3000 FRIGORIA', 1, 2300000.00, '2022-12-19', 501),
(539, 484, 'CARGADOR PORTATIL LUO 22000MAH', 1, 100.00, '2022-12-19', 550),
(540, 485, 'VENTILADOR DE PIE BRIZA NARANJADO', 1, 180000.00, '2022-12-19', 72),
(541, 486, 'X CEL SM S21 8 Y 256', 1, 2500000.00, '2022-12-19', 215),
(542, 486, 'X CEL S21 MAS ', 1, 3000000.00, '2022-12-19', 217),
(543, 487, 'CEL SM A23', 1, 1500000.00, '2022-12-19', 61),
(544, 487, 'CEL SM A04 4 RAM Y 32 GB', 1, 850000.00, '2022-12-19', 323),
(545, 487, 'CEL SM A03 64GB', 1, 990000.00, '2022-12-19', 62),
(546, 487, 'CEL SM A03 CORE', 1, 700.00, '2022-12-19', 28),
(547, 487, 'CEL SM CON TAPITA GT-E1272', 1, 140000.00, '2022-12-19', 544),
(548, 487, 'CEL NOKIA 106', 1, 140000.00, '2022-12-19', 307),
(549, 488, 'AHIRE SPLIT ELECTROLUX DE 3000 F. INVERTER', 2, 2600000.00, '2022-12-19', 365),
(550, 489, 'LUCES LED DE 5METROS', 1, 100.00, '2022-12-19', 492),
(551, 490, 'X CL SM A02S 64GB', 1, 700000.00, '2022-12-19', 392),
(552, 491, 'LICUADORA ARNO DE 3 VELOCIDADES', 1, 300000.00, '2022-12-19', 569),
(553, 492, 'PLANCHA JAM ', 1, 100000.00, '2022-12-19', 102),
(554, 493, 'VENTILADOR RECARGABLE MEGA STAR DE MESA', 1, 250000.00, '2022-12-20', 526),
(555, 494, 'VENTILADOR DE PIE USC 3 EN 1 ', 1, 170000.00, '2022-12-20', 546),
(556, 495, 'VENTILADOR DE PIE BRIZA NARANJADO', 1, 180000.00, '2022-12-20', 72),
(557, 496, 'AHIRE SPLIT  TOKIO 3000 FRIGORIA', 1, 2300.00, '2022-12-20', 134),
(558, 497, 'VENTILADOR DE PIE USC 3 EN 1 ', 1, 170000.00, '2022-12-20', 546),
(559, 498, 'CONSOLA PLEY 5 825GB HORIZON', 1, 0.00, '2022-12-20', 540),
(560, 499, 'AHIRE SPLIT  TOKIO 3000 FRIGORIA', 1, 2400.00, '2022-12-20', 134),
(561, 500, 'PENDRIVE SANDISK DE 16gb', 1, 35000.00, '2022-12-20', 73),
(562, 500, 'CARGADOR ECOPOWER NORMAL', 1, 25000.00, '2022-12-20', 123),
(563, 500, 'ANTENA DIGITAL DE TV ', 1, 70000.00, '2022-12-20', 147),
(564, 501, 'AURICULAR ECOPOWER', 1, 25000.00, '2022-12-20', 237),
(565, 502, 'X CEL IPH 8 64GB 100%', 1, 1500000.00, '2022-12-20', 182),
(566, 503, 'PENDRIVE SANDISK DE 16gb', 1, 0.00, '2022-12-20', 73),
(567, 504, 'X CEL IPHONE 11 DE 64gb 85%', 1, 2600000.00, '2022-12-20', 500),
(568, 505, 'CEL A33 DE 128gb 5G', 1, 2200000.00, '2022-12-20', 502),
(569, 506, 'PENDRIVE SANDISK DE 32', 1, 45000.00, '2022-12-20', 79),
(570, 507, 'X CEL SM A23 128GB', 1, 1150.00, '2022-12-20', 170),
(571, 508, 'SOPORTE DE TV FIJO ', 1, 70000.00, '2022-12-20', 158),
(572, 509, 'CEL XIA NOTE 11 4 Y 128GB', 1, 1350000.00, '2022-12-20', 64),
(573, 510, 'AHIRE SPLIT JAM DE 3000 FRIGORIA', 1, 2350.00, '2022-12-20', 501),
(574, 511, 'TV DE 43 TOKIO  ', 1, 200000.00, '2022-12-20', 46),
(575, 512, 'RELOJ SMART LUO X24', 1, 180.00, '2022-12-20', 561),
(576, 513, 'VENTILADOR DE PIE BRIZA NARANJADO', 1, 180000.00, '2022-12-21', 72),
(577, 514, 'LUCES LED DE 5METROS', 1, 100000.00, '2022-12-21', 492),
(578, 515, 'VENTILADOR DE PIE BRIZA NARANJADO', 1, 180000.00, '2022-12-21', 72),
(579, 516, 'HELADERA JAM DE 300L 2 PUERTA', 1, 1800000.00, '2022-12-21', 497),
(580, 516, 'AHIRE SPLIT JAM DE 3000 FRIGORIA', 1, 2300000.00, '2022-12-21', 501),
(581, 517, 'CEL XIA NOTE 11 PRO  8 ram y 128 gb', 1, 1750000.00, '2022-12-21', 131),
(582, 518, 'CEL A33 DE 128gb 5G', 1, 2100.00, '2022-12-21', 502),
(583, 519, 'PENDRIVE SANDISK DE 32', 1, 40000.00, '2022-12-21', 79),
(584, 520, 'LICUADORA SPEEG', 1, 270000.00, '2022-12-21', 571),
(585, 521, 'CONTROL PARA PLAY 4 CON DISEÑO', 1, 200000.00, '2022-12-21', 207),
(586, 522, 'CABLE ECOPOWER TIPE C', 1, 20000.00, '2022-12-21', 562),
(587, 523, 'VENTILADOR DE PIE BRIZA NARANJADO', 1, 180000.00, '2022-12-21', 72),
(588, 524, 'LICUADORA SPEEG', 1, 12000.00, '2022-12-21', 571),
(589, 524, 'CARGADOR ORIGINAL CARGA RAPIDA TIPO C ', 1, 3000.00, '2022-12-21', 186),
(590, 525, 'ARLANTE MEGA STAR DE 8´ ', 1, 330000.00, '2022-12-21', 523),
(591, 526, 'CEL SM A03 CORE', 1, 700.00, '2022-12-21', 28),
(592, 527, 'AHIRE SPLIT JAM DE 3000 FRIGORIA', 1, 2350.00, '2022-12-21', 501),
(593, 528, 'X CEL CAMON TECNO 19 128GB 11RAM ', 1, 1500000.00, '2022-12-21', 209),
(594, 529, 'LUCES LED DE 5METROS', 1, 100000.00, '2022-12-21', 492),
(595, 530, 'AMPLIFICADOR KA-988DC', 1, 550000.00, '2022-12-21', 258),
(596, 531, 'X SAM J2 ', 1, 350.00, '2022-12-21', 547),
(597, 532, 'CEL NOKIA 106', 1, 150000.00, '2022-12-22', 307),
(598, 533, 'CEL SM A03 CORE', 1, 750.00, '2022-12-22', 28),
(599, 534, 'XX CEL MOT.G20 LITE 128GB SIN CAJA', 1, 1000000.00, '2022-12-22', 86),
(600, 535, 'CEL XIA RETMI A1', 1, 700000.00, '2022-12-22', 36),
(601, 536, 'XXX CEL IPHONE 8 PLUS 64 GB', 1, 1800000.00, '2022-12-22', 533),
(602, 537, 'MAUS INALAMBRICO HAVIT', 1, 50000.00, '2022-12-22', 324),
(603, 538, 'VENTILADOR DE PIE BRIZA NARANJADO', 1, 180000.00, '2022-12-22', 72),
(604, 539, 'CARGADOR PARA AUTO CON CABLE  ECOPOWER ', 1, 25000.00, '2022-12-22', 269),
(605, 540, 'AHIRE SPLIT ELEXTROLUX 3000 FRIGORIA 12000 BTU', 1, 0.00, '2022-12-22', 572),
(606, 541, 'LICUADORA TOKIO JARRA METALICA  ', 1, 350000.00, '2022-12-22', 563),
(607, 542, 'CONTROL PARA PLAY 4 CON DISEÑO', 1, 250000.00, '2022-12-22', 207),
(608, 543, 'CARGADOR ORIGINAL CARGA RAPIDA TIPO C ', 1, 80000.00, '2022-12-22', 186),
(609, 544, 'CEL XIA RETMI A1', 1, 700000.00, '2022-12-22', 36),
(610, 545, 'CARGADOR ECOPOWER NORMAL', 1, 25000.00, '2022-12-22', 123),
(611, 546, 'MEMORIA KINGSTON DE 8gb', 1, 35000.00, '2022-12-22', 115),
(612, 547, 'AHIRE SPLIT JAM DE 3000 FRIGORIA', 1, 2350.00, '2022-12-22', 501),
(613, 548, 'AHIRE SPLIT ELEXTROLUX 3000 FRIGORIA 12000 BTU', 1, 2500000.00, '2022-12-22', 572),
(614, 549, 'AHIRE SPLIT JAM DE 3000 FRIGORIA', 1, 2300.00, '2022-12-22', 501),
(615, 550, 'VENTILADOR DE PIE BRIZA NARANJADO', 1, 170000.00, '2022-12-22', 72),
(616, 551, 'X CEL IPHONE 12 PRO MAX 256GB 87%', 1, 6600000.00, '2022-12-22', 384),
(617, 552, 'CEL XIA RETMI A1', 1, 700000.00, '2022-12-22', 36),
(618, 553, 'MEMORIA SANDISK DE 32gb', 1, 42000.00, '2022-12-22', 76),
(619, 553, 'VENTILADOR DE PIE BRIZA NARANJADO', 1, 180000.00, '2022-12-22', 72),
(620, 554, 'PLANCHA JAM ', 1, 100000.00, '2022-12-22', 102),
(621, 555, 'VENTILADOR DE PIE BRIZA NARANJADO', 1, 180000.00, '2022-12-22', 72),
(622, 556, 'PARLANTE MEGA STAR DE 8´ PARA KARAOKE ', 1, 220000.00, '2022-12-23', 522),
(623, 557, 'CEL SM A13', 1, 1100.00, '2022-12-23', 27),
(624, 558, 'CEL SM A13', 1, 1100.00, '2022-12-23', 27),
(625, 559, 'CEL SM A13', 1, 1100.00, '2022-12-23', 27),
(626, 560, 'CONTROL UNIVERSAL DE TV ', 1, 40000.00, '2022-12-23', 157),
(627, 561, 'FIRE TV STICK 4K', 1, 400000.00, '2022-12-23', 554),
(628, 562, 'TAB A7 LITE T225 LTE SIL ', 1, 900000.00, '2022-12-23', 37),
(629, 563, 'VENTILADOR DE TECHO WATSON ', 1, 480.00, '2022-12-23', 190),
(630, 564, 'CORTA PELO MEGA STAR GWE034MKII', 1, 150000.00, '2022-12-23', 553),
(631, 565, 'AIRE JAMES 12.000 BTU', 1, 0.00, '2022-12-23', 578),
(632, 566, 'AIRE JAMES 12.000 BTU', 1, 2300000.00, '2022-12-23', 578),
(633, 567, 'AURICULAR XIAOMI AIRDOTS', 1, 80000.00, '2022-12-23', 118),
(634, 568, 'VENTILADOR DE PIE BRIZA NARANJADO', 1, 170000.00, '2022-12-23', 72),
(635, 569, 'CEL XIA RETMI A1', 1, 29500.00, '2022-12-23', 36),
(636, 570, 'CEL SM A03 CORE', 1, 700.00, '2022-12-23', 28),
(637, 571, 'RELOJ AMAZFIT', 1, 350.00, '2022-12-23', 559),
(638, 571, 'RELOJ AMAZFIT', 1, 350.00, '2022-12-23', 559),
(639, 572, 'VENTILADOR DE PIE BRIZA NARANJADO', 1, 180000.00, '2022-12-23', 72),
(640, 573, 'PENDRIVE SANDISK DE 32', 1, 45000.00, '2022-12-23', 79),
(641, 574, 'AHIRE SPLIT MIDAS DE 12 BTU ', 1, 2300000.00, '2022-12-23', 515),
(642, 575, 'XXX CEL IPHONE 13 PRO MAX', 1, 7500000.00, '2022-12-23', 531),
(643, 576, 'VENTILADOR DE TECHO WATSON ', 1, 450.00, '2022-12-23', 190),
(644, 577, 'ventilador de techo briza pesado', 1, 280000.00, '2022-12-23', 165),
(645, 577, 'ventilador techo briza liviano', 1, 220000.00, '2022-12-23', 166),
(646, 578, 'HELADERA ELECTROLUX DE 280L RE32', 1, 1800000.00, '2022-12-23', 495),
(647, 579, 'CONSOLA DE 8 CANALES', 1, 1500000.00, '2022-12-23', 260),
(648, 580, 'HELADERA ELECTROLUX DE 280L RE32', 1, 1800000.00, '2022-12-23', 495),
(649, 581, 'CEL XIA RETMI A1', 1, 700000.00, '2022-12-23', 36),
(650, 582, 'TABLE PC X12', 1, 650000.00, '2022-12-24', 112),
(651, 583, 'ARLANTE MEGA STAR DE 8´ ', 1, 320000.00, '2022-12-24', 523),
(652, 584, 'CONTROL PARA PLAY 4 CON DISEÑO', 1, 200000.00, '2022-12-24', 207),
(653, 585, 'CEL SM S4', 1, 650000.00, '2022-12-24', 45),
(654, 586, 'PENDRIVE SANDISK DE 32', 1, 40000.00, '2022-12-24', 79),
(655, 587, 'PENDRIVE SANDISK DE 32', 1, 40000.00, '2022-12-24', 79),
(656, 588, 'CEL XIA RETMI 10A', 1, 900000.00, '2022-12-24', 29),
(657, 589, 'VENTILADOR DE PIE BRIZA NARANJADO', 1, 170000.00, '2022-12-24', 72),
(658, 590, 'TAB A7 LITE T225 LTE SIL ', 1, 1300000.00, '2022-12-24', 37),
(659, 591, 'CEL XIA RETMI A1', 1, 650.00, '2022-12-24', 36),
(660, 591, 'CEL XIA POCO X4 PRO 6-128GB ', 1, 2100.00, '2022-12-24', 145),
(661, 591, 'CEL SM A04 4 RAM Y 32 GB', 2, 850.00, '2022-12-24', 323),
(662, 591, 'CEL SM A13', 1, 1150.00, '2022-12-24', 27),
(663, 591, 'X CEL A03 C0RE 32GB', 1, 700.00, '2022-12-24', 168),
(664, 591, 'XXX CEL IPHONE XR 64 GB', 1, 2100.00, '2022-12-24', 535),
(665, 592, 'X CEL IPHONE 12 DE 128gb 93%', 1, 4300000.00, '2022-12-24', 422),
(666, 593, 'X CEL IPH 8 64GB 100%', 1, 1500000.00, '2022-12-24', 182),
(667, 594, 'CEL XIA RETMI A1', 1, 650000.00, '2022-12-24', 36),
(668, 595, 'X CEL IPHO 11PRO 64GB 84%', 1, 3800000.00, '2022-12-24', 163),
(669, 596, 'VENTILADOR DE PIE BRIZA NARANJADO', 1, 180000.00, '2022-12-24', 72),
(670, 597, 'AHIRE SPLIT MIDAS DE 12 BTU ', 1, 2000000.00, '2022-12-24', 515),
(671, 598, 'VENTILADOR DE PIE BRIZA NARANJADO', 1, 180000.00, '2022-12-24', 72),
(672, 599, 'CEL XIA 9A', 1, 700.00, '2022-12-24', 33),
(673, 600, 'CEL XIA NOTE 11 PRO  8 ram y 128 gb', 1, 1850.00, '2022-12-24', 131),
(674, 601, 'VENTILADOR DE PIE BRIZA NARANJADO', 2, 180.00, '2022-12-24', 72),
(675, 602, 'JBL PARTY BOX 110 ', 1, 2300.00, '2022-12-24', 518),
(676, 603, 'AIRE JAMES 12.000 BTU', 1, 2300000.00, '2022-12-26', 578),
(677, 604, 'VENTILADOR DE PIE BRIZA NARANJADO', 1, 180000.00, '2022-12-26', 72),
(678, 605, 'VENTILADOR DE PIE BRIZA NARANJADO', 1, 180000.00, '2022-12-26', 72),
(679, 606, 'X CEL SM S20 PLUS', 1, 2100000.00, '2022-12-26', 161),
(680, 607, 'CEL SM A23', 1, 1600000.00, '2022-12-26', 61),
(681, 608, 'LAVARROPAS MULLER 4KG', 1, 500000.00, '2022-12-26', 541),
(682, 609, 'VENTILADOR DE PIE BRIZA NARANJADO', 1, 180000.00, '2022-12-26', 72),
(683, 610, 'VENTILADOR DE PIE BRIZA NARANJADO', 1, 180000.00, '2022-12-26', 72),
(684, 611, 'CEL XIA RETMI A1', 1, 650000.00, '2022-12-26', 36),
(685, 612, 'TERMO TERMICA DE 18L', 1, 120000.00, '2022-12-26', 577),
(686, 613, 'SOPRTE GIRATORIO LUO', 1, 100000.00, '2022-12-26', 156),
(687, 614, 'AURICULAR IPHONE', 1, 70000.00, '2022-12-26', 148),
(688, 614, 'CARGADOR ORIGINAL DE IPH', 1, 100000.00, '2022-12-26', 193),
(689, 615, 'CEL SM A03 CORE', 1, 750.00, '2022-12-26', 28),
(690, 616, 'CEL SM A53 5G', 1, 2700000.00, '2022-12-26', 146),
(691, 617, 'XXX CEL IPHONE XR 64 GB', 1, 2500000.00, '2022-12-26', 535),
(692, 618, 'VENTILADOR DE PIE JAM PATA REDONDA', 1, 350000.00, '2022-12-26', 305),
(693, 619, 'CEL SM A13', 1, 1250.00, '2022-12-26', 27),
(694, 620, 'XXX CEL IPHONE 13 PRO MAX', 1, 0.00, '2022-12-26', 531),
(695, 621, 'CEL SM A13', 1, 1200.00, '2022-12-26', 27),
(696, 622, 'X CEL IPH 12 64GB BAT.87% ', 1, 3600000.00, '2022-12-26', 181),
(697, 623, 'VENTILADOR DE TECHO JAM PESADO', 1, 300000.00, '2022-12-26', 302),
(698, 624, 'X CEL HUAWEI Y8S', 1, 900000.00, '2022-12-27', 140),
(699, 625, 'X CEL A52 ', 1, 1400000.00, '2022-12-27', 142),
(700, 626, 'X CEL HUAWEI 8I', 1, 1300000.00, '2022-12-27', 160),
(701, 627, 'VENTILADOR DE PIE BRIZA NARANJADO', 1, 8000.00, '2022-12-27', 72),
(702, 628, 'CEL SM A03 CORE', 1, 34000.00, '2022-12-27', 28),
(703, 629, 'PENDRIVE SANDISK DE 32', 1, 45000.00, '2022-12-27', 79),
(704, 630, 'LICUADORA MAX TOKYO', 1, 260000.00, '2022-12-27', 566),
(705, 631, 'CEL XIA 9A', 1, 800000.00, '2022-12-27', 33),
(706, 632, 'LUCES LED DE 5METROS', 1, 100000.00, '2022-12-27', 492),
(707, 633, 'X CEL IPH 8 PLUS DE 256 GB 100 BAT.', 1, 0.00, '2022-12-27', 593),
(708, 634, 'TV MATSUI DE 32', 1, 1350000.00, '2022-12-28', 54),
(709, 635, 'VENTILADOR DE PIE USC 3 EN 1 ', 1, 170000.00, '2022-12-28', 546),
(710, 636, 'CEL SM A22', 1, 1300000.00, '2022-12-28', 30),
(711, 637, 'CARGADOR ECOPOWER TIPO C', 1, 20000.00, '2022-12-28', 122),
(712, 638, 'HORNO JAM 45 LITROS', 1, 700000.00, '2022-12-28', 304),
(713, 639, 'AHIRE SPLIT  TOKIO 3000 FRIGORIA', 1, 109000.00, '2022-12-28', 134),
(714, 640, 'AUTO RADIO ECOPOWER EP-602', 1, 200000.00, '2022-12-28', 308),
(715, 640, 'PARLANTE PIONER TS G1610F 280 W', 1, 250000.00, '2022-12-28', 581),
(716, 640, 'PENDRIVE SANDISK DE 32', 1, 40000.00, '2022-12-28', 79),
(717, 641, 'EXPRIMIDORA TOKIO ', 1, 180000.00, '2022-12-28', 253),
(718, 642, 'LAVARROPA JAM A PALETA', 1, 650000.00, '2022-12-28', 576),
(719, 643, 'AHIRE SPLIT MIDAS DE 12 BTU ', 1, 2300000.00, '2022-12-28', 515),
(720, 644, 'CEL SM A23', 1, 1600000.00, '2022-12-28', 61),
(721, 645, 'CEL SM A04 S 64 GB', 1, 1300000.00, '2022-12-28', 537),
(722, 646, 'LAVARROPA AUTOMATICO JAM 6KG', 1, 1800000.00, '2022-12-28', 310),
(723, 647, 'JBL PARTY BOX 110 ', 1, 2300000.00, '2022-12-28', 518),
(724, 648, 'PARLANTE PIONER TS G1610F 280 W', 1, 250000.00, '2022-12-28', 581),
(725, 649, 'FIRE TV STICK LITE ', 1, 300000.00, '2022-12-28', 555),
(726, 650, 'X CEL S20 FE', 1, 1900000.00, '2022-12-29', 141),
(727, 651, 'VENTILADOR DE PIE BRIZA NARANJADO', 1, 180000.00, '2022-12-29', 72),
(728, 653, 'CEL XIA NOTE 11 4 Y 128GB', 1, 1300000.00, '2022-12-29', 64),
(729, 654, 'AUTO RADIO ECOPOWER EP-602', 1, 150000.00, '2022-12-29', 308),
(730, 655, 'XXX CEL IPHONE 8 PLUS 256 GB', 1, 500.00, '2022-12-29', 532),
(731, 656, 'MICROFONO MEGA STAR', 1, 100000.00, '2022-12-29', 318),
(732, 657, 'MEMORIA DE 32 ULTRA ', 1, 40000.00, '2022-12-29', 506),
(733, 658, 'JBL XTREME 3 ', 1, 1600000.00, '2022-12-29', 602),
(734, 659, 'VENTILADOR DE PIE BRIZA NARANJADO', 1, 180000.00, '2022-12-29', 72),
(735, 660, 'FRISER CONGELADOR 230 LITROS TOKIO', 1, 2400000.00, '2022-12-29', 573),
(736, 661, 'X CEL IPH 11 128GB 88%', 1, 2800000.00, '2022-12-29', 164),
(737, 662, 'VENTILADOR DE PIE JAM PATA REDONDA', 1, 350000.00, '2022-12-29', 305),
(738, 663, 'CEL XIA RETMI A1', 1, 650000.00, '2022-12-29', 36),
(739, 664, 'CABLE HDMI ', 1, 20000.00, '2022-12-29', 153),
(740, 665, 'cotrol para play 3 ', 1, 100000.00, '2022-12-30', 349),
(741, 666, 'CEL XIAOMI POCO X4 PRO 5G-256GB', 1, 2700000.00, '2022-12-30', 597),
(742, 667, 'ARLANTE MEGA STAR DE 8´ ', 1, 350000.00, '2022-12-30', 523),
(743, 668, 'AURICULAR ECOPOWER', 1, 20000.00, '2022-12-30', 237);
INSERT INTO `detalleventa` (`idDetalleVenta`, `idV`, `nombreProducto`, `cantidadV`, `precio`, `fecha`, `idArticulo`) VALUES
(744, 669, 'AUTO RADIO AIWA AW-5444BT', 1, 550000.00, '2022-12-30', 640),
(745, 670, ' TERMO PARA TERERE Y MATE VESTAX 2.5', 1, 160000.00, '2022-12-30', 199),
(746, 671, 'CEL XIA POCO X4 PRO 6-128GB ', 1, 2350000.00, '2022-12-30', 145),
(747, 672, 'X CEL XIAOMI 11S DE 128GB ', 1, 1200000.00, '2022-12-30', 231),
(748, 673, 'X CEL XIAOMI 11S DE 128GB ', 1, 1100000.00, '2022-12-30', 231),
(749, 674, 'VENTILADOR DE PIE USC 3 EN 1 ', 1, 170000.00, '2022-12-30', 546),
(750, 675, 'VENTILADOR DE PIE USC 3 EN 1 ', 1, 170000.00, '2022-12-30', 546),
(751, 676, 'SOPRTE GIRATORIO LUO', 1, 130000.00, '2022-12-31', 156),
(752, 677, 'XXX CEL IPHONE 11 128 GB 100 BAT', 1, 3400000.00, '2022-12-31', 594),
(753, 678, 'CABLE RED 10MTRS', 1, 80000.00, '2022-12-31', 311),
(754, 679, 'CARGADOR ORIGINAL DE IPH', 1, 100000.00, '2022-12-31', 193),
(755, 680, 'AURICULAR JBL-08', 1, 50000.00, '2022-12-31', 126),
(756, 681, 'LAVARROPAS MULLER 4KG', 1, 500000.00, '2022-12-31', 541),
(757, 682, 'CEL A04 E 32 GB', 1, 850000.00, '2022-12-31', 536),
(758, 683, 'SPLID JAMES DE 18000 BTU', 1, 3700000.00, '2022-12-31', 609),
(759, 684, 'PARLANTE ECOPOWER 1912', 1, 1000000.00, '2022-12-31', 685),
(760, 685, 'CEL XIA NOTE 11 PRO  8 ram y 128 gb', 1, 2000000.00, '2022-12-31', 131),
(761, 686, 'CEL A04 E 32 GB', 1, 900000.00, '2022-12-31', 536),
(762, 687, 'X CEL IPHONE 11 DE 64gb 82%', 1, 2800000.00, '2022-12-31', 427),
(763, 688, 'X CEL IPHO 11 64GB 75%', 1, 2800000.00, '2022-12-31', 162),
(764, 689, 'CEL XIA POCO X4 PRO 6-128GB ', 1, 2350000.00, '2022-12-31', 145),
(765, 690, 'PARLANTE ECOPOWER 2203', 1, 550000.00, '2022-12-31', 682),
(766, 691, 'AURICULAR ECOPOWER', 1, 25000.00, '2022-12-31', 237),
(767, 692, 'VENTILADOR DE PIE BRIZA NARANJADO', 1, 180000.00, '2023-01-02', 72),
(768, 693, 'VENTILADOR DE PIE USC 3 EN 1 ', 1, 170000.00, '2023-01-02', 546),
(769, 694, 'VENTILADOR DE PIE BRIZA NARANJADO', 1, 180000.00, '2023-01-02', 72),
(770, 695, 'CEL XIA RETMI A1', 1, 650000.00, '2023-01-02', 36),
(771, 696, 'VENTILADOR DE TECHO TOKYIO ', 1, 280.00, '2023-01-02', 567),
(772, 697, 'X CEL A52 ', 1, 1400000.00, '2023-01-02', 142),
(773, 698, 'CEL SM A03 CORE', 2, 700.00, '2023-01-02', 28),
(774, 699, 'CEL XIA RETMI A1', 1, 600000.00, '2023-01-02', 36),
(775, 700, 'JBL CHARGE 5', 1, 950000.00, '2023-01-02', 519),
(776, 701, 'XX CEL SM A12 SIN CAJA', 1, 700000.00, '2023-01-02', 78),
(777, 702, 'LUCES LED DE 5METROS', 1, 90000.00, '2023-01-02', 492),
(778, 703, 'ANTENA DIGITAL DE TV ', 1, 70000.00, '2023-01-02', 147),
(779, 704, 'JBL FLIT 5', 1, 600000.00, '2023-01-02', 66),
(780, 705, 'LAVARROPAS MULLER 4KG', 1, 480000.00, '2023-01-02', 541),
(781, 706, 'VENTILADOR DE PIE BRIZA NARANJADO', 1, 180000.00, '2023-01-02', 72),
(782, 707, 'HORNO 38 LITROS MEGASTAR', 1, 550000.00, '2023-01-02', 67),
(783, 708, 'HORNO 38 LITROS MEGASTAR', 1, 550000.00, '2023-01-02', 67),
(784, 709, 'HORNO 38 LITROS MEGASTAR', 1, 550000.00, '2023-01-02', 67),
(785, 710, 'JBL FLIT 5', 1, 600000.00, '2023-01-02', 66),
(786, 711, 'JBL CHARGE 5', 1, 1000000.00, '2023-01-02', 519),
(787, 712, 'PARLANTE JBL FLEX 3 DE 6\'', 1, 280000.00, '2023-01-03', 644),
(788, 713, 'VENTILADOR DE PIE BRIZA NARANJADO', 1, 170000.00, '2023-01-03', 72),
(789, 714, 'VENTILADOR DE PIE BRIZA NARANJADO', 1, 180000.00, '2023-01-03', 72),
(790, 715, 'VENTILADOR DE PIE BRIZA NARANJADO', 1, 180000.00, '2023-01-03', 72),
(791, 716, 'CEL XIA RETMI 10A', 1, 900000.00, '2023-01-03', 29),
(792, 717, 'PLACA INFLARROJA MAST', 1, 190000.00, '2023-01-03', 84),
(793, 718, 'AIRE JAMES 12.000 BTU', 1, 2250000.00, '2023-01-03', 578),
(794, 719, 'AURICULAR XIAOMI AIRDOTS', 1, 80000.00, '2023-01-03', 118),
(795, 720, 'AURICULAR XIAOMI AIRDOTS', 1, 100000.00, '2023-01-03', 118),
(796, 721, 'CARGADOR ECOPOWER CON DOS SALIDA', 1, 25000.00, '2023-01-03', 618),
(797, 722, 'CARGADOR ECOPOWER CON DOS SALIDA', 1, 30000.00, '2023-01-03', 618),
(798, 723, 'CARGADOR ORIGINAL DE IPH', 1, 100000.00, '2023-01-03', 193),
(799, 724, 'ANTENA DIGITAL DE TV ', 1, 70000.00, '2023-01-03', 147),
(800, 725, 'X CEL SM 13 PRO 128 GB 100% BATERIA', 1, 280000.00, '2023-01-04', 697),
(801, 726, 'MEMORIA DE 32 ULTRA ', 1, 50000.00, '2023-01-04', 506),
(802, 727, 'PENDRIVE SANDISK DE 16gb', 1, 1500000.00, '2023-01-04', 73),
(803, 728, 'AIRE JAMES 12.000 BTU', 1, 2300000.00, '2023-01-04', 578),
(804, 729, 'AIRE JAMES 12.000 BTU', 1, 2300000.00, '2023-01-04', 578),
(805, 730, 'CEL NOKIA G10 3 DE RAM Y 64', 2, 850000.00, '2023-01-04', 319),
(806, 731, 'REPETIDOR DE WIFITP LINK TL-WA850RE', 1, 200000.00, '2023-01-04', 313),
(807, 732, 'TABLET AMAZON FIRE 8 AZUL DE 32GB ', 1, 700000.00, '2023-01-04', 699),
(808, 733, 'CEL XIA NOTE 11 6RAM DE 128 ', 1, 1450000.00, '2023-01-04', 698),
(809, 734, 'CARGADOR ORIGINAL DE IPH', 1, 100000.00, '2023-01-04', 193),
(810, 735, 'ANTENA DIGITAL DE TV ', 1, 70000.00, '2023-01-04', 147),
(811, 736, 'MEMORIA DE 16 ULTRA', 1, 45000.00, '2023-01-04', 507),
(812, 737, 'MEMORIA DE 32 ULTRA ', 1, 50000.00, '2023-01-04', 506),
(813, 738, 'CEL XIA RETMI A1', 1, 750000.00, '2023-01-04', 36),
(814, 739, 'CAMARA HIKVISION DE 720P ', 2, 120000.00, '2023-01-04', 621),
(815, 740, 'FIRE TV STICK LITE ', 1, 350000.00, '2023-01-04', 555),
(816, 741, 'SOPORTE MULTI-SCENE ', 1, 30000.00, '2023-01-04', 663),
(817, 742, 'ahire split tokio 4500 frigoria de 18000btu', 1, 3700000.00, '2023-01-04', 611),
(818, 743, 'AHIRE SPLIT ELECTROLUX DE 3000 F. INVERTER', 1, 2500000.00, '2023-01-04', 365),
(819, 744, 'X CEL A03 C0RE 32GB', 1, 500000.00, '2023-01-04', 168),
(820, 745, 'CEL SM A13', 1, 1100000.00, '2023-01-04', 27),
(821, 746, 'CEL XIA RETMI A1', 1, 650000.00, '2023-01-04', 36),
(822, 747, 'AURICULAR XIAOMI AIRDOTS', 1, 150000.00, '2023-01-04', 118),
(823, 748, 'X CEL RETMI 10', 1, 1200000.00, '2023-01-04', 143),
(824, 749, 'CEL XIA 9A', 1, 800000.00, '2023-01-04', 33),
(825, 750, 'CEL XIA 9A', 1, 800000.00, '2023-01-04', 33),
(826, 751, 'CEL SM A03 CORE', 1, 700000.00, '2023-01-04', 28),
(827, 752, 'XXX CEL IPHONE XR 128 GB', 1, 2200000.00, '2023-01-04', 534),
(828, 753, 'CEL SM A03 CORE', 1, 700.00, '2023-01-05', 28),
(829, 754, 'NB HP 14 P 3050U 4GBY 128GB', 1, 2500.00, '2023-01-05', 586),
(830, 755, 'MAUS INALAMBRICO HAVIT', 1, 70.00, '2023-01-05', 324),
(831, 756, 'XXX CEL IPHONE 11 128 GB 100 BAT', 1, 3500000.00, '2023-01-05', 594),
(832, 757, 'X CEL SAM A33 5G ', 1, 1800000.00, '2023-01-05', 720),
(833, 758, 'CEL NOKIA G10 3 DE RAM Y 64', 1, 850000.00, '2023-01-05', 319),
(834, 759, 'LAVARROPA  TOKIO AUTOMATICA', 1, 1800000.00, '2023-01-05', 113),
(835, 760, 'DISCO EXTERNO 1TB ', 1, 400000.00, '2023-01-05', 708),
(836, 761, 'CEL XIAOMI POCO X4 PRO 5G-256GB', 1, 2400000.00, '2023-01-05', 597),
(837, 762, 'PISCINA BESTWAY 6.473L ', 1, 1100000.00, '2023-01-05', 717),
(838, 763, 'LUCES LED DE 5METROS', 1, 80000.00, '2023-01-05', 492),
(839, 764, 'TABLET IPRO KIT 7 4G 2 RAM ', 1, 600000.00, '2023-01-05', 701),
(840, 765, 'AURICULAR IPHONE', 1, 70000.00, '2023-01-05', 148),
(841, 766, 'TABLET FIRE HD 10 ', 1, 900000.00, '2023-01-05', 704),
(842, 767, 'CEL XIA RETMI A1', 1, 700000.00, '2023-01-05', 36),
(843, 768, 'CEL A04 E 32 GB', 1, 900000.00, '2023-01-05', 536),
(844, 769, 'CARGADOR ECOPOWER TIPO C', 1, 25000.00, '2023-01-05', 122),
(845, 770, 'TABLET AMAZON FIRE 7 KIDS ', 1, 650000.00, '2023-01-05', 705),
(846, 771, 'CARGADOR XIAOMI 3A', 1, 35000.00, '2023-01-05', 124),
(847, 772, 'RELOJ XIAOMI bAND 6 ORIGINAL', 1, 350000.00, '2023-01-05', 568),
(848, 773, 'XXX CEL IPHONE 11 128 GB 100 BAT', 1, 2900000.00, '2023-01-05', 594),
(849, 773, 'X CEL IPHONE 11 DE 64gb', 1, 2600000.00, '2023-01-05', 500),
(850, 773, 'XXX CEL IPHONE 11 128 GB 100 BAT', 1, 2600000.00, '2023-01-05', 594),
(851, 773, 'X CEL IPHONE 13 MINI DE 128gb 100%', 1, 3500000.00, '2023-01-05', 387),
(852, 774, 'JBL GO 3', 1, 250000.00, '2023-01-05', 661),
(853, 774, 'JBL CHARGE 5', 1, 900000.00, '2023-01-05', 519),
(854, 775, 'CEL NOKIA G10 3 DE RAM Y 64', 1, 900000.00, '2023-01-05', 319),
(855, 776, 'XX CEL XIA RETMI 10 SIN CAJA', 1, 1000000.00, '2023-01-05', 121),
(856, 777, 'PLAY 4', 1, 2800000.00, '2023-01-05', 692),
(857, 778, 'X TAB A7 LITE SIN CAJA CON CHIT', 1, 1100000.00, '2023-01-05', 132),
(858, 779, 'TV DE 32 TOKIO', 1, 1400.00, '2023-01-05', 48),
(859, 780, 'TABLET IPRO KIT 7 4G 2 RAM ', 1, 600000.00, '2023-01-05', 701),
(860, 781, 'TABLET AMAZON FIRE 7 KIDS ', 1, 650000.00, '2023-01-05', 705),
(861, 782, 'X CEL IPHONE 13 PRO MAX DE 256gb 96%', 1, 6700000.00, '2023-01-05', 711),
(862, 783, 'TABLET IPRO KIT 7 4G 2 RAM ', 1, 550000.00, '2023-01-05', 701),
(863, 784, 'AURICULAR XIAOMI AIRDOTS', 1, 150000.00, '2023-01-05', 118),
(864, 785, 'TABLET AMAZON FIRE 8 AZUL DE 32GB ', 1, 700000.00, '2023-01-05', 699),
(865, 786, 'TABLET FIRE HD 10 ', 1, 900000.00, '2023-01-05', 704),
(866, 787, 'TABLET IPRO KIT 7 4G 2 RAM ', 1, 600000.00, '2023-01-05', 701),
(867, 788, ' PARLANTE MEGA STAR HYJ1406BTA', 1, 130000.00, '2023-01-05', 57),
(868, 789, 'TABLET AMAZON FIRE 7 KIDS ', 1, 700000.00, '2023-01-06', 705),
(869, 790, 'BALANZA BIONICA', 1, 180.00, '2023-01-06', 504),
(870, 791, 'CEL SM A32 128GB', 1, 1900000.00, '2023-01-06', 696),
(871, 792, 'LUCES LED DE 5METROS', 1, 80000.00, '2023-01-06', 492),
(872, 793, 'TERMO FRIO-CALIENTE GOLD AIR POT 2.5L', 1, 180000.00, '2023-01-06', 202),
(873, 794, 'XXX CEL IPHONE 8 PLUS 64 GB', 1, 1600.00, '2023-01-06', 533),
(874, 795, 'CEL REDMI 10A', 1, 1000000.00, '2023-01-06', 709),
(875, 796, 'JBL CHARGE 5', 1, 950000.00, '2023-01-06', 519),
(876, 797, 'AHIRE SPLIT MIDAS DE 12 BTU ', 1, 2300000.00, '2023-01-06', 515),
(877, 798, 'XXX CEL IPHONE 8 PLUS 256 GB', 1, 2400000.00, '2023-01-06', 532),
(878, 799, 'PISCINA BESTWAY 6.473L ', 1, 1300000.00, '2023-01-06', 717),
(879, 800, 'XXX CEL IPHONE 11 128GB 81 BAT', 1, 3200000.00, '2023-01-06', 528),
(880, 801, 'TABLET AMAZON FIRE 7 KIDS ', 1, 700.00, '2023-01-06', 705),
(881, 802, 'X CEL S20 FE', 1, 1700000.00, '2023-01-06', 141),
(882, 803, 'CEL SM A13', 1, 1250.00, '2023-01-06', 27),
(883, 804, 'RELOJ SMART LUO X24', 1, 150000.00, '2023-01-06', 561),
(884, 805, 'AMPLIFICADOR KA-318', 1, 550000.00, '2023-01-06', 257),
(885, 806, 'CEL SM A03 CORE', 1, 750.00, '2023-01-06', 28),
(886, 807, 'X CEL IPHO 12 PRO MAX DE 128 GB ', 1, 5200.00, '2023-01-06', 606),
(887, 807, 'X CEL IPHONE 11 PRO DE 256gb 88%', 1, 3800000.00, '2023-01-06', 499),
(888, 807, 'XXX CEL IPHONE 12 PRO MAX 128GB', 1, 5300000.00, '2023-01-06', 530),
(889, 807, 'X CEL IPHO 12 PRO MAX DE 128 GB ', 1, 5200000.00, '2023-01-06', 606),
(890, 807, 'XXX CEL IPHONE XR 64 GB', 1, 2000000.00, '2023-01-06', 535),
(891, 807, 'X CEL IPHO 12 PRO MAX DE 128 GB ', 1, 5200000.00, '2023-01-06', 606),
(892, 807, 'CEL IPHONE 11 128gb', 1, 4150000.00, '2023-01-06', 263),
(893, 807, 'CEL IPHONE 11 128gb', 1, 4150000.00, '2023-01-06', 263),
(894, 808, 'CEL XIA RETMI A1', 1, 650.00, '2023-01-06', 36),
(895, 809, 'PARLANTE JBL FLEX 3 DE 6\'', 1, 250000.00, '2023-01-06', 644),
(896, 810, 'CEL SM A04 4 RAM Y 32 GB', 1, 850000.00, '2023-01-06', 323),
(897, 810, 'CEL XIA 9A', 1, 730000.00, '2023-01-06', 33),
(898, 810, 'CEL XIA RETMI A1', 1, 650000.00, '2023-01-06', 36),
(899, 810, 'CEL SM A03 CORE', 1, 700000.00, '2023-01-06', 28),
(900, 810, 'XXX CEL IPHONE 11 128 GB 100 BAT', 1, 3100000.00, '2023-01-06', 594),
(901, 811, 'RELOJ XIAOMI bAND 6 ORIGINAL', 1, 350000.00, '2023-01-06', 568),
(902, 812, 'XX CEL SM A12 DE 64GB', 1, 700000.00, '2023-01-07', 78),
(903, 813, 'FUENTE DE 15AMPER', 1, 200000.00, '2023-01-07', 630),
(904, 814, 'DISCO 1 TB ', 1, 350000.00, '2023-01-07', 626),
(905, 815, 'PENDRIVE SANDISK DE 16gb', 5, 33000.00, '2023-01-07', 73),
(906, 815, 'MEMORIA DE 16 ULTRA', 3, 30000.00, '2023-01-07', 507),
(907, 816, 'XXX CEL IPHONE 8 PLUS 64 GB', 1, 1900000.00, '2023-01-07', 533),
(908, 817, 'PLAY 5 SONY', 1, 6000000.00, '2023-01-07', 604),
(909, 818, 'TETRI SUP', 1, 150000.00, '2023-01-07', 726),
(910, 819, 'CAMARA ROBOTICA ', 1, 370000.00, '2023-01-07', 100),
(911, 820, 'CEL XIA RETMI A1', 2, 620000.00, '2023-01-07', 36),
(912, 821, 'AURICULAR WIRELESS P68', 1, 130000.00, '2023-01-07', 756),
(913, 822, 'MEMORIA SANDISK DE 8gb', 1, 30000.00, '2023-01-07', 114),
(914, 823, 'LICUADORA JEFFY KLD-465', 1, 180000.00, '2023-01-07', 111),
(915, 823, 'OLLA ELECTRICA KLD-117', 1, 220000.00, '2023-01-07', 97),
(916, 824, 'ANTENA DIGITAL DE TV ', 1, 70000.00, '2023-01-07', 147),
(917, 825, 'PARLANTE JBL FLEX 3 DE 6\'', 1, 280000.00, '2023-01-07', 644),
(918, 826, 'ECOPOWER ANDROID EP-7008', 1, 350000.00, '2023-01-07', 638),
(919, 827, 'AUTORRADIO PIONEER CON BLUETOOTH MVH-S215BT', 1, 650000.00, '2023-01-09', 206),
(920, 828, 'PLACA INFLARROJA MAST', 1, 180000.00, '2023-01-09', 84),
(921, 829, 'CEL XIAOMI POCO X4 PRO 5G8 Y 256GB', 1, 2400000.00, '2023-01-09', 597),
(922, 830, 'CEL XIAOMI POCO X4 PRO 5G8 Y 256GB', 1, 120000.00, '2023-01-09', 597),
(923, 831, 'VENTILADOR DE TECHO JAM PESADO', 1, 300000.00, '2023-01-09', 302),
(924, 832, 'CAMARA ROBOTICA ', 1, 370000.00, '2023-01-09', 100),
(925, 833, 'VENTILADOR DE PIE BRIZA NARANJADO', 1, 180000.00, '2023-01-09', 72),
(926, 834, 'TABLET IPRO KIT 7 4G 2 RAM ', 2, 650000.00, '2023-01-09', 701),
(927, 835, 'AHIRE SPLIT MIDAS DE 12 BTU ', 1, 2350000.00, '2023-01-09', 515),
(928, 836, 'TV DE 32 TOKIO', 1, 1450000.00, '2023-01-09', 48),
(929, 836, 'CEL SM A03 CORE', 1, 750.00, '2023-01-09', 28),
(930, 837, 'VENTILADOR DE PIE BRIZA NARANJADO', 1, 180000.00, '2023-01-09', 72),
(931, 838, 'AURICULAR XIAOMI BUDS 3 LITE ', 1, 7000.00, '2023-01-09', 596),
(932, 839, 'CEL SM A53 5G', 1, 2700000.00, '2023-01-10', 146),
(933, 840, 'CEL SM A03 CORE', 1, 750.00, '2023-01-10', 28),
(934, 841, 'CEL SM A13', 1, 1200.00, '2023-01-10', 27),
(935, 842, 'CEL SM A03 CORE', 1, 750.00, '2023-01-10', 28),
(936, 842, 'CEL REDMI 10A', 1, 950000.00, '2023-01-10', 709),
(937, 842, 'CEL SM A32 128GB', 1, 1650000.00, '2023-01-10', 696),
(938, 842, 'CEL MOTO E32S XT2229-2 3 RAM Y 32GB', 1, 800000.00, '2023-01-10', 580),
(939, 843, 'CEL XIA 9A', 1, 750000.00, '2023-01-10', 33),
(940, 844, 'AHIRE SPLIT JAM DE 3000 FRIGORIA', 1, 2300.00, '2023-01-10', 501),
(941, 845, 'JBL FLIT 5', 1, 600000.00, '2023-01-11', 66),
(942, 846, 'MEMORIA DE 32 ULTRA ', 1, 50000.00, '2023-01-11', 506),
(943, 847, 'LICUADORA JEFFY KLD-465', 1, 180000.00, '2023-01-11', 111),
(944, 848, ' X CEL IPHONE 12 DE 128GB ', 1, 4400000.00, '2023-01-11', 735),
(945, 848, 'CARGADOR PARA IPHONE USB POWER ADAPTER ', 1, 0.00, '2023-01-11', 635),
(946, 849, 'VENTILADOR DE PIE USC 3 EN 1 ', 1, 180000.00, '2023-01-11', 546),
(947, 850, 'PENDRIVE SANDISK DE 16gb', 1, 35000.00, '2023-01-11', 73),
(948, 851, 'CEL SM A04 4 RAM Y 32 GB', 1, 850000.00, '2023-01-11', 323),
(949, 852, 'VENTILADOR DE PIE USC 3 EN 1 ', 1, 150000.00, '2023-01-11', 546),
(950, 853, 'TABLET AMAZON FIRE 8 DE 32GB ', 2, 900000.00, '2023-01-11', 699),
(951, 854, 'CEL XIA NOTE 11S 6RAM DE 128 ', 1, 1400000.00, '2023-01-11', 698),
(952, 854, 'X CEL MI 10T LITE  ', 1, 1100000.00, '2023-01-11', 774),
(953, 855, 'CEL XIA RETMI A1', 1, 700000.00, '2023-01-11', 36),
(954, 856, 'NB ASUS VIVOBOOK I5 8GB 512', 1, 3500000.00, '2023-01-11', 584),
(955, 857, 'AHIRE SPLIT  TOKIO 3000 FRIGORIA', 1, 2400000.00, '2023-01-11', 134),
(956, 858, 'CEL XIA NOTE 11 4 Y 128GB', 1, 1400000.00, '2023-01-11', 64),
(957, 859, 'X CEL IPHO 12 64 GB 87%', 1, 0.00, '2023-01-11', 159),
(958, 860, 'AHIRE SPLIT  TOKIO 3000 FRIGORIA', 1, 2400000.00, '2023-01-11', 134),
(959, 861, 'CEL XIAOMI 12 LITE 8 DE RAM 128GB', 1, 2600.00, '2023-01-11', 722),
(960, 862, 'VENTILADOR DE PIE USC 3 EN 1 ', 1, 150.00, '2023-01-11', 546),
(961, 863, 'ahire split tokio 4500 frigoria de 18000btu', 1, 3900.00, '2023-01-12', 611),
(962, 864, 'ventilador de techo briza pesado', 1, 280000.00, '2023-01-12', 165),
(963, 865, 'AMPLIFICADOR KA-988DC', 1, 750000.00, '2023-01-12', 258),
(964, 866, 'AHIRE SPLIT  TOKIO 3000 FRIGORIA', 1, 2400000.00, '2023-01-12', 134),
(965, 867, 'CEL SM A04 S 64 GB', 1, 1300000.00, '2023-01-12', 537),
(966, 868, 'MOUSE INHALAMBRICO SATELLITE ', 1, 0.00, '2023-01-12', 829),
(967, 869, 'CEL XIA RETMI A1', 1, 750000.00, '2023-01-12', 36),
(968, 870, 'X CEL SM A53 128GB', 1, 1700000.00, '2023-01-12', 187),
(969, 871, 'XXX CEL IPHONE 11 128 GB 100 BAT', 1, 3500000.00, '2023-01-12', 594),
(970, 872, 'XXX CEL IPHONE 11 128 GB 100 BAT', 1, 0.00, '2023-01-12', 594),
(971, 873, 'AHIRE SPLIT  TOKIO 3000 FRIGORIA', 1, 2500.00, '2023-01-12', 134),
(972, 874, 'CAMARA ROBOTICA ', 1, 370000.00, '2023-01-12', 100),
(973, 875, 'HORNO 38 LITROS MEGASTAR', 1, 550000.00, '2023-01-12', 67),
(974, 876, 'DVR HIKVISION 8 DE 7100 SERIES', 1, 500000.00, '2023-01-12', 623),
(975, 877, 'PENDRIVE SANDISK DE 16gb', 1, 35000.00, '2023-01-12', 73),
(976, 878, 'XXX CEL IPHONE 8 PLUS 256 GB', 1, 2400000.00, '2023-01-12', 532),
(977, 879, 'CEL A33 DE 128gb 5G', 1, 1900000.00, '2023-01-13', 502),
(978, 880, 'CEL A33 DE 128gb 5G', 1, 2400000.00, '2023-01-13', 502),
(979, 881, 'CEL NOKIA 106', 1, 140.00, '2023-01-13', 307),
(980, 882, 'XXX CEL IPHONE 11 128 GB 100 BAT', 1, 3500000.00, '2023-01-13', 594),
(981, 883, 'X CEL J4 DE 16GB', 1, 400000.00, '2023-01-13', 761),
(982, 884, 'CARGADOR ECOPOWER TIPO C', 1, 30000.00, '2023-01-13', 122),
(983, 885, 'JBL PARTY BOX 100', 1, 2300000.00, '2023-01-13', 267),
(984, 886, 'VENTILADOR DE PIE USC 3 EN 1 ', 1, 170000.00, '2023-01-13', 546),
(985, 887, 'MASAJEADOR MUSCULAR DE 12 CABEZA ', 1, 13000.00, '2023-01-13', 525),
(986, 888, 'XXX CEL IPHONE 11 128 GB 100 BAT', 1, 3500000.00, '2023-01-13', 594),
(987, 889, 'CEL MOTO E32S XT2229-2 3 RAM Y 32GB', 1, 750000.00, '2023-01-13', 580),
(988, 890, 'NB HP I5 16 RAM Y 256 SSD', 1, 195000.00, '2023-01-13', 583),
(989, 891, 'PLACA INFLARROJA MAST', 1, 180000.00, '2023-01-13', 84),
(990, 892, 'CARGADOR PORTATIL LUO 12000MAH', 1, 100000.00, '2023-01-14', 549),
(991, 893, 'SECADOR NEGRO MEGA STAR SC226', 1, 7500.00, '2023-01-14', 873),
(992, 894, 'SECADOR NEGRO MEGA STAR SC226', 1, 7500.00, '2023-01-14', 873),
(993, 895, 'X CEL XIA A1 ', 1, 550000.00, '2023-01-14', 777),
(994, 896, 'CEL SM A13', 1, 1100.00, '2023-01-14', 27),
(995, 897, 'CEL SM A03 CORE', 1, 750.00, '2023-01-14', 28),
(996, 898, 'AHIRE SPLIT HAUSTEC 3000 FRIGORIA DE 12000 BTU', 1, 2100000.00, '2023-01-14', 801),
(997, 899, 'COCINA A GAS JAM EVA TOP GLAS 5HB NEGRO O CON LUZ EN EL HORNO ', 1, 2200000.00, '2023-01-14', 871),
(998, 900, 'CEL SM A03 CORE', 1, 700.00, '2023-01-14', 28),
(999, 901, 'CAMARA ROBOTICA ', 1, 350000.00, '2023-01-14', 100),
(1000, 902, 'TABLET AMAZON FIRE 8 DE 32GB ', 1, 750000.00, '2023-01-14', 699),
(1001, 903, 'VENTILADOR DE TECHO TOKYIO ', 1, 280000.00, '2023-01-14', 567),
(1002, 904, 'CEL SM A23', 1, 1600000.00, '2023-01-14', 61),
(1003, 904, 'MEMORIA DE 32 ULTRA ', 1, 50000.00, '2023-01-14', 506),
(1004, 905, 'AHIRE SPLIT  TOKIO 3000 FRIGORIA', 1, 2400000.00, '2023-01-14', 134),
(1005, 906, 'LICUADORA ARNO DE 5 VELOCIDADES ', 1, 400000.00, '2023-01-14', 570),
(1006, 907, 'CEL XIAOMI 11 LITE 5G NEGRO 8GB Y 128', 1, 2400000.00, '2023-01-14', 538),
(1007, 908, 'AUTORRADIO PIONEER CON BLUETOOTH MVH-S215BT', 1, 440000.00, '2023-01-14', 206),
(1008, 909, 'HELADERA TOKIO CON DISPENCER DE 420 LITROS', 1, 3700000.00, '2023-01-14', 856),
(1009, 910, 'CARGADOR ECOPOWER CON DOS SALIDA', 1, 25000.00, '2023-01-14', 618),
(1010, 911, 'AHIRE SPLIT  TOKIO 3000 FRIGORIA', 1, 2400000.00, '2023-01-14', 134),
(1011, 912, 'CEL SM A13', 1, 1200.00, '2023-01-14', 27),
(1012, 913, 'CEL SM A03 CORE', 1, 750000.00, '2023-01-14', 28),
(1013, 914, 'AURICULAR MEGA STAR INALAMBRICO', 1, 120000.00, '2023-01-14', 891),
(1014, 915, 'TABLET KEEN DE 16GB', 1, 400000.00, '2023-01-14', 724),
(1015, 916, 'AUTO RADIO ECOPOWER EP-602', 1, 150000.00, '2023-01-14', 308),
(1016, 917, 'FIRE TV STICK LITE ', 1, 350000.00, '2023-01-16', 555),
(1017, 918, 'CABLE ECOPOWER TIPO C A USB ', 1, 20000.00, '2023-01-16', 859),
(1018, 919, 'AHIRE SPLIT HAUSTEC 3000 FRIGORIA DE 12000 BTU', 1, 2450000.00, '2023-01-16', 801),
(1019, 920, 'AHIRE SPLIT HAUSTEC 4500 FRIGORIA DE 18000 BTU', 1, 3450000.00, '2023-01-16', 542),
(1020, 921, 'JBL PARTY BOX 110 ', 1, 2400000.00, '2023-01-16', 518),
(1021, 922, 'CARGADOR ORIGINAL DE IPH', 1, 100000.00, '2023-01-16', 193),
(1022, 923, 'PLACA INFRA ROJO  BIG STAR ', 1, 180000.00, '2023-01-16', 889),
(1023, 924, 'OLLA ELECTRICA MEGA STAR ', 1, 250000.00, '2023-01-16', 887),
(1024, 925, 'CARGADOR PARA AUTO CON CABLE  ECOPOWER ', 1, 25000.00, '2023-01-16', 269),
(1025, 925, 'CABLE ECOPOWER TIPO C A USB ', 1, 20000.00, '2023-01-16', 859),
(1026, 926, 'CEL SM A13', 1, 1150.00, '2023-01-16', 27),
(1027, 926, 'CEL SM A03 CORE', 1, 700.00, '2023-01-16', 28),
(1028, 926, 'CEL SM A03 CORE', 1, 700.00, '2023-01-16', 28),
(1029, 927, 'JARRA ELECTRICA JAM', 1, 170000.00, '2023-01-16', 70),
(1030, 927, 'PLACA INFLARROJA MAST', 1, 200000.00, '2023-01-16', 84),
(1031, 928, 'JARRA ELECTRICA JAM', 1, 13000.00, '2023-01-16', 70),
(1032, 929, ' PARLANTE MEGA STAR HYJ65BT', 1, 200000.00, '2023-01-16', 58),
(1033, 930, 'AURICULAR XIAOMI BUDS 3 LITE ', 1, 180000.00, '2023-01-16', 596),
(1034, 931, 'AHIRE SPLIT  TOKIO 3000 FRIGORIA', 1, 2300000.00, '2023-01-16', 134),
(1035, 932, 'MASAJEADOR MUSCULAR DE 12 CABEZA ', 1, 25000.00, '2023-01-16', 525),
(1036, 933, 'X CEL IPHO 11 DE 128GB 87%', 1, 2300000.00, '2023-01-16', 175),
(1037, 934, 'VENTILADOR DE PISO MEGA STAR DE 3 VELOCIDADES ', 1, 170000.00, '2023-01-17', 883),
(1038, 935, 'TABLET FIRE HD 10 ', 1, 900000.00, '2023-01-17', 704),
(1039, 936, 'LAVARROPA JAM A PALETA', 1, 600000.00, '2023-01-17', 576),
(1040, 937, 'TELEFONO MEGA STAR FT308', 1, 80000.00, '2023-01-17', 552),
(1041, 938, 'XXX CEL IPHONE 8 PLUS 64 GB', 1, 1900000.00, '2023-01-17', 533),
(1042, 939, 'SINTONISADOR FM', 1, 100000.00, '2023-01-17', 850),
(1043, 940, 'LAVARROPAS MULLER 4KG', 1, 480000.00, '2023-01-17', 541),
(1044, 941, 'OLLA ELECTRICA MEGA STAR ', 1, 220000.00, '2023-01-17', 887),
(1045, 942, 'CONTROL PARA PLAY 4 SEMI ', 1, 150000.00, '2023-01-17', 808),
(1046, 943, 'ARLANTE MEGA STAR DE 8´ ', 1, 350000.00, '2023-01-17', 523),
(1047, 944, 'AHIRE SPLIT MIDAS 24000 BTU ', 1, 4700000.00, '2023-01-17', 905),
(1048, 944, 'PURIFICADOR TOKIO', 1, 850000.00, '2023-01-17', 908),
(1049, 945, 'AHIRE SPLIT  TOKIO 3000 FRIGORIA', 1, 2400000.00, '2023-01-17', 134),
(1050, 946, 'PARLANTE JBL FLEX 3 DE 6\'', 1, 280000.00, '2023-01-17', 644),
(1051, 947, 'PARLANTE JBL FLEX 3 DE 6\'', 1, 280000.00, '2023-01-17', 644),
(1052, 948, 'X CEL IPHONE 11 DE 64gb', 1, 3000000.00, '2023-01-17', 500),
(1053, 949, 'CARGADOR PARA AUTO CON CABLE  ECOPOWER ', 1, 25000.00, '2023-01-17', 269),
(1054, 950, 'PLACA INFLARROJA MAXON', 1, 200000.00, '2023-01-18', 848),
(1055, 951, 'CEL SM A13', 1, 1250.00, '2023-01-18', 27),
(1056, 952, 'TELEFONO MEGA STAR FT308', 1, 80000.00, '2023-01-18', 552),
(1057, 953, 'IMPRESORA EPSON CON WIFI L3250', 1, 1750.00, '2023-01-18', 875),
(1058, 954, 'LICUADORA TOKYO', 1, 240000.00, '2023-01-18', 108),
(1059, 955, 'PENDRIVE SANDISK DE 16gb', 1, 30000.00, '2023-01-18', 73),
(1060, 956, 'X CEL XIA NOTE 9 128 GB', 1, 900000.00, '2023-01-18', 173),
(1061, 957, 'ADAPTADOR USB A BLUETOOTH ', 1, 80000.00, '2023-01-18', 815),
(1062, 958, 'VENTILADOR DE PIE JAM PATA REDONDA', 2, 330.00, '2023-01-18', 305),
(1063, 959, 'LICUADORA TOKIO JARRA METALICA  ', 1, 380000.00, '2023-01-18', 563),
(1064, 960, 'X CEL SM A23 128GB', 1, 1200000.00, '2023-01-18', 170),
(1065, 961, 'LUS MAST 140', 1, 40000.00, '2023-01-18', 328),
(1066, 962, 'X NB HP 4 RAM 120SSD', 1, 1400000.00, '2023-01-18', 188),
(1067, 963, 'LICUADORA MAX TOKYO', 1, 250000.00, '2023-01-19', 566),
(1068, 964, 'AHIRE SPLIT CARRIER DE 3000 FRIGORIAS DE 12000 BTU', 1, 2500000.00, '2023-01-19', 909),
(1069, 965, 'VENTILADOR DE PIE USC 3 EN 1 ', 1, 170000.00, '2023-01-19', 546),
(1070, 966, 'AHIRE SPLIT  TOKIO 3000 FRIGORIA', 1, 2400000.00, '2023-01-19', 134),
(1071, 967, 'CARGADOR PORTATIL ECOPOWER 12.000', 1, 80000.00, '2023-01-19', 299),
(1072, 968, 'CEL A33 DE 128gb 5G', 1, 2300000.00, '2023-01-19', 502),
(1073, 969, ' PARLANTE MEGA STAR HYJ1406BTA', 1, 150000.00, '2023-01-19', 57),
(1074, 970, 'VENTILADOR INDUSTRIAL DE PIE MOTOR DE 30 BASE REDONDA', 1, 600000.00, '2023-01-19', 306),
(1075, 971, 'CARGADOR UNIVERSAL PARA COMPUTADORA ECOPOWER ', 1, 100000.00, '2023-01-19', 870),
(1076, 972, 'CABLE ECOPOWER TIPO C A USB ', 1, 20000.00, '2023-01-19', 859),
(1077, 973, 'CABLE ECOPOWER TIPO C A USB ', 1, 25000.00, '2023-01-19', 859),
(1078, 974, 'CEL A33 DE 128gb 5G', 1, 2200000.00, '2023-01-19', 502),
(1079, 976, 'CORTA PELO GAMA GC542', 1, 300.00, '2023-01-20', 650),
(1080, 977, 'CEL XIA RETMI A1', 1, 600000.00, '2023-01-20', 36),
(1081, 978, 'CARGADOR ECOPOWER TIPO C', 1, 30000.00, '2023-01-20', 122),
(1082, 979, 'CEL XIA RETMI A1', 2, 620000.00, '2023-01-20', 36),
(1083, 980, 'AHIRE SPLIT  TOKIO 3000 FRIGORIA', 1, 0.00, '2023-01-20', 134),
(1084, 981, 'VENTILADOR DE TECHO WATSON ', 1, 450.00, '2023-01-20', 190),
(1085, 982, 'SAM S22PLUS 8 DE RAM 256GB', 1, 5000000.00, '2023-01-20', 721),
(1086, 983, 'CEL SM A03 CORE', 1, 750.00, '2023-01-20', 28),
(1087, 984, 'AHIRE SPLIT MIDAS 24000 BTU ', 1, 4600.00, '2023-01-21', 905),
(1088, 985, 'HELADERA TOKIO 350 LITROS', 1, 2600000.00, '2023-01-21', 917),
(1089, 986, 'CEL REDMI 10A', 1, 800000.00, '2023-01-21', 709),
(1090, 987, 'RELOJ SMART LUO X24', 1, 130000.00, '2023-01-21', 561),
(1091, 988, 'X CEL IPHO XS DE 256GB 78%', 1, 2400000.00, '2023-01-21', 784),
(1092, 989, 'parlante para auto  mega sonic', 1, 150000.00, '2023-01-21', 911),
(1093, 990, 'LICUADORA PHILIPS', 1, 250000.00, '2023-01-21', 109),
(1094, 991, 'FUENTE DE 15AMPER', 1, 180000.00, '2023-01-21', 630),
(1095, 992, 'AHIRE SPLIT  TOKIO 3000 FRIGORIA', 1, 2300000.00, '2023-01-21', 134),
(1096, 994, 'X CEL IPHONE 11 DE 64gb', 1, 2800.00, '2023-01-21', 500),
(1097, 995, 'ahire split tokio 4500 frigoria de 18000btu', 1, 0.00, '2023-01-21', 611),
(1098, 996, ' CEL A03S 32GB ', 1, 700000.00, '2023-01-21', 770),
(1099, 997, 'BALANZA BIONICA', 1, 9000.00, '2023-01-21', 504),
(1100, 998, 'JARRA ELECTRICA GT ', 1, 70000.00, '2023-01-21', 832),
(1101, 999, 'CAMARA HIKVISION DE 1080P', 2, 180000.00, '2023-01-23', 382),
(1102, 999, 'FUENTE DE 10AMPER ', 1, 180000.00, '2023-01-23', 262),
(1103, 999, 'DVR HIKVISION 4 CANALES', 1, 450000.00, '2023-01-23', 381),
(1104, 999, 'CAMARA HIKVISION DE 1080P CON AUDIO', 2, 300000.00, '2023-01-23', 619),
(1105, 1001, 'X CEL POCO M3 128 GB ', 1, 700.00, '2023-01-23', 235),
(1106, 1002, 'CEL SM A32 128GB', 1, 1800000.00, '2023-01-23', 696),
(1107, 1002, 'CEL SM A03 CORE', 1, 700000.00, '2023-01-23', 28),
(1108, 1003, 'CEL SM A13', 2, 0.00, '2023-01-23', 27),
(1109, 1004, 'VENTILADOR DE TECHO MEGA STAR 5 VELOCIDADES MOTOR PESADO ', 1, 250000.00, '2023-01-23', 880),
(1110, 1005, 'IPHONE 13 NORMAL DE 128gb LACRADO', 1, 5000000.00, '2023-01-23', 893),
(1111, 1006, 'FIRE TV STICK LITE ', 1, 350000.00, '2023-01-23', 555),
(1112, 1007, 'AHIRE SPLIT  TOKIO 3000 FRIGORIA', 1, 2300000.00, '2023-01-23', 134),
(1113, 1008, 'CARGADOR ECOPOWER TIPO C', 1, 35000.00, '2023-01-23', 122),
(1114, 1009, 'AHIRE SPLIT MABE DE 18000BTU DE 4500 FRIGORIA', 1, 3600000.00, '2023-01-23', 516),
(1115, 1010, 'X CEL XIA NOTE 9 128 GB', 1, 1100000.00, '2023-01-23', 173),
(1116, 1011, 'BALANZA BIONICA', 1, 200000.00, '2023-01-23', 504),
(1117, 1012, 'X CEL IPHONE 11 DE 64GB 100% ', 1, 150000.00, '2023-01-23', 499),
(1118, 1012, 'XXX CEL IPHONE 11 128 GB 100 BAT', 1, 165000.00, '2023-01-23', 594),
(1119, 1013, 'CEL XIA NOTE 11 4 Y 128GB', 1, 1600000.00, '2023-01-23', 64),
(1120, 1014, 'VENTILADOR DE PISO MEGA STAR DE 3 VELOCIDADES ', 1, 170000.00, '2023-01-24', 883),
(1121, 1015, 'CARGADOR PARA AUTO CON CABLE  ECOPOWER ', 1, 25000.00, '2023-01-24', 269),
(1122, 1016, 'MICROONDAS CON GRIL TOKIO 20 LITROS', 1, 600000.00, '2023-01-24', 857),
(1123, 1016, 'HORNO 38 LITROS MEGASTAR', 1, 500000.00, '2023-01-24', 67),
(1124, 1017, 'PALANTE ECOPOWER 1911', 1, 80000.00, '2023-01-24', 688),
(1125, 1018, 'CEL SM A04 4 RAM Y 64GB', 1, 1000000.00, '2023-01-24', 213),
(1126, 1018, 'CEL A33 DE 128gb 5G', 1, 2000000.00, '2023-01-24', 502),
(1127, 1018, 'CEL XIA RETMI A1', 1, 600000.00, '2023-01-24', 36),
(1128, 1019, 'X CEL SAM A03', 1, 700000.00, '2023-01-24', 903),
(1129, 1020, 'LICUADORA ARNO DE 3 VELOCIDADES', 1, 280000.00, '2023-01-24', 569),
(1130, 1021, 'X CEL SAM S21 FE 5G DE 128GB ', 1, 2700000.00, '2023-01-24', 800),
(1131, 1022, 'XXX CEL IPHONE 8 PLUS 64 GB', 1, 1900000.00, '2023-01-24', 533),
(1132, 1023, 'HELADERA TOKIO 350 LITROS', 1, 2600000.00, '2023-01-24', 917),
(1133, 1024, 'LICUADORA SPEEG', 1, 320000.00, '2023-01-24', 571),
(1134, 1025, 'PLACA INFLARROJA MAXON', 1, 200000.00, '2023-01-24', 848),
(1135, 1026, 'AHIRE SPLIT CARRIER DE 3000 FRIGORIAS DE 12000 BTU', 1, 0.00, '2023-01-24', 909),
(1136, 1027, 'X CEL IPHONE 11 DE 64gb', 1, 0.00, '2023-01-24', 500),
(1137, 1028, 'CEL SM J7 PRO', 1, 750000.00, '2023-01-25', 128),
(1138, 1029, 'VENTILADOR INDUSTRIAL HDK DE  PARE', 1, 400000.00, '2023-01-25', 95),
(1139, 1030, 'CARGADOR PARA IPHONE USB POWER ADAPTER ', 1, 80000.00, '2023-01-25', 635),
(1140, 1031, 'AHIRE SPLIT  TOKIO 3000 FRIGORIA', 1, 2400000.00, '2023-01-25', 134),
(1141, 1032, 'CARGADOR ORIGINAL TIPO C INOVA', 1, 30000.00, '2023-01-25', 922),
(1142, 1033, 'CARGADOR SAMSUNG S10 CAJA NEGRA LACRADA TIPO C ', 1, 70000.00, '2023-01-25', 825),
(1143, 1034, 'VENTILAD0R DE PIE MEGASTAR', 1, 170000.00, '2023-01-25', 71),
(1144, 1035, 'AHIRE SPLIT HAUSTEC 3000 FRIGORIA DE 12000 BTU', 1, 2500000.00, '2023-01-25', 801),
(1145, 1036, 'LAVARROPAS MULLER 4KG', 1, 600000.00, '2023-01-25', 541),
(1146, 1037, 'X CEL SAM S22 ULTRA DE 512 GB', 1, 6500000.00, '2023-01-25', 790),
(1147, 1038, 'CARGADOR ECOPOWER TIPO C', 1, 30000.00, '2023-01-25', 122),
(1148, 1039, 'AHIRE SPLIT CARRIER DE 3000 FRIGORIAS DE 12000 BTU', 1, 2400000.00, '2023-01-25', 909),
(1149, 1039, 'AHIRE SPLIT MABE DE 18000BTU DE 4500 FRIGORIA', 1, 3600000.00, '2023-01-25', 516),
(1150, 1040, 'CEL NOKIA 106', 1, 150000.00, '2023-01-26', 307),
(1151, 1041, 'X CEL XIA A1 ', 1, 600000.00, '2023-01-26', 777),
(1152, 1042, 'VENTILAD0R DE PIE MEGASTAR', 1, 170000.00, '2023-01-26', 71),
(1153, 1043, 'CONTROL UNIVERSAL DE TV KEIBO ', 1, 50000.00, '2023-01-26', 157),
(1154, 1044, 'CONTROL UNIVERSAL DE TV KEIBO ', 1, 50000.00, '2023-01-26', 157),
(1155, 1045, 'CEL XIAOMI 11 LITE 5G NE 8/128', 1, 2100000.00, '2023-01-26', 579),
(1156, 1046, 'JBL GO 3', 1, 300000.00, '2023-01-26', 661),
(1157, 1047, 'LICUADORA ARNO', 1, 0.00, '2023-01-26', 110),
(1158, 1048, 'CEL SM A03 CORE', 1, 700000.00, '2023-01-26', 28),
(1159, 1048, 'CEL XIA RETMI A1', 1, 600000.00, '2023-01-26', 36),
(1160, 1048, 'CEL SM A13', 1, 1100000.00, '2023-01-26', 27),
(1161, 1049, 'LUCES LED DE 5METROS', 1, 80000.00, '2023-01-26', 492),
(1162, 1050, 'X CEL IPHO 12 64 GB 87%', 1, 165000.00, '2023-01-26', 159),
(1163, 1051, 'CONTROL UNIVERSAL PARA AIRE ECOPOWER ', 1, 70000.00, '2023-01-26', 835),
(1164, 1052, 'CARGADOR ORIGINAL TIPO C INOVA', 1, 25000.00, '2023-01-26', 922),
(1165, 1053, 'LICUADORA ARNO', 1, 250000.00, '2023-01-26', 110),
(1166, 1054, 'CEL SM A03 64GB', 3, 850000.00, '2023-01-26', 62),
(1167, 1055, 'FRISER CONGELADOR MIDAS 380 LITROS MD -HS384', 1, 2800000.00, '2023-01-26', 494),
(1168, 1056, 'VENTILADOR DE PIE USC 3 EN 1 ', 1, 170000.00, '2023-01-26', 546),
(1169, 1057, 'XX SAM A53 5G DE 128BG', 1, 2100000.00, '2023-01-27', 933),
(1170, 1058, 'LICUADORA MONDIAL', 1, 200000.00, '2023-01-27', 564),
(1171, 1059, 'XX SAM  A52 DE 128GB', 1, 1350.00, '2023-01-27', 932),
(1172, 1060, 'XXX CEL IPHONE 11 DE 64GB 100% ', 1, 2600000.00, '2023-01-27', 499),
(1173, 1061, 'X CEL XIA POCO M3 64GB', 1, 0.00, '2023-01-27', 167),
(1174, 1062, 'AHIRE SPLIT CARRIER DE 3000 FRIGORIAS DE 12000 BTU', 1, 2400000.00, '2023-01-27', 909),
(1175, 1063, 'COCINA A GAS JAM EVA TOP GLAS 5HB NEGRO O CON LUZ EN EL HORNO ', 1, 1650000.00, '2023-01-27', 871),
(1176, 1064, 'FUENTE DE 10AMPER ', 1, 180000.00, '2023-01-27', 262),
(1177, 1064, 'DISCO 1 TB ', 1, 350000.00, '2023-01-27', 626),
(1178, 1064, 'DVR HIKVISION 8 DE 7100 SERIES', 1, 450000.00, '2023-01-27', 623),
(1179, 1065, 'XXX CEL IPHONE 8 PLUS 64 GB', 1, 1750000.00, '2023-01-27', 533),
(1180, 1066, 'AHIRE SPLIT CARRIER DE 3000 FRIGORIAS DE 12000 BTU', 1, 2500000.00, '2023-01-27', 909),
(1181, 1067, 'CARGADOR ORIGINAL CARGA RAPIDA TIPO C ', 1, 70000.00, '2023-01-27', 186),
(1182, 1067, 'CARGADOR ORIGINAL TIPO C INOVA', 2, 30000.00, '2023-01-27', 922),
(1183, 1068, 'CARGADOR ORIGINAL TIPO C INOVA', 1, 30000.00, '2023-01-27', 922),
(1184, 1069, 'AHIRE SPLIT CARRIER DE 3000 FRIGORIAS DE 12000 BTU', 1, 2500000.00, '2023-01-27', 909),
(1185, 1070, 'AIRE HISENSE DE 12000BTU', 1, 2200000.00, '2023-01-27', 930),
(1186, 1071, 'AHIRE SPLIT JAM DE 3000 FRIGORIA', 1, 2300000.00, '2023-01-27', 501),
(1187, 1072, 'CEL SM A04 4 RAM Y 32 GB', 1, 900000.00, '2023-01-27', 323),
(1188, 1073, 'VENTILADOR INDUSTRIAL HDK  DE PIE ', 1, 450000.00, '2023-01-28', 935),
(1189, 1074, 'AHIRE SPLIT  TOKIO 3000 FRIGORIA', 1, 2300000.00, '2023-01-28', 134),
(1190, 1075, 'AHIRE SPLIT JAM DE 3000 FRIGORIA', 1, 2400000.00, '2023-01-28', 501),
(1191, 1076, 'ARLANTE MEGA STAR DE 8´ ', 1, 250000.00, '2023-01-28', 523),
(1192, 1077, 'XXX CEL IPHONE XR 64 GB', 1, 0.00, '2023-01-28', 535),
(1193, 1078, 'VENTILADOR DE PIE JAM PATA REDONDA', 1, 350.00, '2023-01-28', 305),
(1194, 1079, 'CEL SM A03 CORE', 2, 700000.00, '2023-01-28', 28),
(1195, 1081, 'LAVARROPA AUTOMATICO JAM 6KG', 1, 1800000.00, '2023-01-28', 310),
(1196, 1082, 'VENTILADOR DE PIE USC 3 EN 1 ', 1, 170000.00, '2023-01-28', 546),
(1197, 1083, 'BALANZA WEBSTAR', 1, 150000.00, '2023-01-28', 923),
(1198, 1084, ' PARLANTE MEGA STAR HYJ1406BTA', 1, 150000.00, '2023-01-28', 57),
(1199, 1084, 'CABLE ECOPOWER TIPO C A USB ', 1, 20000.00, '2023-01-28', 859),
(1200, 1085, 'DVR HIKVISION 8 DE 7100 SERIES', 1, 450000.00, '2023-01-28', 623),
(1201, 1086, 'BALANZA WEBSTAR', 1, 200000.00, '2023-01-28', 923),
(1202, 1087, 'XXX CEL IPHONE 11 DE 64GB 100% ', 1, 1850000.00, '2023-01-30', 499),
(1203, 1088, 'CEL XIA RETMI A1', 1, 650.00, '2023-01-30', 36),
(1204, 1089, 'HORNO JAM 45 LITROS', 1, 650000.00, '2023-01-30', 304),
(1205, 1090, 'AHIRE SPLIT  TOKIO 3000 FRIGORIA', 1, 2500000.00, '2023-01-30', 134),
(1206, 1091, 'PARLANTE MEGA STAR HY1526BT', 1, 120000.00, '2023-01-30', 59),
(1207, 1092, 'HORNO JAM 45 LITROS', 1, 650.00, '2023-01-30', 304),
(1208, 1093, 'CEL SM A32 128GB', 1, 1650000.00, '2023-01-30', 696),
(1209, 1094, 'X CEL XIAOMI NOTE 9 64 GB', 1, 720000.00, '2023-01-30', 232),
(1210, 1095, 'AURICULAR MEGA STAR INALAMBRICO', 1, 150000.00, '2023-01-30', 891),
(1211, 1096, 'BALANZA WEBSTAR', 1, 250000.00, '2023-01-30', 923),
(1212, 1097, 'JBL FLIP 6 ', 1, 740000.00, '2023-01-30', 934),
(1213, 1098, 'JBL FLIP 6 ', 1, 750000.00, '2023-01-30', 934),
(1214, 1099, 'X CEL J4 DE 16GB', 1, 400000.00, '2023-01-30', 761),
(1215, 1100, 'CARGADOR ORIGINAL TIPO C INOVA', 1, 30000.00, '2023-01-31', 922),
(1216, 1101, 'X CEL SAM NOTE 8 DE 64 GB', 1, 1100000.00, '2023-01-31', 899),
(1217, 1102, 'PLACA INFLARROJA MAXON', 1, 200000.00, '2023-01-31', 848),
(1218, 1103, 'CARGADOR PORTATIL LUO 12000MAH', 1, 100000.00, '2023-01-31', 549),
(1219, 1104, 'X TABLET SAM TAB A DE 32 GB  ', 1, 950000.00, '2023-01-31', 896),
(1220, 1104, 'TECLADO MINI SATE ', 1, 130000.00, '2023-01-31', 558),
(1221, 1105, 'CEL SM A22', 1, 1300000.00, '2023-01-31', 30),
(1222, 1105, 'JBL FLIP 6 ', 1, 750000.00, '2023-01-31', 934),
(1223, 1106, 'CEL SM A22', 1, 1300000.00, '2023-01-31', 30),
(1224, 1106, 'JBL FLIP 6 ', 1, 750000.00, '2023-01-31', 934),
(1225, 1107, 'IPHONE 12 DE 128 GB ', 1, 4500000.00, '2023-01-31', 939),
(1226, 1108, 'XXX CEL IPHONE 8 PLUS 256 GB', 1, 2100000.00, '2023-01-31', 532),
(1227, 1109, 'VENTILADOR DE TECHO MEGA STAR 5 VELOCIDADES MOTOR PESADO ', 1, 200000.00, '2023-01-31', 880),
(1228, 1110, 'PENDRIVE SANDISK DE 16gb', 1, 35000.00, '2023-01-31', 73),
(1229, 1111, 'CARGADOR ORIGINAL TIPO C INOVA', 1, 30000.00, '2023-01-31', 922),
(1230, 1111, 'HELADERA TOKIO 350 LITROS', 1, 2700000.00, '2023-01-31', 917),
(1231, 1112, 'AURICULAR XIAOMI', 1, 40000.00, '2023-01-31', 127),
(1232, 1113, 'X CEL SAM A03', 1, 700000.00, '2023-01-31', 903),
(1233, 1114, 'BATIDORA JEFFY 2 LITRO', 1, 170000.00, '2023-01-31', 68),
(1234, 1115, 'TV DE 32 TOKIO', 1, 1400000.00, '2023-01-31', 48),
(1235, 1116, 'ANTENA DIGITAL DE TV ', 1, 60000.00, '2023-01-31', 147),
(1236, 1117, 'AHIRE SPLIT CARRIER DE 3000 FRIGORIAS DE 12000 BTU', 1, 2400000.00, '2023-02-01', 909),
(1237, 1118, 'XXX CEL IPHONE 11 DE 64GB 100% ', 1, 2850000.00, '2023-02-01', 499),
(1238, 1119, 'CEL SM A13', 1, 1100000.00, '2023-02-01', 27),
(1239, 1120, 'CEL XIA POCO X4 PRO 6-128GB ', 1, 1300000.00, '2023-02-01', 145),
(1240, 1121, 'CEL NOKIA 106', 1, 150000.00, '2023-02-01', 307),
(1241, 1122, 'AURICULAR JBL TUNE 510 BT', 1, 350000.00, '2023-02-01', 849),
(1242, 1123, 'X CEL IPH 13 128 GB 99%', 1, 4500000.00, '2023-02-01', 219),
(1243, 1123, 'CEL SM A13', 1, 1100000.00, '2023-02-01', 27),
(1244, 1124, 'esterio sony   A 410 BT', 1, 700000.00, '2023-02-01', 845),
(1245, 1125, 'CEL XIA 9A', 1, 750000.00, '2023-02-01', 33),
(1246, 1125, 'CEL SM A03 CORE', 1, 700000.00, '2023-02-01', 28),
(1247, 1125, 'CEL A04 E 32 GB', 1, 800000.00, '2023-02-01', 536),
(1248, 1125, 'CEL SM A13', 1, 1150000.00, '2023-02-01', 27),
(1249, 1126, 'CEL SAM A72 DE 128 GB ', 1, 1700000.00, '2023-02-01', 942),
(1250, 1127, 'REPETIDOR DE SINAL WI-FI 300 MBPS TP-LINK ', 1, 200000.00, '2023-02-01', 868),
(1251, 1128, 'AHIRE SPLIT TOKIO DE 18.000 BTU 4.500 FRIGORIA   ', 1, 3700000.00, '2023-02-01', 964),
(1252, 1129, 'CEL XIAOMI 12 LITE 6 RAM Y 128 GB', 1, 2700000.00, '2023-02-01', 539),
(1253, 1130, 'VENTILADOR DE TECHO JAM PESADO', 1, 300000.00, '2023-02-02', 302),
(1254, 1131, 'CEL SM A03 CORE', 1, 750000.00, '2023-02-02', 28),
(1255, 1132, 'RUTER TP-LINK 450 MBPS ', 1, 300000.00, '2023-02-02', 247),
(1256, 1133, 'CEL SM A03 CORE', 1, 800000.00, '2023-02-02', 28),
(1257, 1134, 'X CEL IPHO XS DE 256GB 78%', 1, 2200000.00, '2023-02-02', 784),
(1258, 1135, 'VENTILADOR DE PIE USC 3 EN 1 ', 1, 170000.00, '2023-02-02', 546),
(1259, 1136, 'CEL XIA RETMI A1', 1, 700000.00, '2023-02-02', 36),
(1260, 1137, 'CEL NOKIA G10 3 DE RAM Y 64', 1, 650000.00, '2023-02-02', 319),
(1261, 1138, 'VENTILADOR DE PIE USC 3 EN 1 ', 1, 180000.00, '2023-02-02', 546),
(1262, 1139, 'MODEN RUTER TP-LINK COPACO', 1, 250000.00, '2023-02-02', 154),
(1263, 1140, 'X CEL XIA NOTE 9 128 GB', 1, 1100000.00, '2023-02-03', 173),
(1264, 1141, 'OLLA ELECTRICA MEGA STAR ', 1, 250000.00, '2023-02-03', 887),
(1265, 1142, 'CARGADOR PORTATIL LUO 22000MAH', 1, 150000.00, '2023-02-03', 550),
(1266, 1143, 'CARGADOR PARA AUTO CON CABLE  ECOPOWER ', 1, 35000.00, '2023-02-03', 269),
(1267, 1144, 'RELOJ HAYLOU  RT', 1, 350000.00, '2023-02-03', 649),
(1268, 1144, 'ASPIRADORA TOKIO 30 LITROS', 1, 850000.00, '2023-02-03', 855),
(1269, 1145, 'ASPIRADORA TOKIO 30 LITROS', 1, 850000.00, '2023-02-03', 855),
(1270, 1146, 'HELADERA JAM DE 300L 2 PUERTA', 1, 1900.00, '2023-02-03', 497),
(1271, 1147, 'HELADERA JAM DE 300L 2 PUERTA', 1, 1900.00, '2023-02-03', 497),
(1272, 1148, 'RELOJ HAYLOU  RT', 1, 350000.00, '2023-02-03', 649),
(1273, 1149, 'ASPIRADORA TOKIO 20 LITROS', 1, 700000.00, '2023-02-03', 852),
(1274, 1150, 'CARGADOR PORTATIL ECOPOWER 12.000', 1, 80000.00, '2023-02-03', 299),
(1275, 1151, 'CABLE ECOPOWER TIPO C A USB ', 1, 20000.00, '2023-02-03', 859),
(1276, 1152, 'ARLANTE MEGA STAR DE 8´ ', 1, 300000.00, '2023-02-04', 523),
(1277, 1153, 'VENTILADOR DE PIE USC 3 EN 1 ', 1, 170000.00, '2023-02-04', 546),
(1278, 1154, 'ahire split tokio 4500 frigoria de 18000btu', 1, 3800000.00, '2023-02-04', 611),
(1279, 1155, 'HIDROLAVADORA MEGA STAR LA118', 1, 530000.00, '2023-02-04', 878),
(1280, 1156, 'CARGADOR XIAOMI 3A', 1, 60000.00, '2023-02-04', 124),
(1281, 1157, 'REDMI NOTE 9 3RAM 64GB', 1, 1200000.00, '2023-02-04', 920),
(1282, 1158, 'PLACA INFLARROJA MAST', 1, 200000.00, '2023-02-04', 84),
(1283, 1159, 'TV DE 32 TOKIO', 1, 1350000.00, '2023-02-04', 48),
(1284, 1160, 'CARGADOR UNIVERSAL PARA COMPUTADORA ECOPOWER ', 1, 150000.00, '2023-02-04', 870),
(1285, 1161, 'CARGADOR SAMSUNG S10 CAJA NEGRA LACRADA TIPO C ', 1, 70000.00, '2023-02-04', 825),
(1286, 1162, 'CARGADOR SAMSUNG S10 CAJA NEGRA LACRADA TIPO C ', 1, 70000.00, '2023-02-04', 825),
(1287, 1163, 'CARGADOR SAMSUNG S10 CAJA NEGRA LACRADA TIPO C ', 1, 70000.00, '2023-02-04', 825),
(1288, 1164, 'CARGADOR PARA IPHONE DE 20W', 1, 100000.00, '2023-02-04', 955),
(1289, 1165, 'CARGADOR PORTATIL LUO 12000MAH', 1, 100000.00, '2023-02-04', 549),
(1290, 1165, 'CARGADOR PORTATIL ECOPOWER 10000MAH', 1, 80000.00, '2023-02-04', 551),
(1291, 1166, 'AURICULAR CAT EAR XY-205', 1, 150000.00, '2023-02-06', 752),
(1292, 1167, 'XXX CEL IPHONE 11 128 GB 100 BAT', 1, 3200000.00, '2023-02-06', 594),
(1293, 1168, 'TV JAM DE 32', 1, 1300000.00, '2023-02-06', 49),
(1294, 1169, 'TECLADO ECOPOWER', 1, 80000.00, '2023-02-06', 557),
(1295, 1170, 'TECLADO ECOPOWER', 1, 80000.00, '2023-02-06', 557),
(1296, 1171, 'AURICULAR CAT EAR XY-205', 1, 150000.00, '2023-02-06', 752),
(1297, 1172, 'CARGADOR UNIVERSAL PARA COMPUTADORA ECOPOWER ', 1, 150000.00, '2023-02-06', 870),
(1298, 1173, 'CONTROL PARA PLAY 4 SEMI ', 1, 200000.00, '2023-02-06', 808),
(1299, 1174, 'ANTENA DIGITAL DE TV ', 1, 70000.00, '2023-02-06', 147),
(1300, 1175, 'CEL SM A13', 1, 1200000.00, '2023-02-06', 27),
(1301, 1176, 'TERMO FRIO-CALIENTE GOLD AIR POT 2.5L', 1, 220000.00, '2023-02-06', 202),
(1302, 1176, 'AURICULAR IPHONE', 1, 70000.00, '2023-02-06', 148),
(1303, 1177, 'VENTILADOR DE PIE JAM PATA REDONDA', 3, 320000.00, '2023-02-06', 305),
(1304, 1178, 'CEL XIA 9A', 1, 800000.00, '2023-02-06', 33),
(1305, 1178, 'CEL XIA RETMI A1', 1, 650000.00, '2023-02-06', 36),
(1306, 1178, 'CEL SM A03 CORE', 1, 740000.00, '2023-02-06', 28),
(1307, 1179, 'BALANZA WEBSTAR', 1, 200000.00, '2023-02-07', 923),
(1308, 1180, 'CEL NOKIA G10 3 DE RAM Y 64', 2, 650000.00, '2023-02-07', 319),
(1309, 1181, 'FUENTE DE 15AMPER', 1, 160000.00, '2023-02-07', 630),
(1310, 1182, 'TAB A7 LITE T225 LTE SIL ', 1, 120000.00, '2023-02-07', 37),
(1311, 1183, 'ANTENA COMUN ', 1, 15000.00, '2023-02-07', 811),
(1312, 1184, 'PLACA INFLARROJA MAST', 1, 200000.00, '2023-02-07', 84),
(1313, 1185, 'PLANCHA JAM A VAPOR', 1, 150000.00, '2023-02-07', 103),
(1314, 1186, 'CARGADOR PARA IPHONE ORIGINAL DE 50W', 1, 120000.00, '2023-02-07', 953),
(1315, 1187, 'CARGADOR ECOPOWER CON DOS SALIDA', 1, 30000.00, '2023-02-08', 618),
(1316, 1188, 'CARGADOR ECOPOWER CON DOS SALIDA', 1, 30000.00, '2023-02-08', 618),
(1317, 1189, 'CEL NOKIA G20 DE 128GB ', 1, 850000.00, '2023-02-08', 944),
(1318, 1190, 'JBL FLIP 6 ', 1, 750000.00, '2023-02-08', 934),
(1319, 1191, 'CONTROL PARA PLAY 3 CON Y SIN DISEÑO', 1, 130000.00, '2023-02-08', 208),
(1320, 1192, 'CARGADOR PARA IPHONE DE 20W', 2, 100000.00, '2023-02-08', 955),
(1321, 1193, 'AHIRE SPLIT TOKIO DE 18.000 BTU 4.500 FRIGORIA   ', 1, 3700000.00, '2023-02-08', 964),
(1322, 1194, 'CARGADOR PARA IPHONE DE 20W', 1, 100000.00, '2023-02-08', 955),
(1323, 1195, 'CARGADOR ORIGINAL TIPO C INOVA', 1, 35000.00, '2023-02-08', 922),
(1324, 1196, ' PARLANTE MEGA STAR HYJ1406BTA', 1, 150000.00, '2023-02-08', 57),
(1325, 1197, 'CEL XIA RETMI A1', 1, 700000.00, '2023-02-08', 36),
(1326, 1198, 'CEL XIA RETMI A1', 2, 600000.00, '2023-02-08', 36),
(1327, 1198, 'CEL SM A04 4 RAM Y 32 GB', 1, 850000.00, '2023-02-08', 323),
(1328, 1198, 'CEL SM A03 CORE', 1, 700000.00, '2023-02-08', 28),
(1329, 1198, 'CEL SM A13', 2, 1150000.00, '2023-02-08', 27),
(1330, 1199, 'CEL XIA 9C 4RAM 128 GB', 1, 1150000.00, '2023-02-08', 34),
(1331, 1200, 'CEL IPHONE 12 PRO MAX DE 256GB', 1, 5500000.00, '2023-02-09', 732),
(1332, 1201, 'CARGADOR XS MAX ORIGINAL', 1, 80000.00, '2023-02-09', 509),
(1333, 1202, 'XXX CEL IPHONE XR 128 GB', 1, 2500000.00, '2023-02-09', 534),
(1334, 1202, 'CARGADOR DE IPH X ', 1, 0.00, '2023-02-09', 194),
(1335, 1203, 'CARGADOR PARA IPHONE ORIGINAL DE 50W', 1, 150000.00, '2023-02-09', 953),
(1336, 1204, 'AURICULAR MEGA STAR INALAMBRICO', 1, 150000.00, '2023-02-09', 891),
(1337, 1205, 'CARGADOR ORIGINAL TIPO C INOVA', 1, 30000.00, '2023-02-09', 922),
(1338, 1206, 'CEL POCO C31 4RAM 64GB', 1, 950000.00, '2023-02-09', 727),
(1339, 1207, 'CARGADOR SAMSUNG S10 CAJA NEGRA LACRADA TIPO C ', 1, 70000.00, '2023-02-09', 825),
(1340, 1208, ' X CEL IPHONE 12 DE 128GB ', 1, 4000000.00, '2023-02-09', 735),
(1341, 1209, 'CEL SM S4', 1, 550000.00, '2023-02-09', 45),
(1342, 1210, 'S 22 ULTA DE 256GB ', 1, 0.00, '2023-02-10', 948),
(1343, 1211, 'CEL SM A53 5G', 1, 2700000.00, '2023-02-10', 146),
(1344, 1212, 'CEL A33 DE 128gb 5G', 1, 2100000.00, '2023-02-10', 502),
(1345, 1213, 'CEL XIA RETMI A1', 1, 700000.00, '2023-02-10', 36),
(1346, 1214, 'AUTO RADIO ECOPOWER EP-602', 1, 150000.00, '2023-02-10', 308),
(1347, 1215, 'LUCES LED DE 5METROS', 1, 100000.00, '2023-02-10', 492),
(1348, 1216, 'CEL SM A23', 1, 1600000.00, '2023-02-10', 61),
(1349, 1217, 'BALANZA WEBSTAR', 1, 200000.00, '2023-02-11', 923),
(1350, 1218, 'XXX CEL IPHONE 8 PLUS 64 GB', 1, 2000000.00, '2023-02-11', 533),
(1351, 1219, 'LICUADORA TOKYO', 1, 300000.00, '2023-02-11', 108),
(1352, 1220, ' PARLANTE MEGA STAR HYJ65BT', 1, 200000.00, '2023-02-11', 58),
(1353, 1221, 'PURIFICADOR TOKIO', 1, 800000.00, '2023-02-11', 908),
(1354, 1222, 'MICROFONO SHURE  MULTI-PURPOSE  ', 2, 350000.00, '2023-02-11', 960),
(1355, 1223, 'SECADOR NEGRO MEGA STAR SC226', 1, 150000.00, '2023-02-11', 873),
(1356, 1224, 'TABLET KEEN 128 GB', 1, 600000.00, '2023-02-11', 723),
(1357, 1225, 'CARGADOR ORIGINAL TIPO C INOVA', 1, 35000.00, '2023-02-11', 922),
(1358, 1226, 'AURICULAR IPHONE', 1, 70000.00, '2023-02-11', 148),
(1359, 1227, 'MEMORIA DE 32 ULTRA ', 1, 50000.00, '2023-02-11', 506),
(1360, 1228, 'CEL A04 E 32 GB', 1, 700000.00, '2023-02-11', 536),
(1361, 1229, 'VENTILADOR DE PISO MEGA STAR DE 3 VELOCIDADES ', 1, 180000.00, '2023-02-11', 883),
(1362, 1230, 'RELOJ SMART BIP 3', 1, 300000.00, '2023-02-11', 268),
(1363, 1231, 'TV DE 32 TOKIO', 1, 1300000.00, '2023-02-11', 48),
(1364, 1232, 'CARGADOR PORTATIL ECOPOWER 10000MAH', 1, 80000.00, '2023-02-11', 551),
(1365, 1232, 'CABLE ECOPOWER TIPO C A USB ', 1, 20000.00, '2023-02-11', 859),
(1366, 1233, 'LAVARROPAS MULLER 4KG', 1, 550000.00, '2023-02-11', 541),
(1367, 1234, 'XXX CEL IPHONE XR 128 GB', 1, 2500000.00, '2023-02-11', 534),
(1368, 1235, 'CEL XIA RETMI A1', 1, 700000.00, '2023-02-13', 36),
(1369, 1236, 'AHIRE SPLIT  TOKIO 3000 FRIGORIA', 1, 2500000.00, '2023-02-13', 134),
(1370, 1237, 'REPETIDOR DE SINAL WI-FI 300 MBPS TP-LINK ', 1, 180000.00, '2023-02-13', 868),
(1371, 1238, 'HELADERA MIDEA MODELO 294FGG01 300 LITROS', 1, 1900000.00, '2023-02-13', 493),
(1372, 1239, 'CARGADOR PARA IPHONE ORIGINAL DE 50W', 1, 130000.00, '2023-02-13', 953),
(1373, 1240, 'CEL NOKIA G20 DE 128GB ', 1, 950000.00, '2023-02-13', 944),
(1374, 1241, 'CARGADOR ORIGINAL TIPO C INOVA', 1, 35000.00, '2023-02-13', 922),
(1375, 1242, 'TV TOKIO 50 PULGADAS 4K WEBOS ', 1, 2500000.00, '2023-02-13', 916),
(1376, 1243, 'JARRA ELECTRICA GT ', 1, 70000.00, '2023-02-13', 832),
(1377, 1244, 'PLANCHITA BABYLISS PRO', 1, 420000.00, '2023-02-13', 973),
(1378, 1244, 'SECA PELO HAIRLISS PRO', 1, 500000.00, '2023-02-13', 972),
(1379, 1245, ' X CEL IPHONE 12 DE 128GB ', 1, 4500000.00, '2023-02-13', 735),
(1380, 1246, 'AUTORRADIO PIONEER CON BLUETOOTH MVH-S215BT', 1, 565000.00, '2023-02-13', 206),
(1381, 1247, 'X CEL IPHONE 11 PRO 256gb 100%', 1, 3500000.00, '2023-02-13', 386),
(1382, 1248, 'CEL SM A23', 1, 1700000.00, '2023-02-13', 61),
(1383, 1249, 'AURICULAR XIAOMI BUDS 3 LITE ', 1, 200000.00, '2023-02-14', 596),
(1384, 1250, 'CEL NOKIA 106', 1, 150000.00, '2023-02-14', 307),
(1385, 1251, 'VENTILADOR DE PISO MEGA STAR DE 3 VELOCIDADES ', 1, 180000.00, '2023-02-14', 883),
(1386, 1252, 'XXX CEL IPHONE 8 PLUS 256 GB', 1, 1900000.00, '2023-02-14', 532),
(1387, 1253, 'RELOJ SMART XIAOMI MI WATCH LITE BLUE', 1, 320000.00, '2023-02-14', 600),
(1388, 1254, 'XXCEL SAM A32 DE 128GB ', 1, 1150000.00, '2023-02-14', 88),
(1389, 1255, 'AHIRE SPLIT JAM DE 3000 FRIGORIA', 1, 2250.00, '2023-02-14', 501),
(1390, 1256, 'SECA PELO REMIGTON ', 1, 280000.00, '2023-02-14', 674),
(1391, 1257, 'PENDRIVE SANDISK DE 16gb', 1, 35000.00, '2023-02-14', 73),
(1392, 1258, 'LICUADORA ARNO DE 5 VELOCIDADES ', 1, 270000.00, '2023-02-14', 570),
(1393, 1259, 'RELOJ AMAZFIT BAND 7 ', 1, 450000.00, '2023-02-14', 559),
(1394, 1260, 'RELOJ SMART BIP 3', 1, 330000.00, '2023-02-14', 268),
(1395, 1261, 'CEL SM A23', 1, 1700000.00, '2023-02-14', 61),
(1396, 1262, 'CEL XIA 9A', 1, 750000.00, '2023-02-14', 33),
(1397, 1263, 'JBL CHARGE ESSENTIAL2', 1, 900000.00, '2023-02-14', 966),
(1398, 1264, 'MOUSE  SATELLITE ', 1, 30000.00, '2023-02-14', 820),
(1399, 1265, 'CEL SM A13', 1, 1150000.00, '2023-02-14', 27),
(1400, 1266, 'X CEL XIA NOTE 11 DE 128GB', 1, 1000000.00, '2023-02-14', 389),
(1401, 1267, 'CEL XIA RETMI A1', 1, 700000.00, '2023-02-14', 36),
(1402, 1268, 'X CEL SM S22', 1, 3200000.00, '2023-02-14', 216),
(1403, 1269, 'CEL XIA NOTE 11 4 Y 128GB', 1, 1700000.00, '2023-02-14', 64),
(1404, 1270, 'JBL CHARGE ESSENTIAL2', 1, 900000.00, '2023-02-14', 966),
(1405, 1271, 'CARGADOR XIAOMI 3A', 1, 45000.00, '2023-02-15', 124),
(1406, 1272, 'MODEN RUTER TP-LINK COPACO', 1, 250000.00, '2023-02-15', 154),
(1407, 1273, 'AIRE HISENSE DE 12000BTU', 1, 0.00, '2023-02-15', 930),
(1408, 1274, 'CEL SAM S21 FE 5G DE 128GB ', 1, 0.00, '2023-02-15', 800),
(1409, 1275, 'CABLE ECOPOWER TIPO C A USB ', 1, 15000.00, '2023-02-15', 859),
(1410, 1276, 'FREIDORA TOKIO 3.5 LITROS 1400 WHAT', 1, 600000.00, '2023-02-15', 851),
(1411, 1277, 'TV DE 32 TOKIO', 1, 0.00, '2023-02-15', 48),
(1412, 1278, 'TETRI SUP', 1, 130000.00, '2023-02-15', 726),
(1413, 1279, 'Split Electrolux  de 6000frigoria 24000 btu', 1, 4600000.00, '2023-02-15', 1000),
(1414, 1280, 'CONTROL PARA PLAY 3 CON Y SIN DISEÑO', 1, 120000.00, '2023-02-15', 208),
(1415, 1281, 'XXX CEL IPHONE 11 128 GB 100 BAT', 1, 0.00, '2023-02-15', 594),
(1416, 1282, 'CEL SM A13', 2, 1150000.00, '2023-02-15', 27),
(1417, 1283, 'CEL SM A13', 1, 1150000.00, '2023-02-15', 27),
(1418, 1284, 'XXX CEL IPHONE 11 128 GB 100 BAT', 1, 0.00, '2023-02-15', 594),
(1419, 1285, 'LICUADORA TOKYO', 1, 0.00, '2023-02-15', 108),
(1420, 1285, 'VENTILADOR RECARGABLE MEGA STAR DE MESA', 1, 0.00, '2023-02-15', 526),
(1421, 1285, 'ARLANTE MEGA STAR DE 8´ ', 2, 0.00, '2023-02-15', 523),
(1422, 1285, 'LICUADORA PHILIPS', 1, 0.00, '2023-02-15', 109),
(1423, 1286, 'X CEL A51 128GB', 1, 800000.00, '2023-02-15', 169),
(1424, 1287, 'LICUADORA ARNO', 1, 0.00, '2023-02-15', 110),
(1425, 1287, 'DISPENCER JAM CON MOTOR ', 1, 0.00, '2023-02-15', 975),
(1426, 1287, 'TERMO FRIO-CALIENTE GOLD AIR POT 2.5L', 1, 0.00, '2023-02-15', 202),
(1427, 1287, ' TERMO PARA TERERE Y MATE VESTAX 2.5', 1, 0.00, '2023-02-15', 199),
(1428, 1287, 'TV DE 43 TOKIO  ', 1, 0.00, '2023-02-15', 46),
(1429, 1288, 'RELOJ XIAOMI REDMI 2 LITE ', 1, 340000.00, '2023-02-15', 599),
(1430, 1289, 'MICROONDAS TOKIO 20 LITROS', 1, 650000.00, '2023-02-15', 857),
(1431, 1290, 'CORTA PELO GAMA  GC544', 1, 250000.00, '2023-02-15', 653),
(1432, 1291, 'CABLE RED 10MTRS', 1, 40000.00, '2023-02-15', 311);
INSERT INTO `detalleventa` (`idDetalleVenta`, `idV`, `nombreProducto`, `cantidadV`, `precio`, `fecha`, `idArticulo`) VALUES
(1433, 1292, 'CARGADOR PARA AUTO CON CABLE  ECOPOWER ', 1, 25000.00, '2023-02-16', 269),
(1434, 1293, 'SOPORTE DE TV FIJO ', 1, 100000.00, '2023-02-16', 158),
(1435, 1293, 'TV TOKIO 50 PULGADAS 4K WEBOS ', 1, 2800000.00, '2023-02-16', 916),
(1436, 1294, 'JARRA ELECTRICA GT ', 1, 70000.00, '2023-02-16', 832),
(1437, 1295, 'CARGADOR ORIGINAL TIPO C INOVA', 1, 30000.00, '2023-02-16', 922),
(1438, 1296, 'CEL A04 E 32 GB', 1, 800000.00, '2023-02-16', 536),
(1439, 1297, 'CEL SM A03 CORE', 3, 700.00, '2023-02-16', 28),
(1440, 1298, 'CARGADOR ORIGINAL TIPO C INOVA', 1, 30000.00, '2023-02-16', 922),
(1441, 1299, 'CEL SM A53 5G', 1, 0.00, '2023-02-16', 146),
(1442, 1300, 'X CEL IPH 7 DE 128 GB', 1, 1200000.00, '2023-02-16', 229),
(1443, 1300, 'XXX CEL IPHONE 8 PLUS 64 GB', 1, 1200000.00, '2023-02-16', 533),
(1444, 1301, 'X SAM A13 64GB', 1, 850000.00, '2023-02-16', 212),
(1445, 1302, 'X CEL XIA NOTE 10 PRO DE 128gb ', 1, 1600000.00, '2023-02-16', 388),
(1446, 1302, 'CEL SM A03 CORE', 1, 730.00, '2023-02-16', 28),
(1447, 1303, 'CARGADOR PARA IPHONE DE 20W', 1, 100000.00, '2023-02-17', 955),
(1448, 1304, 'JBL FLIP 6 ', 1, 800000.00, '2023-02-17', 934),
(1449, 1305, 'XXX IPHONE XS DE 64GB 98%', 1, 1600000.00, '2023-02-17', 1004),
(1450, 1306, 'X CEL A20S DE DE 32GB ', 1, 650000.00, '2023-02-17', 998),
(1451, 1307, 'CABLE ECOPOWER TIPO C A TIPO C', 1, 20000.00, '2023-02-17', 562),
(1452, 1308, 'AURICULAR CAT EAR XY-205', 1, 0.00, '2023-02-17', 752),
(1453, 1309, 'CEL SM A13', 1, 1250000.00, '2023-02-17', 27),
(1454, 1310, 'CARGADOR PARA AUTO CON CABLE  ECOPOWER ', 1, 30000.00, '2023-02-17', 269),
(1455, 1311, 'MICROONDAS ELECTROLUX DE 20 LITROS ', 1, 700000.00, '2023-02-18', 951),
(1456, 1312, 'CABLE AUXILIAR 2X1 AV ', 1, 25000.00, '2023-02-18', 560),
(1457, 1313, 'RADIO PORTATIL VESTAX VT D1', 1, 280000.00, '2023-02-18', 925),
(1458, 1314, 'CEL XIAOMI POCO X4 PRO 5G8 Y 256GB', 1, 0.00, '2023-02-20', 597),
(1459, 1315, 'ARLANTE MEGA STAR DE 8´ ', 1, 400000.00, '2023-02-20', 523),
(1460, 1316, 'CEL SM A13', 1, 1200000.00, '2023-02-20', 27),
(1461, 1317, 'PARLANTE ECOPOWER EP-S110', 1, 850000.00, '2023-02-20', 1013),
(1462, 1317, 'VENTILADOR DE TECHO MEGA STAR 5 VELOCIDADES MOTOR PESADO ', 2, 475000.00, '2023-02-20', 880),
(1463, 1318, 'CEL SM A03 CORE', 1, 7100.00, '2023-02-20', 28),
(1464, 1319, 'JBL PARTY BOX 110 ', 1, 0.00, '2023-02-20', 518),
(1465, 1320, 'CEL A04 E 32 GB', 1, 800000.00, '2023-02-20', 536),
(1466, 1321, 'CEL A04 E 32 GB', 1, 850000.00, '2023-02-20', 536),
(1467, 1322, 'CARGADOR PORTATIL ECOPOWER 12.000', 1, 80000.00, '2023-02-20', 299),
(1468, 1323, 'CEL XIA NOTE 11 4 Y 128GB', 1, 1350000.00, '2023-02-20', 64),
(1469, 1324, 'HELADERA JAM DE 300L 2 PUERTA', 1, 1900.00, '2023-02-21', 497),
(1470, 1325, 'CARGADOR PARA IPHONE ORIGINAL DE 50W', 1, 130000.00, '2023-02-21', 953),
(1471, 1326, 'AURICULAR XIAOMI BUDS 3 LITE ', 1, 180000.00, '2023-02-21', 596),
(1472, 1327, 'AHIRE SPLIT JAM 4500 FRIGORIA 18000BTU', 1, 3600000.00, '2023-02-21', 390),
(1473, 1328, 'X A32 DE 64GB ', 1, 500000.00, '2023-02-21', 1028),
(1474, 1329, 'X A32 DE 64GB ', 1, 500000.00, '2023-02-21', 1028),
(1475, 1330, 'USB WIFI TP LINK TL-WN725', 1, 80000.00, '2023-02-21', 315),
(1476, 1331, 'TOMA PRECION MANUAL ASPEN ', 1, 400000.00, '2023-02-21', 241),
(1477, 1332, 'X CEL A03 CORE 32GB', 1, 650.00, '2023-02-21', 168),
(1478, 1333, 'CONTROL UNIVERSAL PARA TV ECOPOWER EP-8615', 1, 50000.00, '2023-02-21', 864),
(1479, 1334, 'BALANZA WEBSTAR', 1, 230000.00, '2023-02-21', 923),
(1480, 1335, 'CAMARA HIKVISION DE 1080P CON AUDIO', 1, 300000.00, '2023-02-21', 619),
(1481, 1335, 'CAMARA HIKVISION DE 1080P', 2, 180000.00, '2023-02-21', 382),
(1482, 1335, 'FUENTE DE 10AMPER ', 1, 180000.00, '2023-02-21', 262),
(1483, 1336, 'CARGADOR PARA IPHONE ORIGINAL DE 50W', 1, 150000.00, '2023-02-21', 953),
(1484, 1337, 'CEL SM A13', 1, 1250000.00, '2023-02-21', 27),
(1485, 1338, 'AURICULAR ECOPOWER', 1, 25000.00, '2023-02-21', 237),
(1486, 1338, 'CABLE ECOPOWER TIPO C A USB ', 1, 20000.00, '2023-02-21', 859),
(1487, 1339, 'CEL SM A04 S 64 GB', 1, 400000.00, '2023-02-21', 537),
(1488, 1340, 'AURICULAR ECOPOWER', 1, 20000.00, '2023-02-21', 237),
(1489, 1341, 'CEL A33 DE 128gb 5G', 1, 2200000.00, '2023-02-22', 502),
(1490, 1342, 'FUENTE DE 10AMPER ', 1, 120000.00, '2023-02-22', 262),
(1491, 1343, 'X CEL A03 CORE 32GB', 1, 31000.00, '2023-02-22', 168),
(1492, 1344, 'CEL XIA RETMI A1', 1, 750000.00, '2023-02-22', 36),
(1493, 1345, 'JARRA ELECTRICA GT ', 1, 80000.00, '2023-02-23', 832),
(1494, 1346, 'CABLE ECOPOWER TIPO C A USB ', 1, 20000.00, '2023-02-23', 859),
(1495, 1347, 'XX CEL SM A12 DE 64GB', 1, 400.00, '2023-02-23', 78),
(1496, 1347, 'XXX IPHONE 12 PRO DE 128GB 86%', 1, 3300.00, '2023-02-23', 931),
(1497, 1348, 'CABLE ECOPOWER TIPO C A USB ', 1, 20000.00, '2023-02-23', 859),
(1498, 1349, 'RADIO ECOPOWER EP-F10BT', 1, 100000.00, '2023-02-23', 1017),
(1499, 1350, 'CEL SM A53 5G', 1, 2750000.00, '2023-02-23', 146),
(1500, 1351, 'PLANCHA SECA SOLIDA TOKYO', 1, 150000.00, '2023-02-23', 1016),
(1501, 1352, 'X CEL SM A21S DE 128GB', 1, 750000.00, '2023-02-23', 171),
(1502, 1353, 'CARGADOR ORIGINAL TIPO C INOVA', 1, 30000.00, '2023-02-23', 922),
(1503, 1354, 'CEL IPHONE 14 PRO MAX  128gb', 1, 9300000.00, '2023-02-24', 545),
(1504, 1355, 'CARGADOR UNIVERSAL PARA COMPUTADORA ECOPOWER ', 1, 140000.00, '2023-02-24', 870),
(1505, 1356, 'X SAM A13 64GB', 1, 300000.00, '2023-02-24', 212),
(1506, 1357, 'CEL SM A03 CORE', 2, 700.00, '2023-02-24', 28),
(1507, 1358, 'X CEL XIA NOTE 10 PRO DE 128gb ', 1, 2100000.00, '2023-02-24', 388),
(1508, 1359, 'CONTROL UNIVERSAL PARA TV ECOPOWER EP-8615', 1, 50000.00, '2023-02-24', 864),
(1509, 1360, 'CABLE RED 10MTRS', 1, 80000.00, '2023-02-24', 311),
(1510, 1361, 'BALANZA WEBSTAR', 1, 220000.00, '2023-02-24', 923),
(1511, 1362, 'X CEL SM A21S DE 128GB', 1, 760000.00, '2023-02-24', 171),
(1512, 1363, 'NB HP 8 RAM 128GB SSD', 1, 2200000.00, '2023-02-24', 695),
(1513, 1363, 'PENDRIVE SANDISK DE 32', 1, 50000.00, '2023-02-24', 79),
(1514, 1364, 'PLANCHA JAM ', 1, 150000.00, '2023-02-24', 102),
(1515, 1365, 'PLANCHA JAM A VAPOR', 1, 150000.00, '2023-02-24', 103),
(1516, 1366, 'CEL IPHONE 14 PRO DE 256GB', 1, 9200000.00, '2023-02-24', 968),
(1517, 1367, 'AHIRE SPLIT  TOKIO 3000 FRIGORIA', 1, 2300000.00, '2023-02-24', 134),
(1518, 1368, 'XX CEL SM A12 DE 64GB', 1, 900000.00, '2023-02-25', 78),
(1519, 1369, 'CARGADOR DE IPH X ', 1, 70000.00, '2023-02-25', 194),
(1520, 1370, 'PLACA INFRA ROJO  BIG STAR ', 1, 250000.00, '2023-02-25', 889),
(1521, 1371, 'CABLE ECOPOWER TIPO C A USB ', 1, 20000.00, '2023-02-25', 859),
(1522, 1372, 'XXX CEL IPHONE 11 128 GB 100 BAT', 1, 3500000.00, '2023-02-25', 594),
(1523, 1373, 'AHIRE SPLIT  TOKIO 3000 FRIGORIA', 1, 2400000.00, '2023-02-25', 134),
(1524, 1374, 'CEL SM A04 4 RAM Y 32 GB', 1, 1100000.00, '2023-02-25', 323),
(1525, 1375, 'CEL SAMSUNG M13 DE 128GB ', 1, 44000.00, '2023-02-25', 1061),
(1526, 1376, 'PARLANTE PIONEER 6/12 DE 280W', 1, 280000.00, '2023-02-25', 1021),
(1527, 1377, 'CARGADOR PORTATIL ECOPOWER 10000MAH', 1, 85000.00, '2023-02-25', 551),
(1528, 1378, 'AUTORRADIO PIONEER CON BLUETOOTH MVH-S215BT', 1, 650000.00, '2023-02-25', 206),
(1529, 1379, 'XX CEL SM S21 DE 256GB 5G', 1, 2100000.00, '2023-02-25', 215),
(1530, 1380, 'ADAPTADOR USB A BLUETOOTH ', 1, 70000.00, '2023-02-25', 815),
(1531, 1381, 'CEL XIA RETMI A1', 1, 700000.00, '2023-02-25', 36),
(1532, 1381, 'CEL SM A04 4 RAM Y 32 GB', 1, 900000.00, '2023-02-25', 323),
(1533, 1381, 'RELOJ XIAOMI REDMI 2 LITE ', 1, 370000.00, '2023-02-25', 599),
(1534, 1382, 'CAMARA ROBOTICA ', 1, 350000.00, '2023-02-25', 100),
(1535, 1383, 'XXX CEL IPHONE 13 NORMAL DE 256GB 100%', 1, 4300000.00, '2023-02-25', 1035),
(1536, 1384, 'CAMARA HIKVISION DE 720P ', 2, 100000.00, '2023-02-25', 621),
(1537, 1385, 'CEL SM A53 5G', 1, 2700000.00, '2023-02-25', 146),
(1538, 1386, 'SECADOR NEGRO MEGA STAR SC226', 1, 130000.00, '2023-02-25', 873),
(1539, 1387, 'PLANCHITA GAMA PROFESSIONAL ', 1, 350000.00, '2023-02-25', 892),
(1540, 1388, 'VENTILADOR DE TECHO WATSON ', 1, 480000.00, '2023-02-25', 190),
(1541, 1389, 'CENTRIFUGADORA TOKIO DE 15 KG', 1, 750000.00, '2023-02-25', 1040),
(1542, 1390, ' CEL A03S 32GB ', 1, 750000.00, '2023-02-27', 770),
(1543, 1391, 'X CEL SAM  A53 DE 12GB ', 1, 0.00, '2023-02-27', 793),
(1544, 1391, 'CEL NOKIA 106', 1, 0.00, '2023-02-27', 307),
(1545, 1392, 'MAUS INALAMBRICO HAVIT', 1, 60000.00, '2023-02-27', 324),
(1546, 1393, 'IMPRESORA EPSON L3210', 1, 1550000.00, '2023-02-27', 874),
(1547, 1394, 'CEL A04 E 32 GB', 2, 750000.00, '2023-02-27', 536),
(1548, 1395, 'CEL SM A04 4 RAM Y 32 GB', 1, 950000.00, '2023-02-27', 323),
(1549, 1396, 'CARGADOR PARA IPHONE DE 20W', 1, 100000.00, '2023-02-27', 955),
(1550, 1397, 'CARGADOR ORIGINAL TIPO C INOVA', 1, 30000.00, '2023-02-27', 922),
(1551, 1398, 'XX CEL SAM A33 5G DE 128GB ', 1, 1600000.00, '2023-02-27', 720),
(1552, 1399, 'AUTO RADIO ECOPOWER EP-602', 1, 150000.00, '2023-02-27', 308),
(1553, 1400, 'MOUSE  SATELLITE ', 1, 50000.00, '2023-02-27', 820),
(1554, 1401, 'AURICULAR XIAOMI BUDS 3 LITE ', 1, 200000.00, '2023-02-27', 596),
(1555, 1402, 'ANTENA DIGITAL DE TV ', 1, 70000.00, '2023-02-27', 147),
(1556, 1402, 'SOPORTE PARA TELE MEGASONIC DE 32\'\'  75\'\'', 1, 320000.00, '2023-02-27', 1062),
(1557, 1403, 'CEL NOKIA 106', 1, 150000.00, '2023-02-27', 307),
(1558, 1404, 'JBL FLIP 6 ', 1, 700000.00, '2023-02-27', 934),
(1559, 1405, 'X CEL A22 128GB. ', 1, 900000.00, '2023-02-27', 211),
(1560, 1406, 'XXX CEL IPHONE 11 128 GB 100 BAT', 1, 3200000.00, '2023-02-27', 594),
(1561, 1407, 'AURICULAR XIAOMI BUDS 3 LITE ', 1, 200000.00, '2023-02-28', 596),
(1562, 1408, 'TELEFONO MEGA STAR FT308', 1, 80000.00, '2023-02-28', 552),
(1563, 1409, 'CARGADOR UNIVERSAL PARA COMPUTADORA ECOPOWER ', 1, 120000.00, '2023-02-28', 870),
(1564, 1410, 'XX CEL A51 128GB 4RAM', 1, 1100000.00, '2023-02-28', 169),
(1565, 1411, 'CARGADOR ORIGINAL TIPO C INOVA', 1, 30000.00, '2023-02-28', 922),
(1566, 1412, 'TELEFONO MEGA STAR FT308', 1, 80000.00, '2023-02-28', 552),
(1567, 1413, 'CONTROL ECOPOWER.TV-LCD-SMART EP-8610 ', 1, 50000.00, '2023-02-28', 861),
(1568, 1414, 'CARGADOR ORIGINAL TIPO C INOVA', 1, 30000.00, '2023-02-28', 922),
(1569, 1415, 'LAVARROPA JAM A PALETA', 1, 700000.00, '2023-02-28', 576),
(1570, 1416, 'CEL SM A03 CORE', 2, 750000.00, '2023-03-01', 28),
(1571, 1417, 'MODEN RUTER TP-LINK COPACO', 1, 250000.00, '2023-03-01', 154),
(1572, 1418, 'MOUSE  SATELLITE ', 1, 50000.00, '2023-03-01', 820),
(1573, 1419, 'ANTENA DIGITAL DE TV ', 1, 50000.00, '2023-03-01', 147),
(1574, 1420, 'CARGADOR PORTATIL ECOPOWER 12.000', 1, 80000.00, '2023-03-01', 299),
(1575, 1421, 'CALCULADORA CINTIFICA 82PLUS', 1, 150000.00, '2023-03-01', 1014),
(1576, 1422, 'ADAPTADOR USB A BLUETOOTH ', 1, 70000.00, '2023-03-01', 815),
(1577, 1423, 'SINTONISADOR FM', 1, 90000.00, '2023-03-01', 850),
(1578, 1424, 'AURICULAR XIAOMI', 2, 40000.00, '2023-03-01', 127),
(1579, 1425, 'TABLET KEEN 128 GB', 1, 620000.00, '2023-03-01', 723),
(1580, 1426, 'CONTROL PARA PLAY 3 CON Y SIN DISEÑO', 1, 80000.00, '2023-03-01', 208),
(1581, 1427, 'CEL A33 DE 128gb 5G', 1, 0.00, '2023-03-02', 502),
(1582, 1428, 'X CEL SM A21S DE 128GB', 1, 0.00, '2023-03-02', 171),
(1583, 1429, 'X CEL XIA NOTE 10 PRO DE 128gb ', 1, 1700000.00, '2023-03-02', 388),
(1584, 1430, 'CEL SM A04 4 RAM Y 32 GB', 1, 0.00, '2023-03-02', 323),
(1585, 1430, 'CEL A13 DE 128GB ', 2, 0.00, '2023-03-02', 1067),
(1586, 1430, 'CEL SM A03 CORE', 1, 0.00, '2023-03-02', 28),
(1587, 1431, 'CEL SM A03 CORE', 1, 0.00, '2023-03-02', 28),
(1588, 1432, 'XX CEL A21S DE 64GB ', 1, 750000.00, '2023-03-02', 1048),
(1589, 1433, 'XX CEL SM S21 DE 256GB 5G', 1, 0.00, '2023-03-02', 215),
(1590, 1434, 'PARLANTE ECOPOWER EP-1912', 1, 1200000.00, '2023-03-02', 1012),
(1591, 1435, 'XX CEL SAM S21 FE 5G DE 256GB 8RAM ', 1, 0.00, '2023-03-02', 800),
(1592, 1436, 'CEL NOKIA 106', 1, 150000.00, '2023-03-03', 307),
(1593, 1437, ' PARLANTE MEGA STAR HYJ1406BTA', 1, 150000.00, '2023-03-03', 57),
(1594, 1438, 'PENDRIVE DE 64GB SANDISK CHICO', 1, 0.00, '2023-03-03', 1053),
(1595, 1438, 'CEL SM A53 5G', 1, 0.00, '2023-03-03', 146),
(1596, 1439, 'CARGADOR SAMSUNG S10 CAJA NEGRA LACRADA TIPO C ', 1, 70000.00, '2023-03-03', 825),
(1597, 1440, 'AURICULAR XIAOMI BUDS 3 LITE ', 1, 200000.00, '2023-03-03', 596),
(1598, 1440, 'AURICULAR JBL TUNE 510 BT', 1, 240000.00, '2023-03-03', 849),
(1599, 1441, 'PILETA BESTWAY  4.678L ', 1, 950000.00, '2023-03-03', 712),
(1600, 1442, 'CEL IPHONE 14 PRO MAX  128gb', 1, 9500000.00, '2023-03-03', 545),
(1601, 1443, 'CEL NOKIA 106', 2, 150000.00, '2023-03-03', 307),
(1602, 1443, 'X CEL J6 DE 32GB ', 1, 500000.00, '2023-03-03', 1045),
(1603, 1444, 'CEL XIA 9A', 1, 900000.00, '2023-03-03', 33),
(1604, 1445, 'CALCULADORA CINTIFICA 82PLUS', 1, 150000.00, '2023-03-03', 1014),
(1605, 1446, 'MOUSE INHALAMBRICO SATELLITE ', 1, 0.00, '2023-03-03', 829),
(1606, 1447, 'XXX CEL IPHONE XR 128 GB', 1, 0.00, '2023-03-03', 534),
(1607, 1448, 'SOPORTE PARA TELE MEGASONIC DE 32\'\'  75\'\'', 1, 350000.00, '2023-03-03', 1062),
(1608, 1449, 'NB WIN 8 RAM Y 256GB I7 ', 1, 3000000.00, '2023-03-04', 585),
(1609, 1450, 'TECLADO MINI SATE ', 1, 120000.00, '2023-03-04', 558),
(1610, 1451, 'PLACA INFRA ROJO  BIG STAR ', 1, 180000.00, '2023-03-04', 889),
(1611, 1452, 'FREIDORA TOKYO SIN CAJA', 1, 350000.00, '2023-03-04', 1023),
(1612, 1453, 'CARGADOR PORTATIL ECOPOWER 5200MAH', 1, 40000.00, '2023-03-04', 548),
(1613, 1454, 'CAMARA ROBOTICA ', 1, 300000.00, '2023-03-04', 100),
(1614, 1455, 'CAMARA A COLOR HIK VISION', 5, 300000.00, '2023-03-04', 1069),
(1615, 1455, 'DVR HIKVISION 8 DE 7100 SERIES', 1, 450000.00, '2023-03-04', 623),
(1616, 1456, 'CEL A04 E 32 GB', 1, 800000.00, '2023-03-04', 536),
(1617, 1456, 'CEL REDMI 10A', 1, 850000.00, '2023-03-04', 709),
(1618, 1456, 'FOCO CAMARA ROBOTICA ', 1, 230000.00, '2023-03-04', 1015),
(1619, 1456, 'CEL SM A03 CORE', 1, 750000.00, '2023-03-04', 28),
(1620, 1456, 'CEL XIA RETMI A1', 1, 650000.00, '2023-03-04', 36),
(1621, 1456, 'XXX CEL IPHONE 8 PLUS 64 GB', 1, 1735000.00, '2023-03-04', 533),
(1622, 1457, 'CAMARA ROBOTICA ', 1, 300000.00, '2023-03-04', 100),
(1623, 1458, 'CORTA PELO MEGA STAR', 1, 180000.00, '2023-03-04', 150),
(1624, 1459, 'CAMARA A COLOR HIK VISION', 2, 300000.00, '2023-03-04', 1069),
(1625, 1459, 'CABLE HDMI 15M', 1, 150000.00, '2023-03-04', 1072),
(1626, 1460, 'CEL A13 DE 128GB ', 2, 1300000.00, '2023-03-04', 1067),
(1627, 1460, 'CEL A04 E 32 GB', 1, 750000.00, '2023-03-04', 536),
(1628, 1461, 'LAVARROPA JAM A PALETA', 1, 0.00, '2023-03-04', 576),
(1629, 1462, 'PENDRIVE SANDISK DE 16gb', 1, 40000.00, '2023-03-04', 73),
(1630, 1462, 'OTG TIPO C ECOPOWER ', 1, 15000.00, '2023-03-04', 1049),
(1631, 1463, 'AURICULAR ECOPOWER', 1, 25000.00, '2023-03-04', 237),
(1632, 1464, 'SECA PELO HAIRLISS PRO', 1, 500000.00, '2023-03-04', 972),
(1633, 1465, 'CARGADOR PARA IPHONE DE 20W', 1, 100000.00, '2023-03-04', 955),
(1634, 1466, 'HIDROLAVADORA MEGA STAR LA118', 1, 0.00, '2023-03-04', 878),
(1635, 1467, 'ECOPOWER ANDROID EP-7008', 1, 580000.00, '2023-03-04', 638),
(1636, 1468, 'VENTILADOR DE TECHO WATSON ', 1, 480.00, '2023-03-06', 190),
(1637, 1469, 'CEL SM A53 5G', 1, 2600000.00, '2023-03-06', 146),
(1638, 1470, 'CEL A04 E 32 GB', 1, 700000.00, '2023-03-06', 536),
(1639, 1471, 'X CEL XIA 9C 3RAM 64 GB', 1, 600000.00, '2023-03-06', 35),
(1640, 1472, 'LAVARROPAS MULLER 4KG', 1, 550000.00, '2023-03-06', 541),
(1641, 1473, 'X CEL XIA NOTE 8 DE 64GB ', 1, 1000000.00, '2023-03-06', 1036),
(1642, 1474, 'XXX CEL IPHONE XR 64 GB', 1, 2100000.00, '2023-03-06', 535),
(1643, 1474, 'XXX CEL IPHONE XR 64 GB', 1, 1800000.00, '2023-03-06', 535),
(1644, 1475, 'CEL XIA RETMI A1', 1, 650000.00, '2023-03-06', 36),
(1645, 1476, 'CEL A33 DE 128gb 5G', 1, 2000000.00, '2023-03-06', 502),
(1646, 1477, 'JARRA ELECTRICA GT ', 1, 70000.00, '2023-03-06', 832),
(1647, 1478, 'CEL SM A04 4 RAM Y 32 GB', 1, 900000.00, '2023-03-06', 323),
(1648, 1479, 'OLLA ELECTRICA MEGA STAR ', 1, 250000.00, '2023-03-06', 887),
(1649, 1480, 'TOMA PRECION DIGITAL TOKIO', 1, 200000.00, '2023-03-06', 240),
(1650, 1481, 'MICROONDAS ELECTROLUX DE 20 LITROS ', 1, 700000.00, '2023-03-06', 951),
(1651, 1482, 'X CEL HAUWEI Y6 DE 32GB 2RAM ', 1, 550000.00, '2023-03-06', 1086),
(1652, 1483, 'XX CEL XIA REDMI 10 DE 32GB ', 1, 700.00, '2023-03-07', 1038),
(1653, 1484, 'MEMORIA DE 64GB ULTRA ', 1, 65000.00, '2023-03-07', 1052),
(1654, 1485, 'X CEL NOTE 11 DE 128GB ', 1, 10000.00, '2023-03-07', 1079),
(1655, 1486, 'XX CEL A51 128GB 4RAM', 1, 500.00, '2023-03-07', 169),
(1656, 1487, 'COCINA ANAFE TOKYO DE 4 HORNALLAS ', 1, 850000.00, '2023-03-07', 1039),
(1657, 1488, 'CARGADOR PARA IPHONE DE 20W', 1, 100000.00, '2023-03-07', 955),
(1658, 1489, 'BALANZA WEBSTAR', 3, 180000.00, '2023-03-08', 923),
(1659, 1490, 'CEL SM A53 5G', 1, 2600000.00, '2023-03-08', 146),
(1660, 1491, 'IPHONE 12 DE 128 GB ', 1, 4500000.00, '2023-03-08', 939),
(1661, 1492, 'CALCULADORA CINTIFICA 82PLUS', 1, 150000.00, '2023-03-08', 1014),
(1662, 1493, 'X CEL A71 DE 128GB ', 1, 0.00, '2023-03-08', 1044),
(1663, 1494, 'PLACA INFLARROJA BELO', 1, 250000.00, '2023-03-08', 1091),
(1664, 1495, 'XX CEL J7 PRIME2 DE 32GB ', 1, 500000.00, '2023-03-08', 1058),
(1665, 1496, 'CEL XIA 9A', 2, 750000.00, '2023-03-08', 33),
(1666, 1496, 'CEL A04 E 32 GB', 2, 720000.00, '2023-03-08', 536),
(1667, 1496, 'CEL XIA RETMI A1', 1, 650000.00, '2023-03-08', 36),
(1668, 1497, 'CEL NOKIA 106', 1, 150000.00, '2023-03-08', 307),
(1669, 1498, 'CARGADOR PORTATIL ECOPOWER 10000MAH', 1, 40000.00, '2023-03-08', 551),
(1670, 1499, 'CARGADOR XIAOMI 3A', 1, 50000.00, '2023-03-08', 124),
(1671, 1500, 'XX CEL SM A12 DE 64GB', 1, 800000.00, '2023-03-08', 78),
(1672, 1501, 'CEL NOKIA 106', 1, 150000.00, '2023-03-08', 307),
(1673, 1502, 'CEL NOKIA 106', 1, 150000.00, '2023-03-09', 307),
(1674, 1503, 'CARGADOR TIPO C PARA AUTO ', 1, 30000.00, '2023-03-09', 1056),
(1675, 1504, 'TV DE 32 TOKIO', 1, 1450000.00, '2023-03-09', 48),
(1676, 1505, 'MOUSE INHALAMBRICO SATELLITE ', 1, 70000.00, '2023-03-09', 829),
(1677, 1506, 'CEL XIA RETMI A1', 1, 650000.00, '2023-03-09', 36),
(1678, 1506, 'X CEL SAM  A53 DE 12GB ', 1, 2000000.00, '2023-03-09', 793),
(1679, 1507, 'CEL XIA RETMI A1', 1, 650000.00, '2023-03-09', 36),
(1680, 1508, 'AHIRE SPLIT  TOKIO 3000 FRIGORIA', 1, 2450000.00, '2023-03-09', 134),
(1681, 1509, 'CEL XIA RETMI A1', 1, 700000.00, '2023-03-10', 36),
(1682, 1510, 'NOTEBOOK HP BLANCO ', 1, 800000.00, '2023-03-10', 956),
(1683, 1511, 'SINTONISADOR FM', 1, 50000.00, '2023-03-10', 850),
(1684, 1512, 'PENDRIVE DE 8GB SANDISK', 1, 25000.00, '2023-03-10', 1051),
(1685, 1513, 'FUENTE DE 10AMPER ', 1, 120000.00, '2023-03-10', 262),
(1686, 1514, 'CEL A13 DE 64GB ', 1, 1200000.00, '2023-03-10', 1088),
(1687, 1515, 'CEL A04 E 32 GB', 1, 650000.00, '2023-03-10', 536),
(1688, 1516, 'XXX CEL IPHONE XR 64 GB', 1, 2000000.00, '2023-03-10', 535),
(1689, 1516, 'XXX CEL IPHONE 8 PLUS 256 GB', 1, 2000000.00, '2023-03-10', 532),
(1690, 1516, 'XXX CEL IPHONE 8 PLUS 64 GB', 1, 1650000.00, '2023-03-10', 533),
(1691, 1517, 'XXX CEL IPHONE XR 64 GB', 1, 2000000.00, '2023-03-10', 535),
(1692, 1518, 'CEL XIA 9C DE 64GB ', 1, 900000.00, '2023-03-10', 1099),
(1693, 1519, 'PARLANTE PIONEER 6/12 DE 280W', 1, 250000.00, '2023-03-10', 1021),
(1694, 1519, 'JBL PARTY BOX 710', 1, 3800000.00, '2023-03-10', 1101),
(1695, 1520, 'AHIRE SPLIT JAM DE 3000 FRIGORIA', 1, 2200000.00, '2023-03-10', 501),
(1696, 1521, 'X CEL XIA NOTE 8 DE 64GB ', 1, 800000.00, '2023-03-10', 1036),
(1697, 1522, 'PLANCHA BLACK DECKER  ', 1, 250000.00, '2023-03-10', 1076),
(1698, 1523, 'CEL A04 E 32 GB', 1, 800000.00, '2023-03-10', 536),
(1699, 1524, 'HELADERA PARA OFICINAS', 1, 1600000.00, '2023-03-11', 514),
(1700, 1525, 'CAMARA A COLOR HIK VISION', 2, 0.00, '2023-03-11', 1069),
(1701, 1526, 'AUTO RADIO ECOPOWER EP-602', 1, 150000.00, '2023-03-11', 308),
(1702, 1527, 'AURICULAR ECOPOWER', 1, 25000.00, '2023-03-11', 237),
(1703, 1528, 'LAVARROPA JAM A PALETA', 1, 35.00, '2023-03-11', 576),
(1704, 1529, 'XXX IPHONE 12 MINI DE 128GB 84%', 1, 3000000.00, '2023-03-11', 1027),
(1705, 1529, 'XXX CEL IPHONE 11 128 GB 100 BAT', 1, 3000000.00, '2023-03-11', 594),
(1706, 1529, 'XXX CEL IPHONE 13 MINI DE 128gb 100%', 1, 3575000.00, '2023-03-11', 387),
(1707, 1529, 'XXX CEL IPHONE 13 PRO MAX DE 256GB 96%', 1, 6795000.00, '2023-03-11', 531),
(1708, 1530, 'CEL XIAOMI 12 DE 128GB 4RAM ', 1, 1430000.00, '2023-03-11', 1100),
(1709, 1530, 'CEL XIA NOTE 11S 6RAM DE 128 ', 1, 1500000.00, '2023-03-11', 698),
(1710, 1530, 'XX CEL XIAOMI NOTE 11 PRO 5G DE 128', 1, 1430000.00, '2023-03-11', 265),
(1711, 1530, 'X CEL NOTE 11 DE 128GB ', 1, 1100000.00, '2023-03-11', 1079),
(1712, 1531, 'XX CEL M02 DE 32GB', 1, 500000.00, '2023-03-11', 1059),
(1713, 1532, 'CEL A13 DE 64GB ', 1, 1170000.00, '2023-03-11', 1088),
(1714, 1533, 'COCINA REALCE DE 4  HORNALLA', 1, 650000.00, '2023-03-11', 1041),
(1715, 1534, 'CEL A04 E 32 GB', 1, 700000.00, '2023-03-11', 536),
(1716, 1535, 'XXX CEL IPHONE 11 PRO 64 GB', 1, 3500000.00, '2023-03-11', 529),
(1717, 1536, 'AURICULAR ECOPOWER', 3, 25000.00, '2023-03-11', 237),
(1718, 1537, 'LAVARROPA JAM A PALETA', 1, 800000.00, '2023-03-11', 576),
(1719, 1538, 'AURICULAR XIAOMI BUDS 3 LITE ', 1, 200000.00, '2023-03-11', 596),
(1720, 1539, 'PARLANTE MEGA STAR HY1526BT', 1, 150000.00, '2023-03-13', 59),
(1721, 1540, 'CORTA PELO REMIGTON M808A ', 1, 250000.00, '2023-03-13', 659),
(1722, 1541, 'CARGADOR UNIVERSAL PARA COMPUTADORA ECOPOWER ', 1, 120000.00, '2023-03-13', 870),
(1723, 1542, 'AHIRE SPLIT HAUSTEC 3000 FRIGORIA DE 12000 BTU', 2, 2300000.00, '2023-03-13', 801),
(1724, 1543, 'S 23PLUS DE 256GB 8RAM', 1, 750000.00, '2023-03-13', 1102),
(1725, 1544, 'S 23PLUS DE 256GB 8RAM', 1, 750000.00, '2023-03-13', 1102),
(1726, 1545, 'S 23PLUS DE 256GB 8RAM', 1, 0.00, '2023-03-13', 1102),
(1727, 1546, 'CONTROL UNIVERSAL PARA AIRE ECOPOWER ', 1, 70000.00, '2023-03-13', 835),
(1728, 1547, 'CEL A13 DE 64GB ', 1, 1170000.00, '2023-03-13', 1088),
(1729, 1547, 'CEL XIA RETMI A1', 1, 650000.00, '2023-03-13', 36),
(1730, 1547, 'CEL A04 E 32 GB', 2, 720000.00, '2023-03-13', 536),
(1731, 1547, 'CEL SM A04 4 RAM Y 32 GB', 1, 850000.00, '2023-03-13', 323),
(1732, 1548, 'PENDRIVE DE 8GB SANDISK', 3, 23000.00, '2023-03-13', 1051),
(1733, 1548, 'PENDRIVE SANDISK DE 16gb', 3, 27000.00, '2023-03-13', 73),
(1734, 1549, 'FIRE TV STICK LITE ', 1, 300000.00, '2023-03-13', 555),
(1735, 1550, 'CARGADOR DE 15VOL 2PUNTAS ', 1, 40000.00, '2023-03-13', 1054),
(1736, 1551, 'CEL A04 E 32 GB', 1, 750000.00, '2023-03-13', 536),
(1737, 1552, 'CARGADOR PARA AUTO CON CABLE  ECOPOWER ', 1, 30000.00, '2023-03-14', 269),
(1738, 1553, 'XX CEL A13 4RAM 64GB', 1, 750000.00, '2023-03-14', 1083),
(1739, 1554, 'JBL XTREME 3 ', 1, 1600000.00, '2023-03-14', 602),
(1740, 1555, 'RADIO ECOPOWER EP-F10BT', 1, 150000.00, '2023-03-14', 1017),
(1741, 1556, 'CEL IPHONE 14 PRO DE 256GB', 1, 8700.00, '2023-03-14', 968),
(1742, 1557, 'CEL IPHONE 14 PRO DE 256GB', 1, 8700000.00, '2023-03-14', 968),
(1743, 1558, 'MEMORIA DE 16 ULTRA', 1, 45000.00, '2023-03-14', 507),
(1744, 1558, 'FOCO CAMARA ROBOTICA ', 1, 250000.00, '2023-03-14', 1015),
(1745, 1559, 'VENTILADOR INDUSTRIAL TOKYO ', 1, 750000.00, '2023-03-14', 967),
(1746, 1560, 'CEL A04 E 32 GB', 1, 750000.00, '2023-03-14', 536),
(1747, 1561, 'CONTROL UNIVERSAL DE TV KEIBO ', 1, 50000.00, '2023-03-14', 157),
(1748, 1562, 'AURICULAR SAMSUNG TIPO C', 1, 60000.00, '2023-03-14', 1089),
(1749, 1563, 'CEL A04 E 32 GB', 2, 700000.00, '2023-03-15', 536),
(1750, 1564, 'PLANCHITA BABYLISS PRO', 1, 350000.00, '2023-03-15', 973),
(1751, 1564, 'SECADOR NEGRO MEGA STAR SC226', 1, 150000.00, '2023-03-15', 873),
(1752, 1565, 'XXX IPHONE 12 PRO DE 128GB 86%', 1, 4300000.00, '2023-03-15', 931),
(1753, 1566, 'CARGADOR PARA IPHONE USB POWER ADAPTER ', 1, 10000.00, '2023-03-15', 635),
(1754, 1567, 'CEL XIA 9A', 1, 750000.00, '2023-03-15', 33),
(1755, 1567, 'CEL A04 E 32 GB', 1, 750000.00, '2023-03-15', 536),
(1756, 1568, 'XX CEL SAM A33 5G DE 128GB ', 1, 1500000.00, '2023-03-15', 720),
(1757, 1569, 'TERMO FRIO.CALIENTE GOLD AIR POT 1.3L', 1, 5000.00, '2023-03-15', 203),
(1758, 1570, 'S 21 ULTRA ', 1, 4500000.00, '2023-03-15', 918),
(1759, 1571, 'PLANCHA JAM ', 1, 100000.00, '2023-03-16', 102),
(1760, 1572, 'CEL SM A04 4 RAM Y 32 GB', 1, 750000.00, '2023-03-16', 323),
(1761, 1573, 'CEL SM A53 5G', 1, 2500000.00, '2023-03-16', 146),
(1762, 1574, 'AIRE HISENSE DE 12000BTU', 2, 2200000.00, '2023-03-16', 930),
(1763, 1575, 'CARGADOR ORIGINAL TIPO C INOVA', 1, 30000.00, '2023-03-16', 922),
(1764, 1576, 'HORNO ELECTRICO MIDAS 32LITROS', 1, 475000.00, '2023-03-16', 1105),
(1765, 1577, 'CABLE HDMI 15M', 1, 130000.00, '2023-03-16', 1072),
(1766, 1578, 'OTG MICRO ECOPOWER ', 1, 20000.00, '2023-03-16', 1050),
(1767, 1579, 'JARRA ELECTRICA GT ', 1, 70000.00, '2023-03-16', 832),
(1768, 1580, 'CARGADOR XS MAX ORIGINAL', 1, 700000.00, '2023-03-17', 509),
(1769, 1581, 'MEMORIA DE 64GB ULTRA ', 1, 65000.00, '2023-03-17', 1052),
(1770, 1582, 'XX CEL A21S DE 64GB ', 1, 800000.00, '2023-03-17', 1048),
(1771, 1583, 'AURICULAR XIAOMI EARBUDS BASIC2', 1, 220000.00, '2023-03-17', 1092),
(1772, 1584, 'CARGADOR XIAOMI 3A', 1, 60000.00, '2023-03-17', 124),
(1773, 1585, 'TELEFONO MEGA STAR FT308', 1, 80000.00, '2023-03-17', 552),
(1774, 1586, 'CEL XIA 9C DE 64GB ', 1, 900000.00, '2023-03-17', 1099),
(1775, 1587, 'CENTRIFUGADORA WANKE', 1, 700000.00, '2023-03-17', 1113),
(1776, 1588, 'CEL REDMI 10A', 1, 900000.00, '2023-03-17', 709),
(1777, 1589, 'CEL A13 DE 64GB ', 1, 1250000.00, '2023-03-17', 1088),
(1778, 1590, 'VENTILADOR DE TECHO WATSON ', 3, 480.00, '2023-03-17', 190),
(1779, 1591, 'CEL A04 E 32 GB', 1, 750000.00, '2023-03-17', 536),
(1780, 1592, 'AURICULAR XIAOMI BUDS 3 LITE ', 1, 200000.00, '2023-03-18', 596),
(1781, 1593, 'CEL XIA NOTE 11 4 Y 128GB', 1, 1400.00, '2023-03-18', 64),
(1782, 1594, 'AURICULAR SAMSUNG TIPO C', 1, 70000.00, '2023-03-18', 1089),
(1783, 1595, 'CEL XIA NOTE 11 DE 64GB 4RAM ', 1, 1450000.00, '2023-03-18', 1024),
(1784, 1596, 'CARGADOR SAMSUNG S10 CAJA NEGRA LACRADA TIPO C ', 1, 70000.00, '2023-03-18', 825),
(1785, 1597, 'RADIO ECOPOWER EP-2500', 1, 150000.00, '2023-03-18', 1138),
(1786, 1598, 'XX CEL A03S 4RAM 64GB', 1, 750000.00, '2023-03-18', 1080),
(1787, 1599, 'VENTILADOR DE TECHO TOKIO MOTOR PESADO ', 1, 600000.00, '2023-03-18', 1130),
(1788, 1600, 'CARGADOR SAMSUNG S10 CAJA NEGRA LACRADA TIPO C ', 1, 40000.00, '2023-03-18', 825),
(1789, 1601, 'RADIO ECOPOWER EP-F106B', 1, 150000.00, '2023-03-18', 1152),
(1790, 1602, 'XX CEL A51 128GB 4RAM', 1, 900.00, '2023-03-18', 169),
(1791, 1603, 'AUTO RADIO ECOPOWER EP-602', 1, 150000.00, '2023-03-18', 308),
(1792, 1604, 'CONTROL PARA PLAY 3 CON Y SIN DISEÑO', 1, 800000.00, '2023-03-18', 208),
(1793, 1605, 'AURICULAR XIAOMI BUDS 3 LITE ', 1, 120000.00, '2023-03-18', 596),
(1794, 1606, 'AURICULAR XIAOMI BUDS 3 LITE ', 1, 120000.00, '2023-03-18', 596),
(1795, 1607, 'AMPLIFICADOR CAFINI DE 34-500', 1, 1180000.00, '2023-03-18', 255),
(1796, 1608, 'MEMORIA DE 16 ULTRA', 1, 40000.00, '2023-03-18', 507),
(1797, 1609, 'CAMARA ROBOTICA ', 1, 285000.00, '2023-03-20', 100),
(1798, 1610, 'FREIDORA TOKIO 3L', 1, 400000.00, '2023-03-20', 251),
(1799, 1610, 'SOPORTE PARA TELE MEGASONIC DE 32\'\'  75\'\'', 1, 350000.00, '2023-03-20', 1062),
(1800, 1611, 'REPETIDOR DE SINAL WI-FI 300 MBPS TP-LINK ', 1, 180000.00, '2023-03-20', 868),
(1801, 1612, 'TV ENXUTA DE 32´´HD', 1, 1350000.00, '2023-03-20', 1110),
(1802, 1613, 'AUTORRADIO PIONEER CON BLUETOOTH MVH-S215BT', 1, 650000.00, '2023-03-20', 206),
(1803, 1614, 'PARLANTE PIONER 6X9 450 WHAT', 1, 400000.00, '2023-03-20', 847),
(1804, 1615, 'DISPENCER JAM CON MOTOR ', 1, 1100000.00, '2023-03-20', 975),
(1805, 1616, 'PLACA INFLARROJA BELO', 1, 250000.00, '2023-03-20', 1091),
(1806, 1617, 'parlante para auto  mega sonic', 1, 150000.00, '2023-03-20', 911),
(1807, 1618, 'PLANCHA SECA SOLIDA TOKYO', 1, 150000.00, '2023-03-20', 1016),
(1808, 1619, 'CARGADOR UNIVERSAL PARA COMPUTADORA ECOPOWER ', 1, 140000.00, '2023-03-20', 870),
(1809, 1620, 'CARGADOR PARA IPHONE DE 20W', 1, 100000.00, '2023-03-21', 955),
(1810, 1621, 'XXX IPHONE 13 PRO DE 256GB 98%', 1, 6500000.00, '2023-03-21', 1042),
(1811, 1622, 'ADAPTADOR USB A BLUETOOTH ', 1, 70000.00, '2023-03-21', 815),
(1812, 1623, 'CEL NOKIA 106', 1, 150000.00, '2023-03-21', 307),
(1813, 1624, 'CARGADOR ECOPOWER TIPO C', 1, 35000.00, '2023-03-21', 122),
(1814, 1625, 'TV DE 32 TOKIO', 1, 1450000.00, '2023-03-21', 48),
(1815, 1626, 'TV SM DE 32', 1, 1650000.00, '2023-03-21', 50),
(1816, 1627, 'CENTRIFUGADORA TOKIO DE 15 KG', 1, 750.00, '2023-03-21', 1040),
(1817, 1628, 'CEL A13 DE 64GB ', 1, 0.00, '2023-03-22', 1088),
(1818, 1629, 'CEL A04 E 32 GB', 2, 700.00, '2023-03-22', 536),
(1819, 1630, 'AUTO RADIO ECOPOWER EP-602', 1, 130000.00, '2023-03-22', 308),
(1820, 1631, 'AURICULAR JBL TUNE 110', 1, 150000.00, '2023-03-22', 238),
(1821, 1632, 'CEL A13 DE 64GB ', 1, 0.00, '2023-03-22', 1088),
(1822, 1633, 'CAMARA HIKVISION DE 1080P CON AUDIO', 1, 300000.00, '2023-03-22', 619),
(1823, 1633, 'CAMARA A COLOR HIK VISION', 1, 300000.00, '2023-03-22', 1069),
(1824, 1634, 'CEL SM A23', 1, 1550000.00, '2023-03-22', 61),
(1825, 1635, 'AURICULAR XIAOMI EARBUDS BASIC2', 1, 200000.00, '2023-03-22', 1092),
(1826, 1636, 'AIRE HISENSE DE 12000BTU', 1, 2000000.00, '2023-03-22', 930),
(1827, 1637, 'MOUSE  SATELLITE ', 1, 40000.00, '2023-03-22', 820),
(1828, 1638, 'DISPENCER JAM CON MOTOR ', 1, 1200000.00, '2023-03-22', 975),
(1829, 1639, 'TV JVC DE 32´´', 1, 1400000.00, '2023-03-22', 1108),
(1830, 1640, 'SOPORTE DE TV LUO DE 26-65', 1, 100000.00, '2023-03-22', 1123),
(1831, 1641, 'XIAOMI A2 DE 32GB 2RAM ', 1, 750000.00, '2023-03-22', 1160),
(1832, 1641, 'CEL SM  A14 DE 128GB 4RAM', 1, 1450000.00, '2023-03-22', 1159),
(1833, 1641, 'CEL A13 DE 64GB ', 1, 1250000.00, '2023-03-22', 1088),
(1834, 1641, 'CEL SM A04 4 RAM Y 32 GB', 1, 850000.00, '2023-03-22', 323),
(1835, 1641, 'CEL XIA POCO X5 DE 128GB 5G', 1, 2000000.00, '2023-03-22', 1098),
(1836, 1642, 'CONTROL PARA PLAY 4 SEMI ', 1, 200000.00, '2023-03-22', 808),
(1837, 1643, 'XXX CEL IPHONE 8 PLUS 64 GB', 2, 1650000.00, '2023-03-22', 533),
(1838, 1644, 'AHIRE SPLIT HAUSTEC 3000 FRIGORIA DE 12000 BTU', 1, 2200000.00, '2023-03-23', 801),
(1839, 1645, 'RELOJ GTS 2 MINI', 1, 550000.00, '2023-03-23', 1166),
(1840, 1646, 'CONTROL PARA PLAY 4 NEGRO ', 1, 150000.00, '2023-03-23', 822),
(1841, 1647, 'XXX IPHONE 11 DE 64GB 98%', 1, 2400000.00, '2023-03-23', 1003),
(1842, 1648, 'RADIO ECOPOWER CON RELOJ  EP-217B', 1, 120000.00, '2023-03-24', 1148),
(1843, 1649, 'LICUADORA TOKYO', 1, 250000.00, '2023-03-24', 108),
(1844, 1650, 'CEL A04 E 32 GB', 1, 800000.00, '2023-03-24', 536),
(1845, 1651, 'XXX IPHONE 11 PRO MAX DE 64GB 86%', 1, 3500000.00, '2023-03-24', 1180),
(1846, 1652, 'CEL A04 E 32 GB', 1, 900000.00, '2023-03-24', 536),
(1847, 1653, 'CEL A04 E 32 GB', 1, 750000.00, '2023-03-24', 536),
(1848, 1654, 'MEMORIA DE 16 ULTRA', 1, 40000.00, '2023-03-24', 507),
(1849, 1655, 'JARRA ELECTRICA GT ', 1, 65000.00, '2023-03-24', 832),
(1850, 1656, 'NOTEBOOK ASUS X543M 4GB 500GB', 1, 1800000.00, '2023-03-25', 1161),
(1851, 1657, 'PLANCHA BLACK DECKER A VAPOR', 1, 200000.00, '2023-03-25', 1078),
(1852, 1657, 'HELADERA ELECTROLUX DE 350L', 1, 2700000.00, '2023-03-25', 1001),
(1853, 1657, 'DISPENCER JAM CON MOTOR ', 1, 1100000.00, '2023-03-25', 975),
(1854, 1658, 'X CEL XIA NOTE 11 DE 128GB', 1, 1200000.00, '2023-03-25', 389),
(1855, 1659, 'CEL A04 E 32 GB', 1, 800000.00, '2023-03-25', 536),
(1856, 1660, 'FUENTE DE 5 AMPER', 1, 90000.00, '2023-03-25', 1193),
(1857, 1661, 'ADAPTADOR USB A BLUETOOTH ', 1, 40000.00, '2023-03-25', 815),
(1858, 1662, 'XX CEL SM A02S 64GB', 1, 650000.00, '2023-03-25', 392),
(1859, 1662, 'AURICULAR XIAOMI EARBUDS BASIC2', 1, 180000.00, '2023-03-25', 1092),
(1860, 1663, 'DISCO 1 TB ', 1, 350000.00, '2023-03-25', 626),
(1861, 1664, 'TV JVC DE 32´´', 1, 1100000.00, '2023-03-25', 1108),
(1862, 1665, 'PLANCHITA BABYLISS PRO', 1, 340000.00, '2023-03-25', 973),
(1863, 1666, 'CEL XIA 9A', 1, 800000.00, '2023-03-25', 33),
(1864, 1667, 'RADIO ECOPOWER EP-F18E ', 1, 120000.00, '2023-03-25', 1151),
(1865, 1668, 'JBL PARTY BOX 110 ', 1, 2250000.00, '2023-03-26', 518),
(1866, 1669, 'XXX IPHONE 11 DE 64GB 99%', 1, 2000000.00, '2023-03-26', 1197),
(1867, 1670, 'RADIO ECOPOWER EP-F36', 1, 80000.00, '2023-03-26', 1144),
(1868, 1671, 'RADIO ECOPOWER EP-2520', 1, 180000.00, '2023-03-26', 1133),
(1869, 1672, 'AURICULAR XIAOMI BUDS 3 LITE ', 1, 200000.00, '2023-03-27', 596),
(1870, 1673, 'LAVARROPAS MULLER 4KG', 1, 550000.00, '2023-03-27', 541),
(1871, 1674, 'VENTILADOR DE TECHO WATSON ', 1, 27000.00, '2023-03-27', 190),
(1872, 1675, 'JARRA ELECTRICA GT ', 1, 60.00, '2023-03-27', 832),
(1873, 1676, 'CENTRIFUGADORA TOKIO DE 15 KG', 1, 750000.00, '2023-03-27', 1040),
(1874, 1677, 'MICROFONO ECOPOWER ', 1, 150000.00, '2023-03-27', 317),
(1875, 1678, 'CEL SM A53 5G', 1, 2700000.00, '2023-03-27', 146),
(1876, 1679, 'CEL SM A04 4 RAM Y 64GB', 1, 1100000.00, '2023-03-27', 213),
(1877, 1680, 'X CEL XIA NOTE 10S DE 128GB 8RAM', 1, 1150000.00, '2023-03-27', 1200),
(1878, 1681, 'DVR HIKVISION 8 DE 7100 SERIES', 1, 400000.00, '2023-03-27', 623),
(1879, 1682, 'CEL A13 DE 64GB ', 1, 0.00, '2023-03-27', 1088),
(1880, 1683, 'BALANZA BIONICA', 1, 250000.00, '2023-03-28', 504),
(1881, 1684, 'NOTEBOOK LENOVO N4020 4RAM 500GB ', 1, 1900000.00, '2023-03-29', 1162),
(1882, 1685, 'CONTROL UNIVERSAL PARA TV ECOPOWER EP-8615', 1, 50000.00, '2023-03-29', 864),
(1883, 1686, 'CEL A13 DE 64GB ', 1, 1250000.00, '2023-03-29', 1088),
(1884, 1687, 'XXX CEL IPHONE XR DE 128GB 90%', 1, 1900.00, '2023-03-29', 1033),
(1885, 1688, 'FUENTE DE 15AMPER', 1, 170000.00, '2023-03-29', 630),
(1886, 1689, 'AURICULAR INALAMBRICO ECOPOWER', 1, 150000.00, '2023-03-29', 1090),
(1887, 1690, 'HORNO ELECTRICO MIDAS 32LITROS', 1, 400000.00, '2023-03-29', 1105),
(1888, 1691, 'BALANZA BIONICA', 1, 200000.00, '2023-03-30', 504),
(1889, 1692, 'NB WIN 8 RAM Y 256GB I7 ', 1, 3000000.00, '2023-03-30', 585),
(1890, 1693, 'TV ENXUTA DE 32´´HD', 1, 1350000.00, '2023-03-30', 1110),
(1891, 1694, 'PLANCHA SECA SOLIDA TOKYO', 1, 150000.00, '2023-03-30', 1016),
(1892, 1695, 'TABLETA GALAXI TAB E 16GB  ', 1, 700000.00, '2023-03-31', 588),
(1893, 1696, 'CARGADOR IPHONE XS MAX ORIGINAL', 1, 5700000.00, '2023-03-31', 509),
(1894, 1697, 'X CEL XIA POCO X3 PRO DE 128gb', 1, 1300000.00, '2023-03-31', 214),
(1895, 1698, 'CARGADOR XIAOMI TIPO C ORIGINAL', 1, 50000.00, '2023-03-31', 124),
(1896, 1699, 'CEL XIA RETMI A1', 1, 650000.00, '2023-03-31', 36),
(1897, 1699, 'CEL SM A03 CORE', 1, 700000.00, '2023-03-31', 28),
(1898, 1700, 'CEL REDMI 10A', 1, 0.00, '2023-03-31', 709),
(1899, 1700, 'CEL A13 DE 64GB ', 1, 0.00, '2023-03-31', 1088),
(1900, 1700, 'CEL NOKIA G11 PLUS 64 GB Y 4 RAM ', 1, 0.00, '2023-03-31', 1195),
(1901, 1701, 'TERMO TANQUE JAM 50L', 1, 1000000.00, '2023-03-31', 1216),
(1902, 1702, 'TERMO TANQUE JAM 50L', 1, 1100000.00, '2023-03-31', 1216),
(1903, 1703, 'SOPORTE DE TV LUO DE 26-65', 1, 40000.00, '2023-04-01', 1123),
(1904, 1704, 'RADIO ECOPOWER CON RELOJ  EP-217B', 1, 150000.00, '2023-04-01', 1148),
(1905, 1705, 'CARGADOR TIPO C PARA AUTO ', 1, 19000.00, '2023-04-01', 1056),
(1906, 1706, 'PARLANTE ECOPOWER EP-6101', 2, 150000.00, '2023-04-01', 1020),
(1907, 1707, 'XXX IPHONE 11 DE 64GB 80%', 1, 0.00, '2023-04-01', 1179),
(1908, 1708, 'AUTO RADIO ECOPOWER PE-7000', 1, 440000.00, '2023-04-01', 309),
(1909, 1709, 'CEL A04 E 32 GB', 1, 750000.00, '2023-04-01', 536),
(1910, 1709, 'CEL SM A03 CORE', 1, 700000.00, '2023-04-01', 28),
(1911, 1710, 'XXX CEL IPHONE 6S DE 64GB 79%', 1, 50000.00, '2023-04-01', 1047),
(1912, 1711, 'XXX CEL IPHONE 6S DE 64GB 79%', 1, 800000.00, '2023-04-01', 1047),
(1913, 1712, 'EXPANSOR USB ECOPOWER (EP-R010)', 1, 80000.00, '2023-04-01', 316),
(1914, 1713, 'CEL SM  A14 DE 128GB 4RAM', 1, 0.00, '2023-04-01', 1159),
(1915, 1714, 'CEL XIA RETMI A1', 1, 0.00, '2023-04-01', 36),
(1916, 1714, 'CEL SM A03 CORE', 1, 0.00, '2023-04-01', 28),
(1917, 1715, 'CARGADOR ORIGINAL TIPO C INOVA', 1, 30000.00, '2023-04-01', 922),
(1918, 1716, 'SECA PELO GAMA MISTRALION ', 1, 250000.00, '2023-04-01', 668),
(1919, 1717, 'EXPRIMIDORA JAM', 1, 200000.00, '2023-04-03', 83),
(1920, 1718, 'VENTILADOR DE TECHO JAM PESADO', 1, 300000.00, '2023-04-03', 302),
(1921, 1719, 'CAMARA A COLOR HIK VISION', 1, 250000.00, '2023-04-04', 1069),
(1922, 1719, 'CAMARA HIKVISION DE 1080P CON AUDIO', 1, 300000.00, '2023-04-04', 619),
(1923, 1719, 'CAMARA HIKVISION DE 1080P', 8, 150000.00, '2023-04-04', 382),
(1924, 1719, 'DISCO 1 TB ', 1, 350000.00, '2023-04-04', 626),
(1925, 1719, 'DVR HIKVISION 16 CANALES ', 1, 700000.00, '2023-04-04', 1065),
(1926, 1720, 'X CEL SM A23 128GB', 1, 1150000.00, '2023-04-04', 170),
(1927, 1721, 'CEL SM CON TAPITA GT-E1272', 1, 130000.00, '2023-04-04', 544),
(1928, 1722, 'CENTRIFUGADORA WANKE', 1, 600000.00, '2023-04-04', 1113),
(1929, 1723, 'CEL IPHONE  14 NORMAL 256 GB', 1, 6900000.00, '2023-04-04', 1174),
(1930, 1724, 'X CEL IPHONE 64 GB 82%', 1, 2500000.00, '2023-04-04', 945),
(1931, 1725, 'CEL NOKIA G11 PLUS 64 GB Y 4 RAM ', 1, 800000.00, '2023-04-04', 1195),
(1932, 1726, 'ANTENA DIGITAL DE TV BIGSTAR', 1, 60000.00, '2023-04-04', 147),
(1933, 1727, 'CABLE HDMI 15M', 1, 130000.00, '2023-04-04', 1072),
(1934, 1728, 'CAMARA HIKVISION DE 1080P', 2, 170000.00, '2023-04-05', 382),
(1935, 1729, 'FUENTE DE 15AMPER', 1, 180000.00, '2023-04-05', 630),
(1936, 1730, 'MICROONDAS TOKIO 20 LITROS', 1, 600000.00, '2023-04-05', 857),
(1937, 1731, 'JBL FLIP 6 ', 1, 650000.00, '2023-04-05', 934),
(1938, 1732, 'X OPPO DE 64GB ', 1, 900000.00, '2023-04-05', 1037),
(1939, 1733, 'NEBULIZADOR CON COMPRESOR MEGA STAR', 1, 230000.00, '2023-04-06', 1111),
(1940, 1734, 'AURICULAR XIAOMI EARBUDS BASIC2 INALAMBRICO', 1, 180000.00, '2023-04-06', 1092),
(1941, 1734, 'CARGADOR ORIGINAL TIPO C INOVA', 1, 20000.00, '2023-04-06', 922),
(1942, 1735, 'XX CEL A53 5G 6RAM 128GB', 1, 1900000.00, '2023-04-06', 1081),
(1943, 1736, 'CEL A04 E 32 GB', 2, 750000.00, '2023-04-06', 536),
(1944, 1737, 'LAVARROPA JAM A PALETA', 1, 700000.00, '2023-04-06', 576),
(1945, 1738, 'CEL SM A03 CORE', 1, 630000.00, '2023-04-06', 28),
(1946, 1738, 'CEL A13 DE 64GB ', 1, 1070000.00, '2023-04-06', 1088),
(1947, 1739, 'LUCES LED DE 5METROS', 1, 80000.00, '2023-04-06', 492),
(1948, 1740, 'HORNO JAM DE 42 LITROS', 1, 700000.00, '2023-04-06', 962),
(1949, 1741, 'PLACA INFLARROJA BELO', 1, 200000.00, '2023-04-06', 1091),
(1950, 1742, 'CEL A13 DE 64GB ', 1, 1200000.00, '2023-04-06', 1088),
(1951, 1742, 'CEL SM A03 CORE', 1, 730000.00, '2023-04-06', 28),
(1952, 1743, 'S 20 FE 5G', 1, 2800000.00, '2023-04-06', 885),
(1953, 1744, 'CEL NOKIA G11 PLUS 64 GB Y 4 RAM ', 1, 0.00, '2023-04-06', 1195),
(1954, 1745, 'HORNO ELECTRICO MIDAS  45LITROS', 1, 700000.00, '2023-04-06', 1106),
(1955, 1746, 'PARLANTE MEGA STAR HY1526BT', 1, 100000.00, '2023-04-06', 59),
(1956, 1747, 'CEL A04 E 32 GB', 1, 750000.00, '2023-04-08', 536),
(1957, 1748, 'COCINA JAM A GAS ESTANTAR 4H ', 1, 700000.00, '2023-04-08', 1206),
(1958, 1749, 'CONTROL UNIVERSAL PARA TV ECOPOWER EP-8615', 1, 50000.00, '2023-04-08', 864),
(1959, 1750, 'CONTROL UNIVERSAL PARA TV ECOPOWER EP-8615', 1, 50000.00, '2023-04-08', 864),
(1960, 1751, 'PLANCHITA BABYLISS PRO', 1, 400000.00, '2023-04-08', 973),
(1961, 1752, 'PLACA INFRARROJA MEGA STAR ', 1, 250000.00, '2023-04-08', 1121),
(1962, 1753, 'CEL XIA NOTE 11 4 Y 128GB', 1, 1300000.00, '2023-04-08', 64),
(1963, 1754, 'SOPORTE DE TV LUO DE 26-65', 1, 80000.00, '2023-04-08', 1123),
(1964, 1755, 'PLACA INFRARROJA MEGA STAR ', 1, 250000.00, '2023-04-08', 1121),
(1965, 1756, 'XXX IPHONE 11 DE 64GB 89%', 1, 2900000.00, '2023-04-08', 1158),
(1966, 1756, 'MEMORIA SANDISK DE 32gb', 1, 42000.00, '2023-04-08', 76),
(1967, 1756, 'XXX CEL IPHONE 11 DE 64GB 100% ', 1, 3000000.00, '2023-04-08', 499),
(1968, 1756, 'XXX CEL XR DE 64GB 84%', 1, 1500000.00, '2023-04-08', 1085),
(1969, 1757, 'XXX CEL IPHONE 11 PRO DE 256GB 84%', 1, 3500000.00, '2023-04-08', 386),
(1970, 1758, 'CEL SM CON TAPITA GT-E1272', 1, 170000.00, '2023-04-08', 544),
(1971, 1759, 'CARGADOR IPHONE XS MAX ORIGINAL', 1, 50000.00, '2023-04-08', 509),
(1972, 1760, 'CARGADOR IPHONE XS MAX ORIGINAL', 1, 20000.00, '2023-04-08', 509),
(1973, 1761, 'CEL A04 E 32 GB', 1, 800000.00, '2023-04-08', 536),
(1974, 1762, 'CEL A04 E 32 GB', 1, 750000.00, '2023-04-08', 536),
(1975, 1763, 'CEL A04 E 32 GB', 1, 750000.00, '2023-04-08', 536),
(1976, 1764, 'CEL A04 E 32 GB', 1, 0.00, '2023-04-10', 536),
(1977, 1765, 'PLACA INFRA ROJO  BIG STAR ', 1, 250000.00, '2023-04-10', 889),
(1978, 1765, 'HERVVIDORA JAM DE VIDRIO 1.7L', 1, 150000.00, '2023-04-10', 70),
(1979, 1766, 'HORNO ELECTRICO JAM DE 42LTS DN42E=RML ', 1, 650000.00, '2023-04-10', 1207),
(1980, 1766, 'PLACA JEFFYLE CHEF', 1, 250000.00, '2023-04-10', 1214),
(1981, 1767, 'XX CEL SAM S21 FE 5G 128GB 8RAM ', 1, 2100000.00, '2023-04-10', 800),
(1982, 1768, 'secador de pelo gama diva ceramic ', 2, 400000.00, '2023-04-10', 912),
(1983, 1769, 'CEL A04 E 32 GB', 1, 750000.00, '2023-04-10', 536),
(1984, 1771, 'XXX IPHONE XR DE 128GB 98%', 1, 2400000.00, '2023-04-10', 1217),
(1985, 1772, 'HORNO ELECTRICO DE 55LITROS ', 1, 700000.00, '2023-04-10', 1114),
(1986, 1773, 'X REDMI 10A 32GB 2RAM', 1, 0.00, '2023-04-11', 1238),
(1987, 1774, 'HELADERA MABE 204 LITROS', 1, 1900000.00, '2023-04-11', 1226),
(1988, 1774, 'COCINA JAM A GAS ESTANTAR 4H ', 1, 700000.00, '2023-04-11', 1206),
(1989, 1775, 'XX SAM A53 5G DE 128BG', 1, 1850000.00, '2023-04-11', 933),
(1990, 1776, 'AURICULAR LUO JB930', 1, 100000.00, '2023-04-11', 1247),
(1991, 1777, 'Z FLIP 3 DE 128GB 4RAM', 1, 3500000.00, '2023-04-11', 971),
(1992, 1777, 'S 21 FE DE 128GB 6 RAM ', 1, 2500000.00, '2023-04-11', 1233),
(1993, 1777, 'CEL NOKIA G11 PLUS 64 GB Y 4 RAM ', 1, 800000.00, '2023-04-11', 1195),
(1994, 1777, 'CEL A04 E 32 GB', 1, 700000.00, '2023-04-11', 536),
(1995, 1777, 'CEL SM A03 CORE', 1, 700000.00, '2023-04-11', 28),
(1996, 1778, 'CAMARA ECOPOWER EP-C025', 1, 250000.00, '2023-04-12', 1211),
(1997, 1779, 'XXX IPHONE 11 DE 64GB 80%', 1, 2800000.00, '2023-04-12', 1179),
(1998, 1780, 'AURICULAR LUO JB930', 1, 100000.00, '2023-04-12', 1247),
(1999, 1781, 'AURICULAR LUO JB930', 1, 100000.00, '2023-04-12', 1247),
(2000, 1782, 'CEL XIA POCO X5 PRO 5G DE 256GB', 1, 2550000.00, '2023-04-12', 1098),
(2001, 1783, 'XX CEL SM A12 DE 64GB', 1, 750000.00, '2023-04-13', 78),
(2002, 1783, 'XX CEL A50 64GB', 1, 950000.00, '2023-04-13', 1082),
(2003, 1784, 'PLACA INFLARROJA BELO', 1, 230000.00, '2023-04-13', 1091),
(2004, 1785, 'SAMSUNG A 34 5G 128GB ', 1, 2700000.00, '2023-04-13', 1283),
(2005, 1786, 'CEL SM A23', 1, 1700000.00, '2023-04-13', 61),
(2006, 1787, 'CARGADOR PARA NOTEBOOK 90W QUANTA', 1, 150000.00, '2023-04-13', 1242),
(2007, 1788, 'AURICULAR LUO JB930', 1, 100000.00, '2023-04-13', 1247),
(2008, 1789, 'MOUSE  OPTICO SATE CON CABLE', 1, 50000.00, '2023-04-13', 820),
(2009, 1790, 'CEL SM A04 4 RAM Y 64GB', 1, 0.00, '2023-04-13', 213),
(2010, 1791, 'XXX IPHONE 11 PRO MAX DE 64GB 81% ', 1, 3400000.00, '2023-04-13', 1183),
(2011, 1791, 'CEL SM A03 CORE', 1, 700000.00, '2023-04-13', 28),
(2012, 1792, 'RELOJ GLIFO 8 ', 1, 210000.00, '2023-04-13', 1172),
(2013, 1793, 'CEL XIA RETMI A1', 1, 560000.00, '2023-04-14', 36),
(2014, 1794, 'MOUSE INHALAMBRICO SATELLITE 72G', 1, 70000.00, '2023-04-14', 829),
(2015, 1795, 'CONTROL PARA PLAY 4 CON DISEÑO', 1, 150000.00, '2023-04-14', 207),
(2016, 1796, 'PLACA INFRARROJA MEGA STAR ', 1, 250000.00, '2023-04-14', 1121),
(2017, 1797, 'FIRE TV STICK 4K', 1, 400000.00, '2023-04-14', 554),
(2018, 1798, 'CARGADOR PORTATIL AIWA 10.000MAH', 2, 145000.00, '2023-04-14', 1241),
(2019, 1799, 'CEL REDMI 10C 64GB 3RAM', 1, 900000.00, '2023-04-14', 1235),
(2020, 1800, 'PLACA JEFFYLE CHEF', 1, 200000.00, '2023-04-15', 1214),
(2021, 1801, 'CENTRIFUGADORA TOKIO DE 15 KG', 1, 750.00, '2023-04-15', 1040),
(2022, 1802, 'CEL A13 DE 64GB ', 1, 1250000.00, '2023-04-15', 1088),
(2023, 1803, 'CARGADOR SAMSUNG S20 TIPO C CAJA NEGRO', 1, 70000.00, '2023-04-15', 825),
(2024, 1804, 'AUTO RADIO ECOPOWER PE-7000', 1, 400000.00, '2023-04-15', 309),
(2025, 1805, 'RELOJ C12', 1, 250000.00, '2023-04-15', 1164),
(2026, 1806, 'RELOJ G6 PRO', 1, 300000.00, '2023-04-15', 1165),
(2027, 1807, 'MODEN RUTER TP-LINK COPACO', 1, 220000.00, '2023-04-15', 154),
(2028, 1808, 'AUTO RADIO ECOPOWER EP-602', 1, 150000.00, '2023-04-15', 308),
(2029, 1809, 'PLACA INFRARROJA MEGA STAR ', 1, 250000.00, '2023-04-15', 1121),
(2030, 1810, 'CEL REDMI 10A', 1, 950000.00, '2023-04-15', 709),
(2031, 1811, 'MODEN RUTER TP-LINK TL-WR840N', 1, 180000.00, '2023-04-15', 865),
(2032, 1812, 'XXX IPHONE 11 PRO MAX DE 64GB 83%', 1, 3500000.00, '2023-04-15', 1181),
(2033, 1813, 'X CEL HUAWEI 8I', 1, 1200000.00, '2023-04-17', 160),
(2034, 1814, 'CEL A13 DE 64GB ', 1, 1200000.00, '2023-04-17', 1088),
(2035, 1814, 'CEL NOKIA C01 PLUS', 1, 600000.00, '2023-04-17', 1218),
(2036, 1814, 'CEL SM A03 CORE', 1, 700000.00, '2023-04-17', 28),
(2037, 1814, 'CEL A04 E 32 GB', 1, 750000.00, '2023-04-17', 536),
(2038, 1815, 'CEL A04 E 32 GB', 2, 700000.00, '2023-04-17', 536),
(2039, 1816, 'CONTROL ECOPOWER.TV-LCD-SMART EP-8610 ', 1, 50000.00, '2023-04-17', 861),
(2040, 1817, 'CEL SM CON TAPITA GT-E1272', 1, 150000.00, '2023-04-17', 544),
(2041, 1818, 'CEL SM CON TAPITA GT-E1272', 1, 150000.00, '2023-04-17', 544),
(2042, 1819, 'CEL REDMI 10 2022 128GB 4RAM', 1, 0.00, '2023-04-17', 1236),
(2043, 1820, 'CEL REDMI 10 2022 128GB 4RAM', 1, 0.00, '2023-04-17', 1236),
(2044, 1821, 'HORNO ELECTRICO JAM DE 42LTS DN42E=RML ', 1, 650000.00, '2023-04-17', 1207),
(2045, 1822, 'CARGADOR SAMSUNG S20 TIPO C CAJA NEGRO', 1, 80000.00, '2023-04-17', 825),
(2046, 1823, 'TELEFONO MEGA STAR FT308', 2, 80000.00, '2023-04-17', 552),
(2047, 1824, 'XXX CEL IPHONE 13 NORMAL DE 256GB 100%', 1, 0.00, '2023-04-17', 1035),
(2048, 1825, 'CEL A04 E 32 GB', 1, 700000.00, '2023-04-18', 536),
(2049, 1826, 'CEL XIA RETMI A1', 1, 670000.00, '2023-04-18', 36),
(2050, 1827, 'PLACA INFLARROJA BELO', 1, 200000.00, '2023-04-18', 1091),
(2051, 1828, 'CEL SM  A14 DE 128GB 4RAM', 1, 1450000.00, '2023-04-18', 1159),
(2052, 1829, 'CEL SM A03 CORE', 2, 700000.00, '2023-04-18', 28),
(2053, 1829, 'CEL A04 E 32 GB', 2, 750000.00, '2023-04-18', 536),
(2054, 1829, 'CEL NOKIA C01 PLUS', 1, 600000.00, '2023-04-18', 1218),
(2055, 1829, 'CEL REDMI 10A', 1, 700000.00, '2023-04-18', 709),
(2056, 1830, 'DISCO 1 TB ', 1, 350000.00, '2023-04-18', 626),
(2057, 1830, 'DVR HIKVISION 8 DE 7100 SERIES', 1, 4500000.00, '2023-04-18', 623),
(2058, 1831, 'CAMARA HIKVISION DE 1080P', 1, 150000.00, '2023-04-18', 382),
(2059, 1832, 'AURICULAR LUO K122', 1, 100000.00, '2023-04-18', 1249),
(2060, 1833, 'TV AIWA DE 32', 2, 0.00, '2023-04-18', 51),
(2061, 1834, 'XXX CEL IPHONE 11 128 GB 100 BAT', 1, 3000000.00, '2023-04-19', 594),
(2062, 1835, 'XX CEL A51 128GB 4RAM', 1, 9000000.00, '2023-04-19', 169),
(2063, 1836, 'CEL XIA RETMI A1', 1, 700000.00, '2023-04-19', 36),
(2064, 1837, 'CEL A04 E 32 GB', 1, 750000.00, '2023-04-20', 536),
(2065, 1838, 'CEL HONOR X7 128GB', 1, 1100000.00, '2023-04-20', 1279),
(2066, 1839, 'TELEFONO MEGA STAR FT308', 1, 80000.00, '2023-04-20', 552),
(2067, 1840, 'CEL REDMI NOTE 12 DE 128GB 4RAM ', 1, 1350000.00, '2023-04-21', 1341),
(2068, 1841, 'CEL A04 E 32 GB', 2, 700000.00, '2023-04-21', 536),
(2069, 1842, 'HERVVIDORA JAM DE VIDRIO 1.7L', 1, 180000.00, '2023-04-21', 70),
(2070, 1843, 'MOUSE  OPTICO SATE CON CABLE', 1, 50000.00, '2023-04-21', 820),
(2071, 1844, 'CARGADOR DE 15VOL 2PUNTAS ', 1, 50000.00, '2023-04-21', 1054),
(2072, 1845, 'ASPIRADORA TOKYO COMPACT FORTE810 DE 23 LITROS', 1, 800000.00, '2023-04-22', 1009),
(2073, 1846, 'POCO M5S DE 128GB Y 4 DE RAM', 1, 1400000.00, '2023-04-22', 1383),
(2074, 1847, 'JBL FLIT 5', 1, 650000.00, '2023-04-22', 66),
(2075, 1848, 'CALCULADORA CINTIFICA 82PLUS', 1, 140000.00, '2023-04-22', 1014),
(2076, 1849, 'PARLANTE KARAOKE 1 BATERIA RECARGAGLE', 1, 400000.00, '2023-04-22', 1355),
(2077, 1850, 'X CEL XIA NOTE 10S DE 128GB 8RAM', 1, 1300000.00, '2023-04-22', 1200),
(2078, 1851, 'TECLADO MINI SATE ', 1, 120000.00, '2023-04-22', 558),
(2079, 1852, 'CENTRIFUGADORA TOKIO DE 15 KG', 1, 750000.00, '2023-04-22', 1040),
(2080, 1853, 'CEL SM A04 S 64 GB', 1, 1150000.00, '2023-04-22', 537),
(2081, 1854, 'PLACA INFRARROJA MEGA STAR ', 1, 250000.00, '2023-04-24', 1121),
(2082, 1855, 'XXX IPHONE 11 DE 64GB 87%', 1, 2400000.00, '2023-04-24', 1225),
(2083, 1856, 'PLANCHA BLACK DECKER A VAPOR', 1, 250000.00, '2023-04-24', 1078),
(2084, 1857, 'PLACA INFLARROJA BELO', 3, 200000.00, '2023-04-24', 1091),
(2085, 1858, 'CEL SM A22', 1, 1200000.00, '2023-04-24', 30),
(2086, 1859, 'AUTO RADIO ECOPOWER EP-602', 1, 150000.00, '2023-04-24', 308),
(2087, 1860, 'CARGADOR TIPO C PARA AUTO ', 1, 25000.00, '2023-04-24', 1056),
(2088, 1860, 'CEL A04 E 32 GB', 1, 750000.00, '2023-04-24', 536),
(2089, 1861, 'ADAPTADOR USB A BLUETOOTH ', 1, 60000.00, '2023-04-25', 815),
(2090, 1862, 'CEL SM A23', 1, 1500000.00, '2023-04-25', 61),
(2091, 1863, 'CEL XIA A1 PLUS DE 32GB ', 1, 650000.00, '2023-04-25', 1344),
(2092, 1864, 'XXX IPHONE 12 PRO 256GB 92%', 1, 4300000.00, '2023-04-25', 1280),
(2093, 1865, 'FUENTE DE 15AMPER', 1, 150000.00, '2023-04-25', 630),
(2094, 1866, ' X CEL IPHONE 12 DE 128GB ', 1, 4000000.00, '2023-04-25', 735),
(2095, 1867, 'DVR HIKVISION 8 DE 7100 SERIES', 1, 400000.00, '2023-04-25', 623),
(2096, 1867, 'DISCO DE 500 GB', 1, 250000.00, '2023-04-25', 628),
(2097, 1867, 'CAMARA HIKVISION DE 720P ', 1, 100000.00, '2023-04-25', 621),
(2098, 1867, 'CAMARA HIKVISION DE 1080P', 3, 150000.00, '2023-04-25', 382),
(2099, 1867, 'FUENTE DE 5 AMPER', 1, 80000.00, '2023-04-25', 1193),
(2100, 1868, 'CEL SM A04 S 64 GB', 1, 1000000.00, '2023-04-26', 537),
(2101, 1869, 'CEL A13 DE 64GB ', 1, 1120000.00, '2023-04-26', 1088),
(2102, 1869, 'CEL A04 E 32 GB', 3, 650000.00, '2023-04-26', 536),
(2103, 1869, 'XXX CEL IPHONE 8 PLUS 256 GB', 1, 2100000.00, '2023-04-26', 532),
(2104, 1870, 'CARGADOR ECOPOWER NORMAL', 1, 25000.00, '2023-04-26', 123),
(2105, 1871, 'TV BRISA DE 19', 2, 700000.00, '2023-04-26', 1339),
(2106, 1872, 'TV BRISA DE 19', 1, 700000.00, '2023-04-26', 1339),
(2107, 1873, 'PLACA INFLARROJA BELO', 1, 200000.00, '2023-04-26', 1091),
(2108, 1874, 'CARGADOR IPHONE XS MAX ORIGINAL', 1, 100000.00, '2023-04-26', 509),
(2109, 1875, 'CARGADOR ECOPOWER NORMAL', 1, 25000.00, '2023-04-26', 123),
(2110, 1876, 'CARGADOR PARA AUTO CON CABLE  ECOPOWER ', 1, 25000.00, '2023-04-26', 269),
(2111, 1877, 'CEL XIA A1 PLUS DE 32GB ', 1, 700000.00, '2023-04-26', 1344),
(2112, 1878, 'CEL A13 DE 64GB ', 1, 1250000.00, '2023-04-26', 1088),
(2113, 1879, 'NEBULIZADOR MEGA STAR 220V ', 1, 250000.00, '2023-04-26', 1365),
(2114, 1880, 'CEL XIA A1 PLUS DE 32GB ', 1, 750000.00, '2023-04-27', 1344),
(2115, 1881, 'X CEL XIA NOTE 8 DE 64GB ', 1, 800000.00, '2023-04-27', 1036),
(2116, 1882, 'LAVARROPA AUTOMATICO JAM 6KG', 1, 1850000.00, '2023-04-27', 310),
(2117, 1883, 'CEL SM  A14 DE 128GB 4RAM', 1, 1450000.00, '2023-04-27', 1159),
(2118, 1884, 'TERMO TANQUE TOKI0 50L', 1, 1005000.00, '2023-04-27', 1216),
(2119, 1885, 'MASAJEADOR MUSCULAR DE 12 CABEZA ', 1, 250000.00, '2023-04-27', 525);
INSERT INTO `detalleventa` (`idDetalleVenta`, `idV`, `nombreProducto`, `cantidadV`, `precio`, `fecha`, `idArticulo`) VALUES
(2120, 1886, 'CEL IPHONE 13 PRO DE 256GB SEMI EN CAJA', 1, 6000000.00, '2023-04-27', 1417),
(2121, 1887, 'XX SAM  A52 DE 128GB', 1, 1300000.00, '2023-04-28', 932),
(2122, 1888, 'AUTO RADIO ECOPOWER EP-602', 1, 150000.00, '2023-04-28', 308),
(2123, 1889, 'X CEL POCO M3 128 GB ', 1, 1100000.00, '2023-04-28', 235),
(2124, 1890, 'JARRA ELECTRICA KLD-122', 1, 70000.00, '2023-04-28', 101),
(2125, 1891, 'PENDRIVE SANDISK DE 16gb', 1, 30000.00, '2023-04-28', 73),
(2126, 1892, 'SECA PELO GAMA BRILLANT ', 1, 300000.00, '2023-04-28', 665),
(2127, 1893, 'CEL A13 DE 64GB ', 1, 1200000.00, '2023-04-28', 1088),
(2128, 1894, 'RADIO ECOPOWER EP-F18E ', 1, 100000.00, '2023-04-28', 1151),
(2129, 1895, 'AUTO RADIO ECOPOWER PE-7000', 1, 400000.00, '2023-04-28', 309),
(2130, 1896, 'HORNO ELECTRICO DE 55LITROS ', 1, 600000.00, '2023-04-28', 1114),
(2131, 1896, 'TV KOLKE DE 32', 1, 1100000.00, '2023-04-28', 52),
(2132, 1896, 'SOPORTE DE TV FIJO ', 1, 100000.00, '2023-04-28', 158),
(2133, 1897, 'PLANCHA MEGA STAR CLASICA ', 1, 150000.00, '2023-04-28', 1074),
(2134, 1898, 'SECADOR NEGRO MEGA STAR SC226', 1, 200000.00, '2023-04-28', 873),
(2135, 1898, 'AUTO RADIO ROADSTAR ', 1, 150000.00, '2023-04-28', 1258),
(2136, 1899, 'SOPORTE DE TV FIJO ', 1, 100.00, '2023-04-28', 158),
(2137, 1900, 'AURICULAR XIAOMI AIRDOTS', 1, 150000.00, '2023-04-28', 118),
(2138, 1901, 'AMPLIFICADOR CAFINI DE 34-500', 1, 1100000.00, '2023-04-29', 255),
(2139, 1902, 'DISCO DE 500 GB', 1, 300000.00, '2023-04-29', 628),
(2140, 1903, 'MOUSE INHALAMBRICO SATELLITE 72G', 1, 70000.00, '2023-04-29', 829),
(2141, 1904, 'RADIO ECOPOWER EP-F91B', 1, 120000.00, '2023-04-29', 1018),
(2142, 1905, 'XXX IPHONE 13 NORMAL DE 128GB 90%', 1, 4800000.00, '2023-04-29', 1188),
(2143, 1906, 'CEL A13 DE 64GB ', 1, 1250000.00, '2023-04-29', 1088),
(2144, 1907, 'CENTRIFUGADORA TOKIO DE 15 KG', 1, 750000.00, '2023-04-29', 1040),
(2145, 1908, 'ASPIRADORA MOX ', 1, 640000.00, '2023-04-29', 1317),
(2146, 1909, 'X CEL XIA 9C 128GB 4RAM ', 1, 850000.00, '2023-04-29', 120),
(2147, 1910, 'XX CEL SM A12 DE 64GB', 1, 750000.00, '2023-04-29', 78),
(2148, 1911, 'CEL REDMI 10A DE 128GB 4RAM', 1, 1200000.00, '2023-04-29', 1237),
(2149, 1912, 'XXX CEL IPHONE 11 PRO 64 GB', 1, 300000.00, '2023-04-30', 529),
(2150, 1913, 'AUTORRADIO PIONEER CON BLUETOOTH MVH-S215BT', 1, 600000.00, '2023-05-01', 206),
(2151, 1914, 'XXX IPHONE 11 DE 256G 84%', 1, 3000000.00, '2023-05-01', 1393),
(2152, 1915, 'CARGADOR SAMSUNG S20 TIPO C CAJA NEGRO', 1, 70000.00, '2023-05-02', 825),
(2153, 1916, 'CEL XIA POCO X5 PRO 5G DE 128GB ', 1, 2400000.00, '2023-05-02', 1384),
(2154, 1917, 'XX CEL SM A12 DE 64GB', 1, 700000.00, '2023-05-02', 78),
(2155, 1918, 'BALANZA BIONICA', 1, 200000.00, '2023-05-02', 504),
(2156, 1919, 'CEL SM  A14 DE 128GB 4RAM', 1, 0.00, '2023-05-02', 1159),
(2157, 1920, 'X CEL IPHO 12 PRO 256GB%', 1, 4300000.00, '2023-05-02', 178),
(2158, 1921, 'CEL SM A04 S 64 GB', 1, 1100000.00, '2023-05-02', 537),
(2159, 1922, 'AURICULAR WIRELESS P68', 1, 150000.00, '2023-05-02', 756),
(2160, 1923, 'CEL A04 E 32 GB', 1, 0.00, '2023-05-02', 536),
(2161, 1924, 'JARRA ELECTRICA GT ', 1, 70000.00, '2023-05-02', 832),
(2162, 1925, 'CAMARA ROBOTICA ', 1, 350000.00, '2023-05-02', 100),
(2163, 1926, 'CEL SM a03 32 gb', 2, 800000.00, '2023-05-03', 60),
(2164, 1926, 'CEL A04 E 32 GB', 2, 720000.00, '2023-05-03', 536),
(2165, 1926, 'CEL MOTO E30 DE 32GB ', 1, 750000.00, '2023-05-03', 1343),
(2166, 1926, 'XIAOMI A2 PLUS DE 32GB 2RAM ', 1, 700000.00, '2023-05-03', 1160),
(2167, 1926, 'X CEL J7 NEO', 1, 550000.00, '2023-05-03', 1421),
(2168, 1927, 'CARGADOR SAMSUNG S20 TIPO C CAJA NEGRO', 1, 70000.00, '2023-05-03', 825),
(2169, 1928, 'COCINA JAM A GAS ESTANDAR 4H ', 1, 49000.00, '2023-05-03', 1206),
(2170, 1929, 'XXX IPHONE 11 PRO MAX DE 64GB 86%', 1, 3600000.00, '2023-05-03', 1181),
(2171, 1930, 'CEL A04 E 32 GB', 3, 650000.00, '2023-05-03', 536),
(2172, 1931, 'XX SAMSUNG S22 ULTRA 256GB', 1, 0.00, '2023-05-03', 1239),
(2173, 1932, 'AUTORRADIO PIONEER CON BLUETOOTH MVH-S215BT', 1, 650000.00, '2023-05-03', 206),
(2174, 1933, 'REPETIDOR DE SINAL WI-FI CON ANTENA TL-WA855RE', 1, 200000.00, '2023-05-03', 869),
(2175, 1934, 'PLANCHA MEGA STAR CLASICA ', 1, 150000.00, '2023-05-03', 1074),
(2176, 1935, 'CONTROL PARA PLAY 4 CON DISEÑO', 1, 200000.00, '2023-05-03', 207),
(2177, 1935, 'CONTROL PARA PLAY 4 NEGRO ', 1, 200000.00, '2023-05-03', 822),
(2178, 1936, 'MOUSE  OPTICO SATE CON CABLE', 1, 50000.00, '2023-05-03', 820),
(2179, 1937, 'PLACA INFLARROJA BELO', 1, 250000.00, '2023-05-03', 1091),
(2180, 1938, 'TV SM DE 32', 1, 1500000.00, '2023-05-03', 50),
(2181, 1939, 'ZTE BLADE A51', 1, 500000.00, '2023-05-03', 1422),
(2182, 1940, 'S 23 NORMAL DE 128GB 8 RAM', 1, 5500000.00, '2023-05-04', 1232),
(2183, 1941, 'LAVARROPA JAM A PALETA', 1, 700000.00, '2023-05-04', 576),
(2184, 1942, 'TERMITO FLIP', 1, 150000.00, '2023-05-04', 924),
(2185, 1943, 'CENTRIFUGADORA TOKIO DE 15 KG', 1, 800.00, '2023-05-04', 1040),
(2186, 1944, 'VENTILADOR DE PIE BRIZA NARANJADO', 1, 170000.00, '2023-05-04', 72),
(2187, 1945, 'CENTRIFUGADORA TOKIO DE 15 KG', 1, 800.00, '2023-05-04', 1040),
(2188, 1946, 'CINTA LED SMART A WIFI', 1, 150000.00, '2023-05-04', 1243),
(2189, 1947, 'CEL NOKIA 106', 1, 150000.00, '2023-05-04', 307),
(2190, 1948, 'CINTA LED SMART A WIFI', 1, 150000.00, '2023-05-04', 1243),
(2191, 1949, 'X CEL S23 PLUS DE 256GB 8RAM ', 1, 4700000.00, '2023-05-05', 1412),
(2192, 1950, 'XXX IPHONE 11 DE 64GB 86%', 1, 2500000.00, '2023-05-05', 1176),
(2193, 1951, 'FIRE TV STICK LITE ', 1, 260000.00, '2023-05-05', 555),
(2194, 1952, 'RELOJ GTS 2 ', 1, 750000.00, '2023-05-05', 1167),
(2195, 1953, 'CEL A13 DE 64GB ', 1, 1200000.00, '2023-05-05', 1088),
(2196, 1954, 'CEL A13 DE 64GB ', 1, 1200000.00, '2023-05-05', 1088),
(2197, 1955, 'XX SAM A53 5G DE 128BG', 1, 1900000.00, '2023-05-05', 933),
(2198, 1956, 'XXX IPHONE 11 DE 256GB 87%', 1, 0.00, '2023-05-05', 1392),
(2199, 1957, 'CAMARA HIKVISION DE 1080P', 2, 150000.00, '2023-05-05', 382),
(2200, 1958, 'CEL SAM A72 DE 128 GB ', 1, 2000000.00, '2023-05-05', 942),
(2201, 1959, 'SAMSUNG A 34 5G 128GB ', 1, 2600000.00, '2023-05-05', 1283),
(2202, 1960, 'XX SM A02 DE 32GB ', 1, 700000.00, '2023-05-06', 1465),
(2203, 1961, 'CENTRIFUGADORA TOKIO DE 15 KG', 1, 800.00, '2023-05-06', 1040),
(2204, 1962, 'XXX CEL IPHONE XR 128 GB', 1, 2400000.00, '2023-05-06', 534),
(2205, 1963, 'CEL A13 DE 64GB ', 1, 0.00, '2023-05-06', 1088),
(2206, 1964, 'CEL SM  A14 DE 128GB 4RAM', 1, 1400000.00, '2023-05-06', 1159),
(2207, 1965, 'ANTENA DIGITAL DE TV BIGSTAR', 1, 50000.00, '2023-05-06', 147),
(2208, 1966, 'XXX IPHONE 14 NORMAL DE 128GB 100%', 1, 5800000.00, '2023-05-06', 1462),
(2209, 1967, 'TV BRISA DE 24 ', 1, 850000.00, '2023-05-06', 1338),
(2210, 1968, 'XXX CEL IPHONE 11 PRO 64 GB', 1, 3100000.00, '2023-05-06', 529),
(2211, 1970, 'HELADERA JAM DE 300L 2 PUERTA', 1, 1850000.00, '2023-05-06', 497),
(2212, 1971, 'JARRA ELECTRICA GT ', 1, 70000.00, '2023-05-06', 832),
(2213, 1972, 'AURICULAR LUO JB930', 1, 100000.00, '2023-05-06', 1247),
(2214, 1973, 'FIRE TV STICK LITE ', 1, 350000.00, '2023-05-06', 555),
(2215, 1974, 'CEL A13 DE 64GB ', 1, 1250000.00, '2023-05-06', 1088),
(2216, 1975, 'LAVARROPA JAM A PALETA', 1, 750000.00, '2023-05-06', 576),
(2217, 1976, 'X CEL REDMI 10C DE 64 GB 4 DE RAM ', 1, 700000.00, '2023-05-06', 1382),
(2218, 1977, 'XXX IPHONE 11 DE 64GB 89%', 1, 2500000.00, '2023-05-06', 1394),
(2219, 1978, 'CEL REDMI 10A', 1, 750000.00, '2023-05-08', 709),
(2220, 1978, 'CEL A13 DE 64GB ', 1, 1150000.00, '2023-05-08', 1088),
(2221, 1978, 'CEL NOKIA C01 PLUS', 1, 600000.00, '2023-05-08', 1218),
(2222, 1978, 'CEL SM A04 4 RAM Y 64GB', 1, 900000.00, '2023-05-08', 213),
(2223, 1978, 'CEL SM  A14 DE 128GB 4RAM', 1, 1200000.00, '2023-05-08', 1159),
(2224, 1978, 'CEL SM A04 S 64 GB', 1, 1000000.00, '2023-05-08', 537),
(2225, 1978, 'CEL NOKIA 106', 1, 120000.00, '2023-05-08', 307),
(2226, 1979, 'CEL NOKIA C01 PLUS', 1, 60000.00, '2023-05-08', 1218),
(2227, 1980, 'HORNO JAM DE 42 LITROS', 1, 650000.00, '2023-05-08', 962),
(2228, 1981, 'COCINA A GAS JAM EVA TOP GLAS 4HB NEGRO O CON LUZ EN EL HORNO ', 1, 1100000.00, '2023-05-08', 1433),
(2229, 1982, 'TV JAM DE 32', 1, 0.00, '2023-05-08', 49),
(2230, 1983, 'COCINA JAM A GAS ESTANDAR 4H ', 1, 700000.00, '2023-05-08', 1206),
(2231, 1983, 'LAVARROPA JAM A PALETA', 1, 680000.00, '2023-05-08', 576),
(2232, 1984, 'PAVA ELECTRICA 1.8L', 1, 60000.00, '2023-05-08', 1476),
(2233, 1985, 'MICROONDAS JAM DE 20L MOD AG720C3D DIGITAL', 1, 780000.00, '2023-05-08', 1202),
(2234, 1986, 'PLANCHA SECA SOLIDA TOKYO', 1, 150000.00, '2023-05-08', 1016),
(2235, 1987, 'IMPRESORA EPSON CON WIFI L3250', 1, 1650000.00, '2023-05-08', 875),
(2236, 1988, 'CENTRIFUGADORA JAM DE 55KG', 1, 650000.00, '2023-05-08', 1204),
(2237, 1989, 'CARGADOR PARA IPHONE ORIGINAL DE 50W', 1, 120000.00, '2023-05-09', 953),
(2238, 1990, 'CENTRIFUGADORA WANKE', 1, 600000.00, '2023-05-09', 1113),
(2239, 1991, 'CORTA PELO YM-800A', 1, 150000.00, '2023-05-09', 1323),
(2240, 1992, 'CORTA PELO YM-800A', 1, 150000.00, '2023-05-09', 1323),
(2241, 1993, 'CEL SM a03 32 gb', 1, 700000.00, '2023-05-09', 60),
(2242, 1994, 'ANTENA DIGITAL DE TV BIGSTAR', 1, 50000.00, '2023-05-09', 147),
(2243, 1995, 'FIRE TV STICK LITE ', 1, 350000.00, '2023-05-09', 555),
(2244, 1996, 'HELADERA JAM DE 300L 2 PUERTA', 1, 0.00, '2023-05-09', 497),
(2245, 1997, 'XX CEL SM A12 DE 64GB', 1, 800000.00, '2023-05-09', 78),
(2246, 1998, 'CARGADOR SAMSUNG S20 TIPO C CAJA NEGRO', 1, 60000.00, '2023-05-09', 825),
(2247, 1999, 'PAVA ELECTRICA 1.8L', 1, 60000.00, '2023-05-09', 1476),
(2248, 2000, 'AURICULAR LUO K123', 1, 100000.00, '2023-05-09', 1248),
(2249, 2001, 'HORNO JAM DE 50LITROS ', 1, 800000.00, '2023-05-10', 1429),
(2250, 2002, 'IMPRESORA EPSON CON WIFI L3250', 1, 1750000.00, '2023-05-10', 875),
(2251, 2003, 'PIZZA PAN', 1, 250000.00, '2023-05-10', 116),
(2252, 2004, 'TV JAM DE 32', 1, 1350000.00, '2023-05-10', 49),
(2253, 2005, 'IMPRESORA EPSON L3210', 1, 1450000.00, '2023-05-10', 874),
(2254, 2006, 'CEL REDMI 10A', 1, 850000.00, '2023-05-10', 709),
(2255, 2007, 'HORNO JAM DE 60LITROS', 1, 950000.00, '2023-05-10', 1432),
(2256, 2008, 'TV SAMSUNG DE 32 ', 1, 0.00, '2023-05-10', 1479),
(2257, 2009, 'JARRA ELECTRICA KLD-122', 1, 70000.00, '2023-05-10', 101),
(2258, 2010, 'RELOJ GLIFO 8 ULTRA ', 1, 300000.00, '2023-05-10', 1168),
(2259, 2011, 'CEL IPHONE 14 PRO MAX  128gb', 1, 9000000.00, '2023-05-10', 545),
(2260, 2012, 'XXX IPHONE 11 PRO MAX DE 64GB 81%- 82% ', 1, 0.00, '2023-05-11', 1183),
(2261, 2013, 'BALANZA SIN BRAZO QUANTA', 1, 200000.00, '2023-05-11', 1213),
(2262, 2014, 'XXX CEL IPHONE 8 PLUS DE 64GB 100%', 1, 1500000.00, '2023-05-11', 533),
(2263, 2015, 'CEL A13 DE 64GB ', 2, 0.00, '2023-05-11', 1088),
(2264, 2016, 'BEBEDERO MOX ', 1, 450000.00, '2023-05-11', 1129),
(2265, 2017, 'CONTROL UNIVERSAL PARA AIRE ECOPOWER ', 1, 50000.00, '2023-05-11', 835),
(2266, 2018, 'VENTILADOR DE PIE BRIZA NARANJADO', 1, 180000.00, '2023-05-11', 72),
(2267, 2019, 'XXCEL SAM A32 DE 128GB ', 1, 0.00, '2023-05-11', 88),
(2268, 2020, 'X CEL J7 NEO', 1, 500000.00, '2023-05-11', 1421),
(2269, 2021, 'AURICULAR XIAOMI EARBUDS BASIC2 INALAMBRICO', 1, 200000.00, '2023-05-11', 1092),
(2270, 2022, 'CEL SM  A14 DE 128GB 4RAM', 1, 1400000.00, '2023-05-11', 1159),
(2271, 2023, 'BALANZA SIN BRAZO QUANTA', 1, 200000.00, '2023-05-11', 1213),
(2272, 2024, 'XX SM A13 DE 64GB 4RAM', 1, 800000.00, '2023-05-11', 1487),
(2273, 2025, 'TV SAMSUNG DE 43 ', 1, 3300000.00, '2023-05-11', 1478),
(2274, 2026, 'XXX CEL IPHONE 11 DE 128GB 91%  ', 1, 3000000.00, '2023-05-12', 1389),
(2275, 2026, 'CEL IPHONE 14 PRO DE 256GB', 1, 9000000.00, '2023-05-12', 968),
(2276, 2027, 'HERVIDORA JAM DE 1.7LITROS BLANCA MOD.CK1011', 1, 100000.00, '2023-05-12', 1443),
(2277, 2028, 'XX SM A13 DE 64GB 4RAM', 1, 0.00, '2023-05-12', 1487),
(2278, 2029, 'TV JAM 32 LED', 1, 900000.00, '2023-05-12', 1440),
(2279, 2030, 'CENTRIFUGADORA TOKIO DE 15 KG', 1, 750000.00, '2023-05-12', 1040),
(2280, 2031, 'MICROONDAS JAM DE 25L MOD AM925AKN DIGITAL', 1, 700000.00, '2023-05-12', 1203),
(2281, 2032, 'CENTRIFUGADORA TOKIO DE 15 KG', 1, 750000.00, '2023-05-12', 1040),
(2282, 2033, 'JARRA ELECTRICA KLD-122', 1, 80000.00, '2023-05-12', 101),
(2283, 2034, 'CEL A04 E 32 GB', 1, 900000.00, '2023-05-12', 536),
(2284, 2035, 'CALCULADORA CINTIFICA 82PLUS', 1, 130000.00, '2023-05-13', 1014),
(2285, 2036, 'AURICULAR INALAMBRICO I7 MINI', 1, 50000.00, '2023-05-13', 1490),
(2286, 2037, 'CABLE ECOPOWER TIPO C A TIPO C', 1, 20000.00, '2023-05-13', 562),
(2287, 2038, 'CARGADOR PARA IPHONE DE 20W', 1, 100000.00, '2023-05-13', 955),
(2288, 2039, 'AURICULAR INALAMBRICO JBL T280', 1, 200000.00, '2023-05-13', 1459),
(2289, 2040, 'CEL LG Q6 ', 1, 700000.00, '2023-05-13', 521),
(2290, 2041, 'JBL FLIP ESSENTIAL2', 1, 650000.00, '2023-05-13', 966),
(2291, 2042, 'CARGADOR ORIGINAL DE IPHONE DE 20W Y 25W ', 1, 100000.00, '2023-05-13', 193),
(2292, 2043, 'CARGADOR PARA IPHONE DE 20W', 1, 100000.00, '2023-05-13', 955),
(2293, 2044, 'CARGADOR PARA IPHONE DE 20W', 1, 100000.00, '2023-05-13', 955),
(2294, 2045, 'BALANZA CON BRAZO QUANTA', 1, 250000.00, '2023-05-13', 1212),
(2295, 0, 'CEL REDMI 10A', 1, 850000.00, '2023-05-13', 709),
(2296, 0, 'XIAOMI A2 PLUS DE 32GB 2RAM ', 1, 700000.00, '2023-05-13', 1160),
(2297, 0, 'CEL A13 DE 64GB ', 1, 1200000.00, '2023-05-13', 1088),
(2298, 0, 'CEL SM A03 CORE', 1, 700000.00, '2023-05-13', 28),
(2299, 0, 'CEL SM A04 4 RAM Y 32 GB', 1, 780000.00, '2023-05-13', 323),
(2300, 2046, 'PLANCHITA BABYLISS PRO', 1, 350000.00, '2023-05-13', 973),
(2301, 2047, 'TELEFONO MEGA STAR FT308', 1, 80000.00, '2023-05-13', 552),
(2302, 2048, 'FUENTE DE 10AMPER ', 1, 0.00, '2023-05-13', 262),
(2303, 2049, 'PLACA INFRARROJA MEGA STAR ', 1, 0.00, '2023-05-13', 1121),
(2304, 2050, 'MICROONDAS MEGA STAR', 1, 700000.00, '2023-05-13', 1368),
(2305, 2051, 'XXX IPHONE 11 PRO MAX DE 64GB 81%- 82% ', 1, 3500000.00, '2023-05-13', 1183),
(2306, 2052, 'PAVA ELECTRICA 1.8L', 1, 50000.00, '2023-05-13', 1476),
(2307, 2054, 'LICUADORA TOKYO', 1, 250000.00, '2023-05-14', 108),
(2308, 2055, 'X CEL J7 NEO', 1, 400000.00, '2023-05-14', 1421),
(2309, 2056, 'SAMSUNG A 34 5G 128GB ', 1, 2300000.00, '2023-05-14', 1283),
(2310, 2057, 'CARGADOR ECOPOWER CON DOS SALIDA', 1, 30000.00, '2023-05-14', 618),
(2311, 2058, 'CENTRIFUGADORA TOKIO DE 15 KG', 1, 750.00, '2023-05-14', 1040),
(2312, 2059, 'MICROONDAS TOKIO 20 LITROS', 1, 700000.00, '2023-05-14', 857),
(2313, 2060, 'TABLETA GALAXI TAB A6', 1, 700000.00, '2023-05-14', 592),
(2314, 2061, 'HORNO JAM DE 42 LITROS', 1, 750000.00, '2023-05-14', 962),
(2315, 2062, 'HIDROLAVADORA MICHELIN', 1, 950000.00, '2023-05-14', 1010),
(2316, 2063, 'PIZZERA ELECTRA 220V', 1, 250000.00, '2023-05-14', 1363),
(2317, 2064, 'CARGADOR XIAOMI TIPO C ORIGINAL', 1, 0.00, '2023-05-14', 124),
(2318, 2065, 'CEL A13 DE 64GB ', 1, 1250000.00, '2023-05-14', 1088),
(2319, 2066, 'LAVARROPA JAM A PALETA', 1, 700000.00, '2023-05-14', 576),
(2320, 2067, 'CEL NOKIA 106', 1, 120000.00, '2023-05-15', 307),
(2321, 2068, 'MOTOROLA E DE 64GB', 1, 800000.00, '2023-05-15', 1496),
(2322, 2069, 'PAVA ELECTRICA 1.8L', 1, 70000.00, '2023-05-15', 1476),
(2323, 2069, 'PIZZA PAN', 1, 250000.00, '2023-05-15', 116),
(2324, 2070, 'X CEL J7 NEO', 1, 500000.00, '2023-05-15', 1421),
(2325, 2071, 'CEL NOKIA 106', 1, 130000.00, '2023-05-15', 307),
(2326, 2072, 'LICUADORA MONDIAL', 1, 250000.00, '2023-05-15', 564),
(2327, 2073, 'MASAJEADOR MUSCULAR DE 12 CABEZA ', 1, 250000.00, '2023-05-15', 525),
(2328, 2074, 'CORTA PELO ECOPOWER ', 1, 200000.00, '2023-05-15', 1093),
(2329, 2075, 'HORNO JAM DE 60LITROS', 1, 1000000.00, '2023-05-15', 1432),
(2330, 2076, 'PIZZERA ELECTRA 220V', 1, 250000.00, '2023-05-15', 1363),
(2331, 2077, 'XIAOMI A2 PLUS DE 32GB 2RAM ', 1, 650000.00, '2023-05-15', 1160),
(2332, 2078, 'CEL SM A53 5G', 1, 2800000.00, '2023-05-15', 146),
(2333, 2079, 'COCINA NAFE DE 4 HORNALLA  ATLAS', 1, 700000.00, '2023-05-15', 1418),
(2334, 2080, 'PAVA ELECTRICA 1.8L', 1, 60000.00, '2023-05-15', 1476),
(2335, 2081, 'SOPORTE PARA AUTO ', 1, 50000.00, '2023-05-16', 1055),
(2336, 2082, 'XX CEL A51 128GB 4RAM', 1, 950000.00, '2023-05-16', 169),
(2337, 2083, 'MODEN RUTER TP-LINK TL-WR840N', 1, 200000.00, '2023-05-16', 865),
(2338, 2084, 'X NOTE 8 PRO DE 128GB ', 1, 800000.00, '2023-05-16', 1485),
(2339, 2085, 'X CEL J7 NEO', 1, 500000.00, '2023-05-16', 1421),
(2340, 2086, 'LICUADORA TOKYO', 1, 250000.00, '2023-05-16', 108),
(2341, 2087, 'X NOTE 11 PRO DE 128GB ', 1, 1400000.00, '2023-05-16', 1483),
(2342, 2088, 'XX CEL A50 64GB', 1, 950000.00, '2023-05-17', 1082),
(2343, 2089, 'CEL SM A03 64GB', 1, 900000.00, '2023-05-17', 60),
(2344, 2090, 'CEL SM A03 64GB', 1, 800000.00, '2023-05-17', 60),
(2345, 2091, 'FIRE TV STICK LITE ', 1, 350000.00, '2023-05-17', 555),
(2346, 2092, 'PLACA INFRARROJA MEGA STAR ', 1, 250000.00, '2023-05-17', 1121),
(2347, 2092, 'JARRA ELECTRICA KLD-122', 1, 80000.00, '2023-05-17', 101),
(2348, 2093, 'TV JAM DE 32', 1, 1350000.00, '2023-05-17', 49),
(2349, 2094, 'TOMA PRECION ECOPOWER', 1, 130000.00, '2023-05-17', 1289),
(2350, 2095, 'CEL A13 DE 64GB ', 1, 1200000.00, '2023-05-17', 1088),
(2351, 2096, 'CEL SM A03 64GB', 1, 900000.00, '2023-05-17', 60),
(2352, 2097, 'CEL IPHONE 14 PRO MAX  128gb', 1, 0.00, '2023-05-17', 545),
(2353, 2098, 'XX CEL SM S23 ULTRA DE 256GB', 1, 7000000.00, '2023-05-17', 1512),
(2354, 2099, 'AUTORADIO ECOPOWER EP-617', 1, 150000.00, '2023-05-18', 1467),
(2355, 2100, 'BALANZA SIN BRAZO QUANTA', 1, 250000.00, '2023-05-18', 1213),
(2356, 2101, 'CEL XIA 9C DE 64GB ', 1, 950000.00, '2023-05-18', 1099),
(2357, 2102, 'XX SAM  A52 DE 128GB', 1, 1500000.00, '2023-05-18', 932),
(2358, 2103, 'PARLANTE PIONER 6X9 450 WHAT', 1, 450000.00, '2023-05-18', 847),
(2359, 2104, 'CEL SM A03 64GB', 1, 0.00, '2023-05-18', 60),
(2360, 2105, 'CEL A04 E 32 GB', 1, 850000.00, '2023-05-18', 536),
(2361, 2106, 'NEBULIZADOR CON COMPRESOR MEGA STAR', 1, 250000.00, '2023-05-19', 1111),
(2362, 2107, 'PLACA INFRARROJA MEGA STAR ', 1, 250000.00, '2023-05-19', 1121),
(2363, 2108, 'CEL SM A04 4 RAM Y 32 GB', 1, 0.00, '2023-05-19', 323),
(2364, 2108, 'CEL A04 E 32 GB', 2, 0.00, '2023-05-19', 536),
(2365, 2109, 'XXX IPHONE 11 PRO MAX DE 64GB 94%', 1, 3000000.00, '2023-05-19', 1180),
(2366, 2110, 'PLANCHA SECA SOLIDA TOKYO', 1, 150000.00, '2023-05-19', 1016),
(2367, 2111, 'CEL SM A14 5G 4RAM 128GB', 1, 1300000.00, '2023-05-19', 1498),
(2368, 2112, 'CEL SM  A14 DE 128GB 4RAM', 1, 1400000.00, '2023-05-19', 1159),
(2369, 2113, 'PARLANTE 2X10 MEGA STAR', 1, 1000000.00, '2023-05-19', 1359),
(2370, 2114, 'MICROFONO SHURE  MULTI-PURPOSE  ', 1, 350000.00, '2023-05-19', 960),
(2371, 2115, 'XXX IPHONE 13 PRO MAX DE 128GB 98%', 1, 6500000.00, '2023-05-19', 1514),
(2372, 2116, 'CORTA PELO REMIGTON M808A ', 1, 250000.00, '2023-05-20', 659),
(2373, 2117, 'LAVARROPA JAM A PALETA', 1, 700000.00, '2023-05-20', 576),
(2374, 2118, 'REPETIDOR DE WIFITP LINK TL-WA850RE', 1, 220000.00, '2023-05-20', 313),
(2375, 2119, 'RELOJ GLIFO 8 ', 1, 300000.00, '2023-05-20', 1172),
(2376, 2119, 'CEL SM A54 5G DE 128GB 6RAM', 1, 2800000.00, '2023-05-20', 1464),
(2377, 2119, 'AURICULAR XIAOMI BUDS 3 LITE ', 1, 200000.00, '2023-05-20', 596),
(2378, 2120, 'CEL SAMSUNG M13 DE 128GB ', 1, 1400000.00, '2023-05-20', 1061),
(2379, 2121, 'XX CEL SM NOTE 20 ULTRA DE 128GB', 1, 3000000.00, '2023-05-20', 1536),
(2380, 2122, 'AURICULAR SAMSUNG TIPO C', 1, 50000.00, '2023-05-20', 1089),
(2381, 2123, 'JBL FLIP ESSENTIAL2', 1, 750000.00, '2023-05-20', 966),
(2382, 2124, 'DISCO SOLIDO', 1, 200000.00, '2023-05-20', 1424),
(2383, 2125, 'XXX IPHONE XR 128GB 90%', 1, 0.00, '2023-05-20', 1222),
(2384, 2126, 'ESTEREO NAPOLI 7968 DIGITAL', 1, 1200000.00, '2023-05-20', 1095),
(2385, 2127, 'CEL SM A54 5G DE 128GB 6RAM', 1, 2900000.00, '2023-05-22', 1464),
(2386, 2128, 'XXX IPHONE XR DE 128GB 94%', 1, 2250000.00, '2023-05-22', 1217),
(2387, 2129, 'XX CEL SM A13 DE 32GB', 1, 950000.00, '2023-05-22', 1533),
(2388, 2130, 'CAFETERA FAMA ', 1, 250000.00, '2023-05-22', 106),
(2389, 2131, 'PAVA ELECTRICA 1.8L', 1, 45000.00, '2023-05-22', 1476),
(2390, 2132, 'XX CEL A04S DE 64GB ', 1, 800000.00, '2023-05-22', 1414),
(2391, 2133, 'TV AIWA DE 32', 1, 1400000.00, '2023-05-22', 51),
(2392, 2134, 'CEL SM A14 5G 4RAM 128GB', 1, 1350.00, '2023-05-22', 1498),
(2393, 2134, 'XX CEL SM NOTE 20 ULTRA DE 128GB', 1, 1800000.00, '2023-05-22', 1536),
(2394, 2135, 'NEBULIZDOR TOKYO FRESH AIR', 1, 300000.00, '2023-05-22', 1112),
(2395, 2136, 'CONTROL PARA PLAY 3 CON Y SIN DISEÑO', 1, 80000.00, '2023-05-22', 208),
(2396, 2137, 'HORNO ELECTRICO DE 55LITROS ', 1, 650000.00, '2023-05-22', 1114),
(2397, 2138, 'XX CEL SM S23 ULTRA DE 256GB', 1, 0.00, '2023-05-22', 1539),
(2398, 2139, 'JBL PARTY BOX 310', 1, 3200000.00, '2023-05-22', 1385),
(2399, 2140, 'XX CEL SM S22 PLUS 256GB', 1, 0.00, '2023-05-22', 1503),
(2400, 2141, 'DISCO DE 500 GB', 1, 200000.00, '2023-05-23', 628),
(2401, 2142, ' PARLANTE MEGA STAR HYJ1406BTA', 1, 100000.00, '2023-05-23', 57),
(2402, 2143, 'HERVIDORA JAM DE VIDRIO 1.7L PARA MATE', 1, 170000.00, '2023-05-23', 70),
(2403, 2143, 'PAVA ELECTRICA 1.8L', 1, 55000.00, '2023-05-23', 1476),
(2404, 2144, 'TV SM DE 32', 1, 1600000.00, '2023-05-23', 50),
(2405, 2145, 'CARGADOR PARA IPHONE DE 20W', 1, 100000.00, '2023-05-23', 955),
(2406, 2146, 'CEL A04 E 32 GB', 1, 700000.00, '2023-05-23', 536),
(2407, 2146, 'CEL SM  A14 DE 128GB 4RAM', 1, 1300000.00, '2023-05-23', 1159),
(2408, 2147, 'MICROONDAS JAM DE 20L MOD MB720JAY ', 1, 650000.00, '2023-05-24', 1201),
(2409, 2148, 'PLACA INFRARROJA MEGA STAR ', 1, 250000.00, '2023-05-24', 1121),
(2410, 2149, 'CEL A13 DE 64GB ', 1, 1250000.00, '2023-05-24', 1088),
(2411, 2150, 'PIZZERA ELECTRA 220V', 1, 250000.00, '2023-05-24', 1363),
(2412, 2151, 'JARRA ELECTRICA KLD-122', 1, 70000.00, '2023-05-24', 101),
(2413, 2152, 'MICROFONO ECOPOWER ', 1, 150000.00, '2023-05-24', 317),
(2414, 2152, 'CEL SM A54 5G DE 128GB 6RAM', 1, 2700000.00, '2023-05-24', 1464),
(2415, 2153, 'TABLET A8 128GB ', 1, 1300000.00, '2023-05-24', 1488),
(2416, 2154, 'MOUSE  OPTICO SATE CON CABLE', 1, 50000.00, '2023-05-24', 820),
(2417, 2155, 'XX CEL SM A71 5G DE 128GB', 1, 1500000.00, '2023-05-24', 1535),
(2418, 2156, 'XX CEL SM A71 5G DE 128GB', 1, 1500000.00, '2023-05-24', 1535),
(2419, 2157, 'XX CEL SM A71 5G DE 128GB', 1, 1500000.00, '2023-05-24', 1535),
(2420, 2158, 'XX CEL SM A71 5G DE 128GB', 1, 1500000.00, '2023-05-24', 1535),
(2421, 2159, 'XX CEL SM A71 5G DE 128GB', 1, 1500000.00, '2023-05-24', 1535),
(2422, 2160, 'XX CEL SM A71 5G DE 128GB', 1, 1500000.00, '2023-05-24', 1535),
(2423, 2161, 'XXX IPHONE 11 DE 64GB 81%', 1, 0.00, '2023-05-25', 1397),
(2424, 2162, 'DISCO SOLIDO', 1, 200000.00, '2023-05-25', 1424),
(2425, 2163, 'CEL IPHONE 14 NORMAL DE 128GB', 1, 6500000.00, '2023-05-25', 969),
(2426, 2164, 'XXX CEL IPHONE XR 128GB 84%', 1, 2000000.00, '2023-05-25', 1408),
(2427, 2165, 'CALCULADORA LUO LU-636', 1, 50000.00, '2023-05-25', 1209),
(2428, 2166, ' PARLANTE MEGA STAR HYJ65BT', 1, 150000.00, '2023-05-26', 58),
(2429, 2167, 'CARGADOR ORIGINAL DE IPHONE DE 20W Y 25W ', 1, 100000.00, '2023-05-26', 193),
(2430, 2168, 'EXPANSOR USB ECOPOWER (EP-R010)', 1, 80000.00, '2023-05-26', 316),
(2431, 2169, 'JBL FLIT 5', 1, 700000.00, '2023-05-26', 66),
(2432, 2170, 'CONTROL ECOPOWER.TV-LCD-SMART EP-8610 ', 1, 50000.00, '2023-05-26', 861),
(2433, 2171, 'BALANZAS NOBEL ', 1, 180000.00, '2023-05-27', 1545),
(2434, 2172, 'RELOJ GTS 2 MINI', 1, 550000.00, '2023-05-27', 1166),
(2435, 2173, 'BALANZAS NOBEL ', 1, 180000.00, '2023-05-27', 1545),
(2436, 2174, 'RADIO ECOPOWER EP-F36', 1, 120000.00, '2023-05-27', 1144),
(2437, 2175, 'PLANCHA MEGA STAR CLASICA ', 1, 150000.00, '2023-05-27', 1074),
(2438, 2176, 'RADIO ECOPOWER EP-F83', 1, 120000.00, '2023-05-27', 1137),
(2439, 2177, 'RADIO ECOPOWER EP-2505', 1, 160000.00, '2023-05-27', 1135),
(2440, 2178, 'VENTILADOR DE PIE BRIZA NARANJADO', 1, 200000.00, '2023-05-27', 72),
(2441, 2179, 'PLAYSTATION 5', 1, 5300000.00, '2023-05-27', 604),
(2442, 2180, 'RADIO ECOPOWER EP-F83', 1, 120000.00, '2023-05-27', 1137),
(2443, 2181, 'CAMARA HIKVISION DE 1080P CON AUDIO', 1, 300000.00, '2023-05-27', 619),
(2444, 2182, 'LAVARROPA JAM A PALETA', 1, 700000.00, '2023-05-27', 576),
(2445, 2183, 'BALANZAS NOBEL ', 1, 200000.00, '2023-05-27', 1545),
(2446, 2184, 'TRIPODE MEGA STAR', 1, 150000.00, '2023-05-27', 1351),
(2447, 2185, 'CONTROL UNIVERSAL PARA TV ECOPOWER EP-8615', 1, 50000.00, '2023-05-30', 864),
(2448, 2186, 'CONTROL PARA PLAY 4 CON DISEÑO', 1, 200000.00, '2023-05-30', 207),
(2449, 2187, 'CONTROL PARA PLAY 4 CON DISEÑO', 1, 200000.00, '2023-05-30', 207),
(2450, 2188, 'CONTROL PARA PLAY 4 CON DISEÑO', 1, 200000.00, '2023-05-30', 207),
(2451, 2189, 'CEL REDMI 12C DE 128GB 4RAM ', 1, 0.00, '2023-05-30', 1342),
(2452, 2189, 'CEL SM A03 32GB', 1, 0.00, '2023-05-30', 1531),
(2453, 2189, 'CEL A04 E 32 GB', 1, 0.00, '2023-05-30', 536),
(2454, 2190, 'JBL GO 3', 1, 260.00, '2023-05-30', 661),
(2455, 2191, 'CEL IPHONE 14 PRO MAX  128gb', 1, 8100000.00, '2023-05-30', 545),
(2456, 2192, 'MICROONDAS JAM DE 20L MOD MB720JAY ', 1, 650000.00, '2023-05-30', 1201),
(2457, 2193, 'CARGADOR PARA IPHONE DE 20W', 1, 700000.00, '2023-05-30', 955),
(2458, 2194, 'CEL SM A03 64GB', 1, 0.00, '2023-05-31', 60),
(2459, 2194, 'CEL A13 DE 64GB ', 1, 0.00, '2023-05-31', 1088),
(2460, 2194, 'CEL REDMI 7 DE 16 GB ', 2, 0.00, '2023-05-31', 1542),
(2461, 2194, 'XXX CEL IPHONE 8 PLUS DE 64GB 100%', 1, 0.00, '2023-05-31', 533),
(2462, 2195, 'NOTEBOOK ASUS X515J 4RAM 128GB ', 1, 2600000.00, '2023-05-31', 1163),
(2463, 2196, 'AURICULAR INALAMBRICO JBL T280', 1, 150000.00, '2023-05-31', 1459),
(2464, 2197, 'X CEL J7 NEO', 1, 600000.00, '2023-05-31', 1421),
(2465, 2198, 'X CEL J7 NEO', 1, 550000.00, '2023-05-31', 1421),
(2466, 2199, 'SOPORTE PARA TV FUITABLE FOR 26``-55``', 1, 120000.00, '2023-05-31', 1546),
(2467, 2200, 'CEL REDMI 7 DE 16 GB ', 1, 550000.00, '2023-05-31', 1542),
(2468, 2201, 'CALCULADORA KADIO KL-1048B', 1, 70000.00, '2023-05-31', 1208),
(2469, 2202, 'XX CEL XIA RETMI 10 SIN CAJA', 1, 1100000.00, '2023-06-01', 121),
(2470, 2203, 'CEL SM A23', 1, 1500000.00, '2023-06-01', 61),
(2471, 2204, 'RADIO ECOPOWER EP-F91B', 1, 120000.00, '2023-06-01', 1018),
(2472, 2205, 'RADIO ECOPOWER S-115', 1, 3800000.00, '2023-06-01', 1303),
(2473, 2206, 'RADIO ECOPOWER S-115', 1, 380.00, '2023-06-01', 1303),
(2474, 2207, 'CONTADOR DE BILLETES QUANTA 220V', 1, 950000.00, '2023-06-01', 503),
(2475, 2208, 'LINTERNA  MAX 800', 1, 70000.00, '2023-06-01', 1245),
(2476, 2208, 'RADIO ECOPOWER EP-F36', 1, 100000.00, '2023-06-01', 1144),
(2477, 2209, 'PARLANTE 2X10 MEGA STAR', 1, 1000000.00, '2023-06-01', 1359),
(2478, 2210, 'AURICULAR INALAMBRICO I7 MINI', 1, 50000.00, '2023-06-01', 1490),
(2479, 2211, 'TERMO TANQUE TOKI0 50L', 1, 1200000.00, '2023-06-01', 1216),
(2480, 2212, 'COCINA JAM A GAS ESTANDAR 4H ', 1, 750000.00, '2023-06-01', 1206),
(2481, 2213, 'AUTORADIO ECOPOWER EP-617', 1, 200000.00, '2023-06-01', 1467),
(2482, 2214, 'CEL IPHONE 11 DE 64GB ', 1, 4000000.00, '2023-06-01', 1544),
(2483, 2215, 'X CEL REDMI NOTE 11 DE 128GB', 1, 0.00, '2023-06-01', 64),
(2484, 2216, 'BALANZA BIONICA', 1, 180000.00, '2023-06-02', 504),
(2485, 2217, 'BALANZA BIONICA', 1, 180000.00, '2023-06-02', 504),
(2486, 2218, 'COCINA JAM A GAS ESTANDAR 4H ', 1, 700000.00, '2023-06-02', 1206),
(2487, 2219, 'SOPORTE PARA TV FUITABLE FOR 26``-55``', 1, 100000.00, '2023-06-02', 1546),
(2488, 2220, 'CAMARA HIKVISION DE 1080P', 1, 180000.00, '2023-06-02', 382),
(2489, 2221, 'XX CEL SM Z FLIP 5G DE 128GB', 1, 3500000.00, '2023-06-03', 1537),
(2490, 2222, 'PLANCHITA GAMA PROFESSIONAL ', 1, 420000.00, '2023-06-03', 892),
(2491, 2223, 'LICUADORA TOKYO', 1, 250000.00, '2023-06-03', 108),
(2492, 2224, 'SOPORTE PARA TELE MEGASONIC DE 32\'\'  75\'\'', 1, 300000.00, '2023-06-03', 1062),
(2493, 2225, 'PAVA ELECTRICA 1.8L', 1, 60000.00, '2023-06-03', 1476),
(2494, 2226, 'SOPORTE PARA TV FUITABLE FOR 26``-55``', 1, 150000.00, '2023-06-03', 1546),
(2495, 2227, 'MI TV STICK', 1, 400000.00, '2023-06-03', 1556),
(2496, 2228, 'parlante para auto  mega sonic', 1, 180000.00, '2023-06-03', 911),
(2497, 2229, 'CONTADOR DE BILLETES QUANTA 220V', 1, 850000.00, '2023-06-03', 503),
(2498, 2230, 'AURICULAR INALAMBRICO I7 MINI', 1, 40000.00, '2023-06-03', 1490),
(2499, 2231, 'LAVAROPA AUTOMATICO TOKIO DE 65KG', 1, 1900000.00, '2023-06-03', 1475),
(2500, 2232, 'XXX  IPHONE 8 NORMAL 64GB 100%', 1, 1150000.00, '2023-06-03', 182),
(2501, 2233, 'AUTO RADIO ECOPOWER EP-620 4X45W', 1, 150000.00, '2023-06-05', 1527),
(2502, 2233, 'PARLANTE PIONEER 6/12 DE 280W', 1, 290000.00, '2023-06-05', 1021),
(2503, 2234, 'SECA PELO GAMA LEGGERO', 1, 480000.00, '2023-06-05', 914),
(2504, 2235, 'MICROFONO MEGA STAR CON CABLE DE 5 M', 1, 100000.00, '2023-06-05', 1380),
(2505, 2236, 'MICROFONO MEGA STAR', 1, 150000.00, '2023-06-05', 318),
(2506, 2237, 'CEL A04 E 32 GB', 1, 750000.00, '2023-06-05', 536),
(2507, 2237, 'CEL REDMI NOTE 12 128GB 4RAM', 1, 1300000.00, '2023-06-05', 1549),
(2508, 2238, 'CABLE ECOPOWER TIPO C A USB ', 1, 25000.00, '2023-06-05', 859),
(2509, 2239, 'RELOJ AMAZFIT BAND 7 ', 1, 350000.00, '2023-06-05', 559),
(2510, 2240, 'CAMARA HIKVISION DE 1080P', 1, 150000.00, '2023-06-05', 382),
(2511, 2241, 'NEBULIZADOR CON COMPRESOR MEGA STAR', 1, 250000.00, '2023-06-05', 1111),
(2512, 2242, 'CEL XIA A1 PLUS DE 32GB ', 1, 0.00, '2023-06-06', 1344),
(2513, 2242, 'CEL SM A03 64GB', 1, 0.00, '2023-06-06', 60),
(2514, 2242, 'CEL SM  A14 DE 128GB 4RAM', 1, 0.00, '2023-06-06', 1159),
(2515, 2242, 'CEL SM A04 4 RAM Y 32 GB', 1, 0.00, '2023-06-06', 323),
(2516, 2243, 'CEL SM  A14 DE 128GB 4RAM', 1, 1450000.00, '2023-06-06', 1159),
(2517, 2244, 'PAVA ELECTRICA 1.8L', 1, 0.00, '2023-06-06', 1476),
(2518, 2245, 'CONTADOR DE BILLETES QUANTA 220V', 1, 0.00, '2023-06-06', 503),
(2519, 2246, 'CEL SM  A14 DE 128GB 4RAM', 2, 1200000.00, '2023-06-06', 1159),
(2520, 2247, 'CEL SM  A14 DE 128GB 4RAM', 2, 1200000.00, '2023-06-06', 1159),
(2521, 2248, 'XX CEL SM A71 5G DE 128GB', 1, 1400000.00, '2023-06-06', 1535),
(2522, 2249, 'MEMORIA DE 16 ULTRA', 1, 45000.00, '2023-06-06', 507),
(2523, 2250, 'MEMORIA DE 16 ULTRA', 1, 45000.00, '2023-06-06', 507),
(2524, 2251, 'RADIO ECOPOWER EP-2500', 1, 150000.00, '2023-06-06', 1138),
(2525, 2252, 'CEL SM A04 S 64 GB', 1, 950000.00, '2023-06-06', 537),
(2526, 2253, 'CEL XIA NOTE 11S 6RAM DE 128 ', 1, 1500.00, '2023-06-06', 698),
(2527, 2254, 'CEL SM  A14 DE 128GB 4RAM', 1, 1230000.00, '2023-06-07', 1159),
(2528, 2255, 'BALANZA MANGO DE 10KG ', 1, 70000.00, '2023-06-07', 1292),
(2529, 2256, 'MOUSE  OPTICO SATE CON CABLE', 1, 40000.00, '2023-06-07', 820),
(2530, 2257, 'CEL REDMI 7 DE 16 GB ', 1, 600000.00, '2023-06-07', 1542),
(2531, 2258, 'TABLE GALAXI GT=P5200', 1, 750000.00, '2023-06-07', 1094),
(2532, 2259, 'SECA PELO GAMA SALON ', 1, 450000.00, '2023-06-07', 913),
(2533, 2260, 'PARLANTE KARAOKE 1 BATERIA RECARGAGLE', 1, 450000.00, '2023-06-07', 1355),
(2534, 2261, 'CARGADOR PARA IPHONE ORIGINAL DE 50W', 1, 150000.00, '2023-06-07', 953),
(2535, 2262, 'PAVA ELECTRICA 1.8L', 1, 60000.00, '2023-06-07', 1476),
(2536, 2263, 'FUENTE DE 10AMPER ', 1, 140000.00, '2023-06-08', 262),
(2537, 2264, 'CEL SM  A14 DE 128GB 4RAM', 1, 1200000.00, '2023-06-08', 1159),
(2538, 2265, 'CEL XIA NOTE 11 128GB 6RAM ', 1, 1200000.00, '2023-06-08', 1552),
(2539, 2265, 'CEL XIA 9A', 1, 550000.00, '2023-06-08', 33),
(2540, 2266, 'CEL SM A04 S 64 GB', 1, 1250000.00, '2023-06-08', 537),
(2541, 2266, 'CEL SM A04 4 RAM Y 32 GB', 1, 900000.00, '2023-06-08', 323),
(2542, 2267, 'AURICULAR SAMSUNG TIPO C', 1, 60000.00, '2023-06-08', 1089),
(2543, 2268, 'X CEL A20S DE DE 32GB ', 1, 800000.00, '2023-06-08', 998),
(2544, 2269, 'CARGADOR TIPO C SAMSUNG 35W', 1, 90000.00, '2023-06-08', 1278),
(2545, 2270, 'PAVA ELECTRICA 1.8L', 1, 60000.00, '2023-06-08', 1476),
(2546, 2271, 'CEL NOKIA 105 DOBLE SIM ', 1, 140000.00, '2023-06-08', 1563),
(2547, 2272, 'PAVA ELECTRICA 1.8L', 1, 60000.00, '2023-06-08', 1476),
(2548, 2273, 'PLANCHA BLACK DECKER  ', 1, 250000.00, '2023-06-08', 1076),
(2549, 2274, 'CARGADOR PARA IPHONE DE 25W', 1, 100000.00, '2023-06-08', 955),
(2550, 2275, 'CARGADOR DE 15VOL 2PUNTAS ', 1, 40.00, '2023-06-09', 1054),
(2551, 2276, 'CAMARA ECOPOWER EP-C025', 1, 250000.00, '2023-06-09', 1211),
(2552, 2277, 'AUTORADIO ECOPOWER EP-617', 1, 150000.00, '2023-06-09', 1467),
(2553, 2278, 'CARGADOR PARA AUTO CON CABLE  ECOPOWER ', 1, 40000.00, '2023-06-09', 269),
(2554, 2279, 'CEL SM  A14 DE 128GB 4RAM', 1, 0.00, '2023-06-09', 1159),
(2555, 2280, 'PAVA ELECTRICA 1.8L', 1, 60000.00, '2023-06-09', 1476),
(2556, 2281, 'parlante para auto  mega sonic', 1, 180000.00, '2023-06-09', 911),
(2557, 2282, 'MOTOROLA E DE 64GB', 1, 750000.00, '2023-06-09', 1496),
(2558, 2282, 'CEL REDMI 12C DE 128GB 4RAM ', 1, 1000000.00, '2023-06-09', 1342),
(2559, 2282, 'XIAOMI A2 PLUS DE 32GB 2RAM ', 1, 700000.00, '2023-06-09', 1160),
(2560, 2282, 'CEL SM A23', 1, 1500000.00, '2023-06-09', 61),
(2561, 2282, 'CEL A13 DE 64GB ', 1, 1150000.00, '2023-06-09', 1088),
(2562, 2282, 'CEL A04 E 32 GB', 1, 730000.00, '2023-06-09', 536),
(2563, 2282, 'CEL XIA 9C DE 64GB ', 1, 670000.00, '2023-06-09', 1099),
(2564, 2282, 'CEL SM A14 DE 64GB ', 1, 1050000.00, '2023-06-09', 1576),
(2565, 2282, 'CEL SM A03 CORE', 1, 670000.00, '2023-06-09', 28),
(2566, 2283, 'XXX CEL IPHONE 11 PRO 64 GB 84%', 1, 3000000.00, '2023-06-09', 529),
(2567, 2284, 'CHROMECAST ORIGINAL', 1, 300000.00, '2023-06-09', 510),
(2568, 2285, 'HORNO JAM DE 50LITROS ', 1, 800000.00, '2023-06-09', 1429),
(2569, 2286, 'CEL SM A14 DE 64GB ', 2, 1000000.00, '2023-06-10', 1576),
(2570, 2287, 'AURICULAR JBL TUNE 110', 1, 100000.00, '2023-06-10', 238),
(2571, 2288, 'CEL REDMI 7 DE 16 GB ', 1, 0.00, '2023-06-10', 1542),
(2572, 2289, 'ASPIRADORA TOKYO COMPACT FORTE810 DE 23 LITROS', 1, 700.00, '2023-06-10', 1009),
(2573, 2290, 'PIZZERA ELECTRA 220V', 1, 200000.00, '2023-06-10', 1363),
(2574, 2291, 'XXX IPHONE 14 NORMAL DE 128GB 100%', 1, 5200000.00, '2023-06-10', 1462),
(2575, 2292, 'MI TV STICK', 1, 400000.00, '2023-06-10', 1556),
(2576, 2293, 'SOPORTE PARA TV FUITABLE FOR 26``-55``', 1, 150000.00, '2023-06-10', 1546),
(2577, 2294, 'RADIO ECOPOWER EP-F106B', 1, 160000.00, '2023-06-12', 1152),
(2578, 2295, 'CARGADOR TIPO C SAMSUNG 35W', 1, 100000.00, '2023-06-12', 1278),
(2579, 2296, 'CEL SM A54 5G DE 128GB 6RAM', 1, 2600000.00, '2023-06-13', 1464),
(2580, 2297, 'XXX IPHONE 11 DE 64GB 99%', 1, 2600.00, '2023-06-13', 1197),
(2581, 2298, 'CEL REDMI 7 DE 16 GB ', 1, 550000.00, '2023-06-14', 1542),
(2582, 2299, 'X CEL HUAWEY  p40 lite', 1, 1000000.00, '2023-06-14', 40),
(2583, 2300, 'S 21 ULTRA 256GB 12RAM', 1, 0.00, '2023-06-14', 1196),
(2584, 2301, 'PLACA INFRARROJA MEGA STAR ', 1, 200000.00, '2023-06-14', 1121),
(2585, 2302, 'JBL PARTY BOX 110 ', 1, 2200000.00, '2023-06-14', 518),
(2586, 2302, 'CEL XIA POCO X5 PRO 5G DE 128GB ', 1, 2300000.00, '2023-06-14', 1384),
(2587, 2303, 'CEL SM A14 DE 64GB ', 4, 1000000.00, '2023-06-14', 1576),
(2588, 2303, 'CEL A04 E 32 GB', 1, 730000.00, '2023-06-14', 536),
(2589, 2304, 'CALCULADORA CINTIFICA 82PLUS', 1, 140000.00, '2023-06-14', 1014),
(2590, 2305, 'CEL REDMI 12C DE 128GB 4RAM ', 1, 1100000.00, '2023-06-14', 1342),
(2591, 2306, 'CAMARA ROBOTICA ', 1, 350000.00, '2023-06-14', 100),
(2592, 2307, 'DVR HIKVISION 8 DE 7100 SERIES', 1, 500000.00, '2023-06-14', 623),
(2593, 2307, 'CAMARA A COLOR HIK VISION', 8, 300000.00, '2023-06-14', 1069),
(2594, 2307, 'FUENTE DE 15AMPER', 1, 200000.00, '2023-06-14', 630),
(2595, 2307, 'DISCO DE 500 GB', 1, 300000.00, '2023-06-14', 628),
(2596, 2308, 'ESTUFA HALOGENA BIONICA', 1, 180000.00, '2023-06-14', 1516),
(2597, 2309, 'CEL SM  A14 DE 128GB 4RAM', 1, 1100000.00, '2023-06-14', 1159),
(2598, 2309, 'CEL A04 E 32 GB', 1, 720000.00, '2023-06-14', 536),
(2599, 2309, 'CEL REDMI 12C DE 128GB 4RAM ', 1, 1100000.00, '2023-06-14', 1342),
(2600, 2310, 'XXX IPHONE 11 DE 128GB 86%', 1, 2650000.00, '2023-06-14', 1390),
(2601, 2311, 'CEL A04 E 32 GB', 1, 750000.00, '2023-06-14', 536),
(2602, 2312, 'ESTUFA CUARZO BIONICA', 1, 120000.00, '2023-06-14', 1517),
(2603, 2313, 'XX CEL SM S21 5G DE 256GB', 1, 2000000.00, '2023-06-14', 215),
(2604, 2314, 'ESTUFA CUARZO MEGA STAR', 1, 150000.00, '2023-06-15', 1578),
(2605, 2315, 'AUTORADIO ECOPOWER EP-617', 1, 150000.00, '2023-06-15', 1467),
(2606, 2316, 'PAVA ELECTRICA 1.8L', 1, 50000.00, '2023-06-15', 1476),
(2607, 2317, 'XXX IPHONE 11 DE 128GB 85%', 1, 0.00, '2023-06-15', 1391),
(2608, 2318, 'LAVARROPA JAM A PALETA', 1, 700000.00, '2023-06-15', 576),
(2609, 2319, 'LAVARROPA JAM A PALETA', 1, 700000.00, '2023-06-15', 576),
(2610, 2320, 'HORNO ELECTRICO MIDAS  45LITROS', 1, 650000.00, '2023-06-15', 1106),
(2611, 2321, 'PAVA ELECTRICA 1.8L', 1, 60000.00, '2023-06-15', 1476),
(2612, 2322, 'CARGADOR PARA IPHONE DE 25W', 2, 100000.00, '2023-06-15', 955),
(2613, 2323, 'ESTUFA CUARZO MEGA STAR', 1, 150000.00, '2023-06-15', 1578),
(2614, 2324, 'XXX IPHONE XR DE 128GB 86%', 1, 2100000.00, '2023-06-15', 1190),
(2615, 2325, 'PLACA INFRARROJA MEGA STAR ', 1, 250000.00, '2023-06-15', 1121),
(2616, 2326, 'CEL XIA 9C DE 64GB ', 1, 800000.00, '2023-06-15', 1099),
(2617, 2327, 'X CEL XIA NOTE 10 DE 64GB 4RAM', 1, 1000000.00, '2023-06-15', 1199),
(2618, 2328, 'CEL REDMI 7 DE 16 GB ', 1, 520000.00, '2023-06-15', 1542),
(2619, 2329, 'CAMARA A COLOR HIK VISION', 1, 250000.00, '2023-06-15', 1069),
(2620, 2330, 'X CEL XIAOMI NOTE 9 64 GB', 1, 1000000.00, '2023-06-15', 232),
(2621, 2331, 'X CEL XIAOMI NOTE 9 64 GB', 1, 1000000.00, '2023-06-15', 232),
(2622, 2332, 'X CEL XIAOMI NOTE 9 64 GB', 1, 1000000.00, '2023-06-15', 232),
(2623, 2333, 'X CEL HUAWEI NOVA 8i DE 128GB', 1, 1500000.00, '2023-06-15', 1510),
(2624, 2334, 'CEL SM  A14 DE 128GB 4RAM', 1, 1300000.00, '2023-06-16', 1159),
(2625, 2335, 'PARLANTE KARAOKE 1 BATERIA RECARGAGLE', 1, 400000.00, '2023-06-16', 1355),
(2626, 2336, 'CARGADOR DE 15VOL 2PUNTAS ', 1, 30000.00, '2023-06-16', 1054),
(2627, 2337, 'XXX IPHONE 13 PRO MAX DE 128GB 100%', 1, 6700000.00, '2023-06-16', 1514),
(2628, 2338, 'LAVARROPA JAM A PALETA', 1, 700000.00, '2023-06-16', 576),
(2629, 2339, 'CEL SM  A14 DE 128GB 4RAM', 1, 1100000.00, '2023-06-16', 1159),
(2630, 2340, 'Lavarropa midea ', 1, 1850.00, '2023-06-16', 1538),
(2631, 2341, 'XX CEL SM S22 PLUS 256GB', 1, 3300000.00, '2023-06-16', 1503),
(2632, 2342, 'X CEL IPHONE 6S PLUS DE 16GB 100%', 1, 1100000.00, '2023-06-16', 1554),
(2633, 2343, 'HIDROLAVADORA MEGA STAR LA118', 1, 600000.00, '2023-06-16', 878),
(2634, 2344, 'CALOVENTOR TOKYO', 1, 0.00, '2023-06-16', 1616),
(2635, 2344, 'ESTUFA TOKYO', 1, 0.00, '2023-06-16', 1615),
(2636, 2345, 'MI TV STICK', 1, 400000.00, '2023-06-16', 1556),
(2637, 2346, 'TV JVC 4K DE 65``', 1, 4600000.00, '2023-06-16', 1228),
(2638, 2346, 'SOPORTE PARA TELE MEGASONIC DE 32\'\'  75\'\'', 1, 350000.00, '2023-06-16', 1062),
(2639, 2347, 'ESTUFA CUARZO MEGA STAR', 1, 150000.00, '2023-06-16', 1578),
(2640, 2348, 'CEL REDMI NOTE 12 DE 128GB 4RAM ', 1, 0.00, '2023-06-16', 1341),
(2641, 2349, 'NEBULIZADOR MEGA STAR 220V ', 1, 250000.00, '2023-06-17', 1365),
(2642, 2350, 'X CEL J7 NEO', 1, 540000.00, '2023-06-17', 1421),
(2643, 2351, 'CEL NOKIA 105 DOBLE SIM ', 1, 140000.00, '2023-06-17', 1563),
(2644, 2352, 'CEL NOKIA 105 DOBLE SIM ', 1, 140000.00, '2023-06-17', 1563),
(2645, 2353, 'CARGADOR PARA IPHONE DE 25W', 1, 90000.00, '2023-06-17', 955),
(2646, 2354, 'AURICULAR INALAMBRICO REDMI BUDS ESSENTIAL', 1, 170000.00, '2023-06-17', 1561),
(2647, 2354, 'CARGADOR PARA IPHONE DE 25W', 1, 90000.00, '2023-06-17', 955),
(2648, 2355, 'PARLANTE MEGA STAR 12W', 1, 550000.00, '2023-06-17', 1614),
(2649, 2356, 'REPETIDOR DE WIFITP LINK TL-WA850RE', 1, 180000.00, '2023-06-17', 313),
(2650, 2357, 'LAVARROPA JAM A PALETA', 1, 700000.00, '2023-06-17', 576),
(2651, 2358, 'TV JAM 32 LED', 1, 950000.00, '2023-06-17', 1440),
(2652, 2359, 'XXX CEL IPHONE XR 128 GB', 1, 2400000.00, '2023-06-17', 534),
(2653, 2360, 'CARGADOR TIPO C SAMSUNG 35W', 1, 120000.00, '2023-06-17', 1278),
(2654, 2361, 'XXX CEL IPHONE 12 PRO MAX DE 128GB 89% Y 90%', 1, 5000000.00, '2023-06-17', 1666),
(2655, 2362, 'x CEL IPHONE 11 DE 64GB AL 96%', 1, 2550000.00, '2023-06-17', 1568),
(2656, 2363, 'CONSOLA PLEY 5 825GB HORIZON', 1, 5300000.00, '2023-06-17', 540),
(2657, 2363, 'CONTROL PARA PLAY 5 SONY PINK ', 1, 0.00, '2023-06-17', 1602),
(2658, 2364, 'CARGADOR PARA IPHONE DE 25W', 2, 100000.00, '2023-06-17', 955),
(2659, 2364, 'CEL NOKIA 106', 1, 130000.00, '2023-06-17', 307),
(2660, 2364, 'XXX CEL IPHONE 11 DE 64GB 100% ', 1, 2800000.00, '2023-06-17', 499),
(2661, 2365, 'XXX IPHONE XR DE 128GB 87%', 1, 2050000.00, '2023-06-17', 1189),
(2662, 2366, 'JBL FLIP 6 ', 1, 600000.00, '2023-06-17', 934),
(2663, 2367, 'CEL SM  A14 DE 128GB 4RAM', 1, 1400000.00, '2023-06-17', 1159),
(2664, 2368, 'XXX IPHONE 11 DE 64GB 86%', 1, 2700000.00, '2023-06-17', 1176),
(2665, 2369, 'MAUS INALAMBRICO HAVIT', 1, 65000.00, '2023-06-17', 324),
(2666, 2369, 'PARLANTE PARA COMPUTADORA', 1, 150000.00, '2023-06-17', 1198),
(2667, 2370, 'CAFETERA MOULINEX ', 1, 880000.00, '2023-06-17', 1626),
(2668, 2371, 'CAFETERA MOULINEX ', 1, 880000.00, '2023-06-17', 1626),
(2669, 2372, 'ESTUFA HALOGENA BIONICA', 1, 180000.00, '2023-06-17', 1516),
(2670, 2372, 'JARRA ELECTRICA KLD-122', 1, 60000.00, '2023-06-17', 101),
(2671, 2373, 'XX CEL SM A33 5G DE 128GB', 1, 1500000.00, '2023-06-17', 1508),
(2672, 2374, 'CEL REDMI NOTE 12 DE 128GB 4RAM ', 1, 2100000.00, '2023-06-17', 1341),
(2673, 2375, 'KIT DE TERERE STANLEY DE 189L', 1, 650000.00, '2023-06-18', 1607),
(2674, 2376, 'RELOJ XIAOMI REDMI 2 LITE ', 1, 350000.00, '2023-06-18', 599),
(2675, 2377, 'PARLANTE MEGA STAR DE 8´ PARA KARAOKE ', 1, 230000.00, '2023-06-18', 522),
(2676, 2378, 'CEL LG Q6 ', 1, 600000.00, '2023-06-18', 521),
(2677, 2379, 'PAVA ELECTRICA 1.8L', 1, 60000.00, '2023-06-18', 1476),
(2678, 2380, 'AURICULAR JBL TUNE 110', 1, 70000.00, '2023-06-18', 238),
(2679, 2381, 'CENTRIFUGADORA TOKIO DE 15 KG', 1, 700.00, '2023-06-19', 1040),
(2680, 2382, 'CARGADOR ORIGINAL TIPO C INOVA', 1, 25000.00, '2023-06-19', 922),
(2681, 2383, 'CARGADOR PORTATIL LUO 12000MAH', 1, 850000.00, '2023-06-19', 549),
(2682, 2384, 'CEL SM A03 CORE', 2, 0.00, '2023-06-19', 28),
(2683, 2384, 'CEL REDMI 7 DE 16 GB ', 2, 0.00, '2023-06-19', 1542),
(2684, 2384, 'CEL SM A04 4 RAM Y 32 GB', 1, 0.00, '2023-06-19', 323),
(2685, 2384, 'CEL SM A04 S 64 GB', 1, 0.00, '2023-06-19', 537),
(2686, 2384, 'XX SAM A53 5G DE 128BG', 1, 0.00, '2023-06-19', 933),
(2687, 2385, 'LAVARROPA JAM A PALETA', 1, 700000.00, '2023-06-19', 576),
(2688, 2386, 'PLANCHA JAM A VAPOR', 1, 150000.00, '2023-06-19', 103),
(2689, 2387, 'RELOJ SMART BRACELET', 2, 90000.00, '2023-06-19', 1612),
(2690, 2388, 'XXX CEL IPHONE 12 PRO MAX DE 128GB 89% Y 90%', 1, 5000000.00, '2023-06-19', 1666),
(2691, 2389, 'AUTO RADIO ECOPOWER EP-7018 60W', 1, 450000.00, '2023-06-19', 1529),
(2692, 2390, 'CENTRIFUGADORA TOKIO DE 15 KG', 1, 670000.00, '2023-06-19', 1040),
(2693, 2391, 'PARLANTE MEGA STAR DE 8´ PARA KARAOKE ', 1, 230000.00, '2023-06-19', 522),
(2694, 2392, 'CARGADOR UNIVERSAL PARA COMPUTADORA ', 1, 100000.00, '2023-06-19', 870),
(2695, 2393, 'FUENTE DE 15AMPER', 1, 140000.00, '2023-06-20', 630),
(2696, 2394, 'TV MATSUI DE 32', 1, 1100000.00, '2023-06-20', 54),
(2697, 2395, 'X CEL J7 NEO', 1, 400000.00, '2023-06-20', 1421),
(2698, 2396, 'DVR HIKVISION 8 DE 7100 SERIES', 1, 0.00, '2023-06-20', 623),
(2699, 2396, 'DISCO DE 500 GB', 1, 0.00, '2023-06-20', 628),
(2700, 2396, 'CAMARA HIKVISION DE 1080P', 4, 0.00, '2023-06-20', 382),
(2701, 2396, 'DISCO DE 500 GB', 1, 0.00, '2023-06-20', 628),
(2702, 2396, 'FUENTE DE 5 AMPER', 1, 0.00, '2023-06-20', 1193),
(2703, 2397, 'CARGADOR PARA IPHONE DE 25W', 1, 100000.00, '2023-06-20', 955),
(2704, 2398, 'JARRA ELECTRICA KLD-122', 1, 60000.00, '2023-06-20', 101),
(2705, 2399, 'SOPORTE PARA TV FUITABLE FOR 26``-55``', 1, 120000.00, '2023-06-20', 1546),
(2706, 2400, 'CAMARA A COLOR HIK VISION', 1, 300000.00, '2023-06-20', 1069),
(2707, 2401, 'LUCES LED SUNLIGHT', 1, 50000.00, '2023-06-20', 565),
(2708, 2402, 'S 21 ULTRA 256GB 12RAM', 1, 0.00, '2023-06-20', 1196),
(2709, 2403, 'CEL REDMI 10A DE 128GB 4RAM', 1, 1300000.00, '2023-06-20', 1237),
(2710, 2404, 'PLACA INFRARROJA MEGA STAR ', 1, 200000.00, '2023-06-21', 1121),
(2711, 2405, 'XX CEL SM S9 DE 64GB', 1, 1400000.00, '2023-06-21', 1532),
(2712, 2406, 'CEL REDMI 7 DE 16 GB ', 1, 600000.00, '2023-06-21', 1542),
(2713, 2407, 'CEL A04 E 32 GB', 1, 700000.00, '2023-06-21', 536),
(2714, 2408, 'XX SAM A13 64GB', 1, 750000.00, '2023-06-21', 212),
(2715, 2409, 'IPAD  5TH GENERATION SOLO PARA WIFI DE 128GB', 1, 14.00, '2023-06-21', 1571),
(2716, 2410, 'CEL SM S23 ULTRA DE 256GB', 1, 0.00, '2023-06-21', 1539),
(2717, 2411, 'FUENTE DE 15AMPER', 1, 150000.00, '2023-06-21', 630),
(2718, 2412, 'PLACA A INDUCCION STANLUX', 1, 150000.00, '2023-06-21', 69),
(2719, 2413, 'LICUADORA TOKYO', 1, 280000.00, '2023-06-21', 108),
(2720, 2414, 'CEL A04 E 32 GB', 2, 700000.00, '2023-06-22', 536),
(2721, 2415, 'NEBULIZDOR TOKYO FRESH AIR', 1, 280000.00, '2023-06-22', 1112),
(2722, 2416, 'AUTO RADIO ECOPOWER EP-7013 60W', 1, 450000.00, '2023-06-22', 1530),
(2723, 2417, 'CALCULADORA KADIO KL-1048B', 1, 35000.00, '2023-06-22', 1208),
(2724, 2418, 'HELADERA TOKIO INOX 420L 1PUERTA', 1, 3700000.00, '2023-06-28', 1471),
(2725, 2419, 'ESTUFA TOKYO', 1, 250000.00, '2023-06-29', 1615),
(2726, 2420, 'LUCES LED SUNLIGHT', 1, 0.00, '2023-06-29', 565),
(2727, 2421, 'SOPORTE PARA TV FUITABLE FOR 26``-55``', 1, 130000.00, '2023-06-29', 1546),
(2728, 2422, 'PLACA INFRARROJA MEGA STAR ', 1, 2000000.00, '2023-06-29', 1121),
(2729, 2423, 'parlante para auto  mega sonic', 1, 180000.00, '2023-06-30', 911),
(2730, 2424, 'VENTILADOR DE TECHO MEGA STAR 5 VELOCIDADES MOTOR PESADO ', 1, 250000.00, '2023-06-30', 880),
(2731, 2425, 'HERVIDORA JAM DE 1.7LITROS BLANCA MOD.CK1011', 1, 100000.00, '2023-06-30', 1443),
(2732, 2426, 'CEL SM  A14 DE 128GB 4RAM', 1, 1300000.00, '2023-06-30', 1159),
(2733, 2427, 'LAVARROPA JAM A PALETA', 1, 700000.00, '2023-06-30', 576),
(2734, 2428, 'SOPORTE PARA TV FUITABLE FOR 26``-55``', 1, 100000.00, '2023-06-30', 1546),
(2735, 2429, 'SOPORTE PARA TV FUITABLE FOR 26``-55``', 1, 120000.00, '2023-06-30', 1546),
(2736, 2430, 'CEL SM A23', 1, 1500000.00, '2023-06-30', 61),
(2737, 2431, 'CEL SM A03 CORE', 1, 650000.00, '2023-07-01', 28),
(2738, 2432, 'CEL SM A34 5G 6RAM 128GB', 1, 2000000.00, '2023-07-01', 1499),
(2739, 2433, 'PARLANTE MEGA STAR 12W', 1, 500000.00, '2023-07-01', 1614),
(2740, 2434, 'X CEL HUAWEI NOVA 8i DE 128GB', 1, 1100000.00, '2023-07-01', 1510),
(2741, 2435, 'AURICULAR AKG NOTE10 ', 1, 70000.00, '2023-07-01', 1447),
(2742, 2436, 'CEL SM A34 5G 6RAM 128GB', 1, 1650000.00, '2023-07-01', 1499),
(2743, 2437, 'FUENTE DE 10AMPER ', 1, 150000.00, '2023-07-01', 262),
(2744, 2438, 'HERVIDORA JAM DE 1.7LITROS BLANCA MOD.CK1011', 1, 120000.00, '2023-07-01', 1443),
(2745, 2439, 'CEL REDMI 7 DE 16 GB ', 1, 500000.00, '2023-07-03', 1542),
(2746, 2440, 'MICROFONO MEGA STAR CON CABLE DE 5 M', 1, 100000.00, '2023-07-03', 1380),
(2747, 2441, 'JUEGO DE TERMO ', 2, 130000.00, '2023-07-03', 1596),
(2748, 2442, 'CEL REDMI 7 DE 16 GB ', 1, 600000.00, '2023-07-03', 1542),
(2749, 2443, 'CEL REDMI 7 DE 16 GB ', 1, 550000.00, '2023-07-03', 1542),
(2750, 2444, 'PARLANTE MEGA STAR DE 8´ PARA KARAOKE ', 1, 240000.00, '2023-07-03', 522),
(2751, 2445, 'JBL GO 3', 1, 300000.00, '2023-07-04', 661),
(2752, 2446, 'CORTA PELO YM-800A', 1, 150000.00, '2023-07-04', 1323),
(2753, 2447, 'PARLANTE KARAOKE 1 BATERIA RECARGAGLE', 1, 450000.00, '2023-07-04', 1355),
(2754, 2448, 'CEL REDMI 7 DE 16 GB ', 1, 600000.00, '2023-07-05', 1542),
(2755, 2449, 'RADIO ECOPOWER EP-F10B', 1, 100000.00, '2023-07-05', 1017),
(2756, 2450, 'RADIO ECOPOWER EP-F91B', 1, 150000.00, '2023-07-05', 1018),
(2757, 2451, 'TV SAMSUNG DE 32 ', 1, 1500000.00, '2023-07-05', 1479),
(2758, 2452, 'CONTADOR DE BILLETES QUANTA 220V', 1, 900000.00, '2023-07-05', 503),
(2759, 2452, 'CEL REDMI 7 DE 16 GB ', 1, 550000.00, '2023-07-05', 1542),
(2760, 2453, 'NEBULIZADOR MEGA STAR 220V ', 1, 270000.00, '2023-07-06', 1365),
(2761, 2454, 'CEL SM  A14 DE 128GB 4RAM', 2, 1200000.00, '2023-07-06', 1159),
(2762, 2455, 'BALANCITA PARA JOYA', 1, 50000.00, '2023-07-06', 1597),
(2763, 2456, 'NOTEBOOK HYUNDAI TECHNOLOGY', 1, 1500000.00, '2023-07-06', 783),
(2764, 2457, 'X REDMI NOTE 10 PRO DE 128GB', 1, 1200000.00, '2023-07-06', 1705),
(2765, 2458, 'CORTA PELO MEGA STAR CON BATERIA RECARGABLE', 1, 150000.00, '2023-07-06', 1582),
(2766, 2459, 'CORTA PELO MEGA STAR CON BATERIA RECARGABLE', 1, 150000.00, '2023-07-06', 1582),
(2767, 2460, 'CEL SM  A14 DE 128GB 4RAM', 1, 1300000.00, '2023-07-06', 1159),
(2768, 2461, 'CEL SM  A14 DE 128GB 4RAM', 1, 1300000.00, '2023-07-06', 1159),
(2769, 2462, 'CARGADOR PORTATIL ECOPOWER 5200MAH', 1, 70000.00, '2023-07-07', 548),
(2770, 2463, 'CEL SM  A14 DE 128GB 4RAM', 1, 1300000.00, '2023-07-07', 1159),
(2771, 2464, 'XX CEL SM S22 ULTRA DE 512GB 12RAM', 1, 5300000.00, '2023-07-07', 1700),
(2772, 2465, 'CEL SM  A14 DE 128GB 4RAM', 1, 1300000.00, '2023-07-07', 1159),
(2773, 2466, 'PRUBA', 1, 200.00, '2023-07-11', 498),
(2774, 2467, 'PRUBA', 1, 200.00, '2023-07-11', 498),
(2775, 2468, 'PRUBA', 1, 200.00, '2023-07-11', 498),
(2776, 2469, 'PRUBA', 1, 200.00, '2023-07-11', 498),
(2777, 2469, 'PRUBA', 1, 200.00, '2023-07-11', 498),
(2778, 2470, 'PRUBA', 1, 200.00, '2023-07-11', 498),
(2779, 2471, 'RADIO COMUNICADOR MOTOROLA T402', 1, 650000.00, '2023-07-12', 1698),
(2780, 2472, 'parlante para auto  mega sonic', 1, 200000.00, '2023-07-13', 911),
(2781, 2472, 'CARGADOR PARA AUTO CON CABLE  ECOPOWER ', 1, 35000.00, '2023-07-13', 269),
(2782, 2473, 'MAUS INALAMBRICO HAVIT', 1, 50000.00, '2023-07-13', 324),
(2783, 2474, 'MAUS INALAMBRICO HAVIT', 1, 50000.00, '2023-07-13', 324),
(2784, 2475, 'MAUS INALAMBRICO HAVIT', 1, 50000.00, '2023-07-13', 324),
(2785, 2476, 'MAUS INALAMBRICO HAVIT', 1, 50000.00, '2023-07-13', 324),
(2786, 2477, 'MAUS INALAMBRICO HAVIT', 1, 50000.00, '2023-07-13', 324),
(2787, 2478, 'MAUS INALAMBRICO HAVIT', 1, 50000.00, '2023-07-13', 324),
(2788, 2478, 'MAUS INALAMBRICO HAVIT', 1, 50000.00, '2023-07-13', 324),
(2789, 2479, 'MAUS INALAMBRICO HAVIT', 1, 50000.00, '2023-07-13', 324),
(2790, 2480, 'CEL SM A04E 128GB', 1, 1100000.00, '2023-07-14', 1668),
(2791, 2481, 'CEL SM A04E 128GB', 1, 1100000.00, '2023-07-14', 1668),
(2792, 2482, 'PARLANTE KARAOKE 1 BATERIA RECARGAGLE', 1, 500000.00, '2023-07-14', 1355),
(2793, 2483, 'PANTALLA ECOPOWER', 1, 700000.00, '2023-07-14', 1665),
(2794, 2484, 'XXX CEL IPHONE 14 NORMAL DE 128GB 98%', 1, 5500000.00, '2023-07-15', 969),
(2795, 2485, 'LAVARROPA JAM A PALETA', 1, 700000.00, '2023-07-15', 576),
(2796, 2486, 'CEL REDMI NOTE 12 DE 128GB 4RAM ', 1, 1250000.00, '2023-07-17', 1341),
(2797, 2487, 'SECA PELO MOX ', 1, 150000.00, '2023-07-18', 1493),
(2798, 2488, 'XXX CEL IPHONE 11 PRO 64 GB 100%', 1, 3100000.00, '2023-07-18', 529),
(2799, 2489, 'XXX CEL IPHONE 11 PRO 64 GB 100%', 1, 3200000.00, '2023-07-18', 529),
(2800, 2490, 'CONTROL PARA PLAY 3 CON Y SIN DISEÑO', 1, 100000.00, '2023-07-18', 208),
(2801, 2491, 'AURICULAR XIAOMI EARBUDS BASIC2S INALAMBRICO', 1, 180000.00, '2023-07-18', 1092);
INSERT INTO `detalleventa` (`idDetalleVenta`, `idV`, `nombreProducto`, `cantidadV`, `precio`, `fecha`, `idArticulo`) VALUES
(2802, 2492, 'AURICULAR XIAOMI EARBUDS BASIC2S INALAMBRICO', 1, 180000.00, '2023-07-18', 1092),
(2803, 2493, 'ASPIRADORA BLACK  DECKER 2.000 WATTS ', 1, 700000.00, '2023-07-18', 204),
(2804, 2494, 'DVR HIKVISION 8 DE 7100 SERIES', 1, 450000.00, '2023-07-18', 623),
(2805, 2495, 'ESTUFA TOKYO', 1, 250000.00, '2023-07-18', 1615),
(2806, 2496, 'CEL IPHONE 14 PLUS DE 128GB ', 1, 6500000.00, '2023-07-18', 1057),
(2807, 2497, 'MICROFONO ECOPOWER GRANDE', 1, 450000.00, '2023-07-19', 1640),
(2808, 2498, 'ASPIRADORA MEGA STAR', 1, 600000.00, '2023-07-19', 1318),
(2809, 2499, 'COCINA ATLAS 4H COLISEUM PLUS', 1, 700000.00, '2023-07-20', 1522),
(2810, 2500, 'TERMOTANQUE SPEED DE 50L VERTICAL-HORIZONTAL', 1, 1100000.00, '2023-07-20', 1526),
(2811, 2501, 'PLACA INFRARROJA MEGA STAR ', 1, 220000.00, '2023-07-20', 1121),
(2812, 2502, 'AHIRE SPLIT JAM DE 3000 FRIGORIA', 1, 2200000.00, '2023-07-20', 501),
(2813, 2503, 'RADIO LUO LU-774', 1, 100000.00, '2023-07-20', 1691),
(2814, 2504, 'CORTA PELO MEGA STAR CON BATERIA RECARGABLE', 1, 100000.00, '2023-07-20', 1582),
(2815, 2505, 'PLACA INFLARROJA WAER', 1, 200000.00, '2023-07-20', 1560),
(2816, 2506, 'CEL SM A04 S 64 GB', 1, 1250000.00, '2023-07-21', 537),
(2817, 2507, 'ASPIRADORA TOKIO 30 LITROS', 1, 900000.00, '2023-07-22', 855),
(2818, 2508, 'XXX CEL IPHONE 8 PLUS 256 GB', 1, 2200000.00, '2023-07-22', 532),
(2819, 2509, 'XXX CEL IPHONE XR DE 64GB AL 92%', 1, 2200000.00, '2023-07-22', 1570),
(2820, 2510, 'CARGADOR SAMSUNG TIPO C A TIPO C DE 45W', 1, 70000.00, '2023-07-25', 1461),
(2821, 2511, 'XX CEL SM A32 5G DE 64GB', 1, 1300000.00, '2023-07-25', 1534),
(2822, 2512, 'MAUS INALAMBRICO HAVIT', 1, 50000.00, '2023-07-25', 324),
(2823, 2513, 'RADIO COMUNICADOR MOTOROLA T402', 1, 700000.00, '2023-07-25', 1698),
(2824, 2514, 'PANCHITA BABYLISS PRO BNT4081UZ-320', 1, 850000.00, '2023-07-25', 1585),
(2825, 2515, 'X CEL SM S9 ', 1, 1200000.00, '2023-07-26', 138),
(2826, 2516, 'CHROMECAST WITH GOOGLE TV', 1, 420000.00, '2023-07-26', 1697),
(2827, 2517, 'XX SM M 33 DE 128GB', 1, 1300.00, '2023-07-27', 1728),
(2828, 2518, 'XIOMI NOTE 11 DE 128', 1, 0.00, '2023-07-28', 1711),
(2829, 2519, 'LUCES LED DE 5METROS', 1, 80000.00, '2023-07-28', 492),
(2830, 2520, 'CEL SM  A14 DE 128GB 4RAM', 1, 1100000.00, '2023-07-28', 1159),
(2831, 2521, 'LAVARROPA JAM A PALETA', 1, 700000.00, '2023-07-29', 576),
(2832, 2522, 'XXX CEL IPHONE 11 PRO 64 GB 100%', 1, 3000000.00, '2023-07-29', 529),
(2833, 2523, 'xX SM A04 DE 32GB ', 1, 400000.00, '2023-07-29', 1715),
(2834, 2524, 'CEL XIAOMI 12 LITE 8 DE RAM 256 GB ', 1, 2500000.00, '2023-07-29', 1388),
(2835, 2525, 'CARGADOR PARA IPHONE ORIGINAL DE 50W', 1, 100000.00, '2023-07-31', 953),
(2836, 2526, 'TV SMART AIWA 43¨', 1, 0.00, '2023-07-31', 1729),
(2837, 2527, 'XX SM A30 32GB', 1, 600000.00, '2023-08-01', 1722),
(2838, 2528, 'CEL REDMI 12 DE 256GB 8RAM', 1, 0.00, '2023-08-02', 1730),
(2839, 2529, 'PARLANTE PIONEER 6X9 650 WHAT', 1, 460000.00, '2023-08-03', 581),
(2840, 2530, 'CARGADOR SAMSUNG TIPO C A TIPO C DE 45W', 1, 80000.00, '2023-08-03', 1461),
(2841, 0, 'AURICULAR INALAMBRICO REDMI BUDS 4 LITE', 1, 250000.00, '2023-08-04', 1695),
(2842, 2531, 'TABLET FIRE HD 10 ', 2, 750000.00, '2023-08-05', 704),
(2843, 2532, 'RADIO ECOPOWER EP-2327', 1, 190000.00, '2023-08-05', 1306),
(2844, 2533, 'XX SM A13 DE 64GB', 1, 800000.00, '2023-08-05', 1720),
(2845, 2534, 'SOPORTE PARA TV FUITABLE FOR 26``-55``', 1, 120000.00, '2023-08-05', 1546),
(2846, 2535, 'XXX XIOMI NOTE 11 PRO 128 GB 8RAM ', 1, 1400000.00, '2023-08-05', 1714),
(2847, 2536, 'AURICULAR AKG NOTE10 ', 1, 70000.00, '2023-08-05', 1447),
(2848, 2537, 'XXX CEL IPHONE 11 128 GB 100%', 1, 3000000.00, '2023-08-05', 594),
(2849, 2538, 'AUTO RADIO ECOPOWER EP-7018 Y EP-7016', 1, 390000.00, '2023-08-09', 1694),
(2850, 2539, 'XX CEL SM A04E 32GB', 1, 550000.00, '2023-08-09', 1668),
(2851, 2539, 'XX CEL SM A10S DE 32GB', 1, 550000.00, '2023-08-09', 1747),
(2852, 2540, 'CEL A04 E 32 GB', 1, 700000.00, '2023-08-11', 536),
(2853, 2540, 'MEMORIA DE 64GB ULTRA ', 1, 50000.00, '2023-08-11', 1052),
(2854, 2541, 'X CEL A22 128GB. ', 1, 800000.00, '2023-08-11', 211),
(2855, 2542, 'X CEL REDMI 12C DE 128GB 4RAM ', 1, 900000.00, '2023-08-12', 1342),
(2856, 2543, 'CARGADOR UNIVERSAL PARA COMPUTADORA ', 2, 100000.00, '2023-08-14', 870),
(2857, 2544, ' JBL GO 2', 1, 250000.00, '2023-08-15', 849),
(2858, 2545, 'CAMARITA WIFI ', 1, 200000.00, '2023-08-17', 1593),
(2859, 2546, 'ASPIRADORA MEGA STAR 3 EN 1 DE 1400W 220V', 1, 650000.00, '2023-08-17', 1318),
(2860, 2547, 'VENTILADOR INDUSTRIAL MEGA STAR PISO PARED 30¨', 1, 650000.00, '2023-08-17', 1752),
(2861, 2548, 'CORTA PELO T-99', 1, 100000.00, '2023-08-17', 1301),
(2862, 2549, 'AURICULAR CON CABLE JBL TUNE 215BT', 1, 180000.00, '2023-08-17', 1756),
(2863, 2550, 'XX CEL SM A53 5G DE 128GB', 1, 1600000.00, '2023-08-18', 1774),
(2864, 2551, 'AUTORADIO PIONEER SIN BLUETOOTH MVH-85UB', 1, 500000.00, '2023-08-19', 205),
(2865, 2552, 'X NOTE 9PRO 128GB 8RAM', 1, 80000.00, '2023-08-23', 1793),
(2866, 2553, 'PLANCHITA GAMA ', 1, 350000.00, '2023-08-31', 284),
(2867, 2554, 'FIRE TV STICK LITE ', 1, 400000.00, '2023-09-01', 555),
(2868, 2555, 'XX A33 128GB 6RAM', 1, 1150.00, '2023-09-07', 1788),
(2869, 2556, 'XX A33 128GB 6RAM', 1, 1500.00, '2023-09-07', 1788),
(2870, 2557, 'MODEN RUTER TP-LINK TL-WR840N', 1, 200000.00, '2023-09-07', 865),
(2871, 2558, 'XX CEL SM S22 PLUS 256GB', 1, 3300000.00, '2023-09-07', 1503),
(2872, 2559, 'CEL SM A04E DE 32GB', 2, 0.00, '2023-09-08', 1803),
(2873, 2559, 'CEL REDMI 12C 128GB 4RAM', 1, 0.00, '2023-09-08', 1759),
(2874, 2559, 'CEL REDMI 12 DE 128GB ', 1, 0.00, '2023-09-08', 1816),
(2875, 2560, 'XX CEL SM A04 DE 64GB', 1, 650000.00, '2023-09-08', 1749),
(2876, 2561, 'XX CEL SM A04 DE 64GB', 1, 650000.00, '2023-09-08', 1749),
(2877, 2562, 'X POCO X4 PRO 5G 256GB', 1, 1500000.00, '2023-09-08', 1734),
(2878, 2563, 'TV JVC DE 32´´', 1, 1200000.00, '2023-09-09', 1108),
(2879, 2564, 'CORTA PELO T-99', 1, 150000.00, '2023-09-09', 1301),
(2880, 2565, 'BARBEADOR DL-9007', 1, 180000.00, '2023-09-09', 1294),
(2881, 2566, 'CEL SM A04E DE 32GB', 2, 700000.00, '2023-09-12', 1803),
(2882, 2567, 'LAVARROPA JAM A PALETA', 1, 700000.00, '2023-09-12', 576),
(2883, 2568, 'REDMI NOTE 12S 256GB 8RAM', 1, 1600000.00, '2023-09-12', 1804),
(2884, 2569, 'CEL REDMI A2+ DE 32GB 2RAM ', 1, 6200000.00, '2023-09-12', 1160),
(2885, 2570, 'CEL SM A04E DE 32GB', 1, 800000.00, '2023-09-12', 1803),
(2886, 2571, 'SMART TV R9PLUS', 1, 250000.00, '2023-09-13', 1807),
(2887, 2572, 'CEL REDMI 12C 128GB 4RAM', 1, 1100000.00, '2023-09-14', 1759),
(2888, 2573, 'CEL SM S23 NORMAL DE 256GB', 1, 4500000.00, '2023-09-14', 1829),
(2889, 2574, 'BALANZA BIONICA', 1, 250000.00, '2023-09-14', 504),
(2890, 2575, 'REPETIDOR DE WIFITP LINK TL-WA850RE', 1, 1800000.00, '2023-09-15', 313),
(2891, 2576, 'AHIRE SPLIT JAM 4500 FRIGORIA 18000BTU', 1, 3500000.00, '2023-09-15', 390),
(2892, 2577, 'CEL IPHONE 11 NORMAL DE 128GB 100%', 1, 2800000.00, '2023-09-16', 1814),
(2893, 2577, 'XXX IPHONE 11 NORMAL 128GB 100%', 1, 2800000.00, '2023-09-16', 1802),
(2894, 2578, 'X CEL XIA NOTE 10 PRO DE 128gb ', 1, 1300000.00, '2023-09-16', 388),
(2895, 2579, 'X REDMI 9T 128GB', 1, 730.00, '2023-09-21', 1727),
(2896, 2580, 'CARGADOR ORIGINAL DE IPHONE DE 20W Y 25W ', 1, 100000.00, '2023-09-21', 193),
(2897, 2581, 'CEL IPHONE 11 NORMAL DE 128GB 100%', 1, 3000000.00, '2023-09-21', 1814),
(2898, 2582, 'XX SAMSUNG S22 ULTRA 256GB', 1, 3800.00, '2023-09-21', 1239),
(2899, 2583, 'VENTILADOR DE PIE INDUSTRIAL HDK', 1, 450000.00, '2023-09-21', 1817),
(2900, 2584, 'RELOJ AMAZFIT ', 1, 400000.00, '2023-09-22', 1170),
(2901, 2585, 'BALANZA SUNLIGHT 5KG', 1, 50000.00, '2023-09-22', 1590),
(2902, 2586, 'CONTROL UNIVERSAL PARA TV ECOPOWER EP-8615= EP=8611', 1, 50000.00, '2023-09-23', 864),
(2903, 2587, 'XX CEL SM S22 PLUS 256GB', 1, 3300000.00, '2023-09-23', 1503),
(2904, 2588, 'TABLETA GALAXI TAB A DE 16GB ', 1, 1000000.00, '2023-09-26', 590),
(2905, 2589, 'AUTO RADIO ECOPOWER EP-7010', 1, 500000.00, '2023-09-26', 1693),
(2906, 2590, 'AUTO RADIO ECOPOWER EP-7010', 1, 500000.00, '2023-09-26', 1693),
(2907, 2591, 'RADIO ECOPOWER EP-2316', 1, 150000.00, '2023-09-27', 1832),
(2908, 2592, 'XX SM A21S DE 64GB', 1, 650000.00, '2023-09-30', 1718),
(2909, 2593, 'NB ASUS VIVOBOOK I5 8GB 512', 1, 3000000.00, '2023-10-04', 584),
(2910, 2594, 'CEL SM A54 5G DE 128GB 6RAM', 1, 2300000.00, '2023-10-04', 1464),
(2911, 2595, 'CEL REDMI A1+ DE 32GB 2RAM', 1, 600000.00, '2023-10-09', 1344),
(2912, 2596, 'CEL SM A24 DE 128GB', 1, 1500000.00, '2023-10-10', 1811);

-- --------------------------------------------------------

--
-- Estructura de tabla para la tabla `entrada`
--

CREATE TABLE `entrada` (
  `idEntrada` int(11) NOT NULL,
  `fecha` date NOT NULL,
  `nFactura` varchar(100) NOT NULL,
  `observacion` text DEFAULT NULL,
  `idProve` int(11) NOT NULL,
  `keyLaboratorio` int(11) DEFAULT NULL,
  `transporte` decimal(11,0) DEFAULT NULL,
  `idEstablecimiento` int(11) NOT NULL
) ENGINE=InnoDB DEFAULT CHARSET=utf8mb4;

--
-- Volcado de datos para la tabla `entrada`
--

INSERT INTO `entrada` (`idEntrada`, `fecha`, `nFactura`, `observacion`, `idProve`, `keyLaboratorio`, `transporte`, `idEstablecimiento`) VALUES
(4, '2022-11-10', '1', '', 28, NULL, NULL, 1),
(5, '2022-11-12', 'a', '', 26, NULL, NULL, 1),
(6, '2022-11-12', 'a', '', 26, NULL, NULL, 1),
(7, '2022-11-12', '1', '', 26, NULL, NULL, 1),
(8, '2022-11-12', '1', '', 26, NULL, NULL, 1),
(9, '2022-11-16', 'diosnel', '', 29, NULL, NULL, 1),
(10, '2022-11-16', 'diosnel', '', 29, NULL, NULL, 1),
(11, '2022-11-16', 'diosnel', '', 29, NULL, NULL, 1),
(12, '2022-11-16', 'diosnel', '', 29, NULL, NULL, 1),
(13, '2022-11-16', 'dio', '', 29, NULL, NULL, 1),
(14, '2022-11-16', 'DIO', '', 28, NULL, NULL, 1),
(15, '2022-12-23', '19597', 'TRAJO SAI CARGO DIOSNEL', 26, NULL, NULL, 1),
(16, '2022-12-23', '97', 'DIOSNEL', 27, NULL, NULL, 1),
(17, '2022-12-23', '23-12-22', 'SAIDA LLEVO 2', 26, NULL, NULL, 1),
(18, '2022-12-23', '23\'\'12\'\'22', '', 31, NULL, NULL, 1),
(19, '2022-12-23', '23\'12\'22', '', 31, NULL, NULL, 1),
(20, '2022-12-23', '23Ñ12Ñ22', 'DEVOLVIO CHICHI NO ASECTO LA SRA', 31, NULL, NULL, 1),
(21, '2022-12-23', '23-12-22', 'ENRIQUE TR\r\n\r\nENRIQUE ENTREGO EL IPHONE 13 PRO MAX', 26, NULL, NULL, 1),
(22, '2022-12-24', 'devolvio mario 24\'12\'22 ', '', 29, NULL, NULL, 1),
(23, '2022-12-24', '241222', 'YEBO SAPITO PARA SU CLIENTE Y DEBOLBIO', 29, NULL, NULL, 1),
(24, '2022-12-29', '291222', 'COMPRE DE YCNACIO', 28, NULL, NULL, 1),
(25, '2022-12-29', '29-12-2022', '', 31, NULL, NULL, 1),
(26, '2022-12-31', '311222', 'TRAJO PATRICIO GRIS Y ASU', 28, NULL, NULL, 1),
(27, '2023-01-05', '040123', 'TRAJO ANDREA CAMBIO X A13', 29, NULL, NULL, 1),
(28, '2023-01-06', '060123', 'DE GABRIEL', 27, NULL, NULL, 1),
(29, '2023-01-06', '060123', 'DE GABRIEL', 27, NULL, NULL, 1),
(30, '2023-01-06', '060123', 'GABRIEL', 27, NULL, NULL, 1),
(31, '2023-01-09', '09-01-2023', 'SE SACO DE MAS  UNO ', 26, NULL, NULL, 1),
(32, '2023-01-13', '12,1,23', 'topo', 32, NULL, NULL, 1),
(33, '2023-01-13', '13/1/23', 'Cargue en casa trajo flaco', 32, NULL, NULL, 1),
(34, '2023-01-13', '13/1/23', 'Cargue en casa de flaco', 32, NULL, NULL, 1),
(35, '2023-01-19', '19/1/23', 'Trajojo oscar flaco', 32, NULL, NULL, 1),
(36, '2023-01-19', '19/1/23', 'Trajojo oscar flaco', 32, NULL, NULL, 1),
(37, '2023-01-20', '20-1-23', 'TRAJO GUARANI', 32, NULL, NULL, 1),
(38, '2023-01-24', '24.01.23', 'TRAJO OTRAVEZ MARIO', 32, NULL, NULL, 1),
(39, '2023-01-27', '270123', 'Cargue en casa ', 29, NULL, NULL, 1),
(40, '2023-01-27', '270123', 'En casa  cargue a la mañana ', 29, NULL, NULL, 1),
(41, '2023-01-27', '270123', 'A la mañana en casa cargue ', 29, NULL, NULL, 1),
(42, '2023-01-27', '270123', 'En casa  cargue a la mañana ', 29, NULL, NULL, 1),
(43, '2023-01-27', '270123', 'A la mañana en casa ', 29, NULL, NULL, 1),
(44, '2023-01-27', '270123', 'En casa a la mañana ', 29, NULL, NULL, 1),
(45, '2023-01-27', '270123', 'A la mañana en casa ', 29, NULL, NULL, 1),
(46, '2023-01-27', '270123', 'En casa ', 29, NULL, NULL, 1),
(47, '2023-01-27', '270123', 'En casa ', 29, NULL, NULL, 1),
(48, '2023-01-27', '270123', 'En casa ', 29, NULL, NULL, 1),
(49, '2023-01-27', '270123', 'En casa ', 29, NULL, NULL, 1),
(50, '2023-01-27', '270123', 'En casa ', 29, NULL, NULL, 1),
(51, '2023-01-27', '270123', 'En casa ', 29, NULL, NULL, 1),
(52, '2023-01-27', '270123', 'En casa A13 ', 29, NULL, NULL, 1),
(53, '2023-01-27', '270123', 'En casa ', 29, NULL, NULL, 1),
(54, '2023-01-27', '270123', 'En casa ', 29, NULL, NULL, 1),
(55, '2023-02-02', '020223', 'LEANDRO CARGO ', 26, NULL, NULL, 1),
(56, '2023-03-02', '02]03]23', 'COMPRE DE JOSE', 32, NULL, NULL, 1),
(57, '2023-03-10', '100323', 'CAMBIE X IPHONE XR A LA CHICA RUBIO', 32, NULL, NULL, 1);

-- --------------------------------------------------------

--
-- Estructura de tabla para la tabla `entregalibreta`
--

CREATE TABLE `entregalibreta` (
  `id` int(11) NOT NULL,
  `idLibreta` int(11) NOT NULL,
  `monto` decimal(11,2) NOT NULL,
  `fecha` datetime NOT NULL
) ENGINE=InnoDB DEFAULT CHARSET=utf8mb4;

--
-- Volcado de datos para la tabla `entregalibreta`
--

INSERT INTO `entregalibreta` (`id`, `idLibreta`, `monto`, `fecha`) VALUES
(1, 1, 0.00, '2022-11-07 12:11:52'),
(2, 1, 1000000.00, '2022-11-07 15:49:25'),
(3, 1, 450000.00, '2022-11-07 15:50:01'),
(4, 4, 100000.00, '2022-11-07 16:32:14'),
(5, 4, 1000000.00, '2022-11-07 16:33:01'),
(6, 4, 675000.00, '2022-11-11 14:15:01'),
(7, 4, 450000.00, '2022-11-11 14:15:43'),
(8, 4, 0.00, '2022-11-11 14:15:58'),
(9, 4, 780000.00, '2022-11-11 14:16:19'),
(10, 1, 676000.00, '2022-12-01 17:18:51'),
(11, 6, 25000.00, '2022-12-01 17:22:47'),
(12, 1, 424000.00, '2022-12-01 17:29:10');

-- --------------------------------------------------------

--
-- Estructura de tabla para la tabla `establecimiento`
--

CREATE TABLE `establecimiento` (
  `idEsta` int(11) NOT NULL,
  `nombreEsta` varchar(50) NOT NULL
) ENGINE=InnoDB DEFAULT CHARSET=utf8mb4;

--
-- Volcado de datos para la tabla `establecimiento`
--

INSERT INTO `establecimiento` (`idEsta`, `nombreEsta`) VALUES
(1, 'Dios cell'),
(5, 'Dios cel 2');

-- --------------------------------------------------------

--
-- Estructura de tabla para la tabla `facturaentrada`
--

CREATE TABLE `facturaentrada` (
  `id` int(11) NOT NULL,
  `idEntrada` int(11) NOT NULL,
  `idArticulo` int(11) NOT NULL,
  `cantidad` int(11) NOT NULL,
  `fecha` date NOT NULL,
  `costo` decimal(11,2) NOT NULL,
  `transporte` decimal(11,2) DEFAULT NULL,
  `idEsta` int(11) NOT NULL
) ENGINE=InnoDB DEFAULT CHARSET=utf8mb4;

--
-- Volcado de datos para la tabla `facturaentrada`
--

INSERT INTO `facturaentrada` (`id`, `idEntrada`, `idArticulo`, `cantidad`, `fecha`, `costo`, `transporte`, `idEsta`) VALUES
(3, 4, 28, 7, '2022-11-10', 613000.00, NULL, 1),
(4, 4, 28, 0, '2022-11-10', 613000.00, NULL, 1),
(5, 5, 27, 3, '2022-11-12', 1022000.00, NULL, 1),
(6, 6, 30, 2, '2022-11-12', 1170000.00, NULL, 1),
(7, 7, 61, 1, '2022-11-12', 1400000.00, NULL, 1),
(8, 7, 61, 1, '2022-11-12', 1400000.00, NULL, 1),
(9, 8, 61, 1, '2022-11-12', 1400000.00, NULL, 1),
(10, 8, 61, 1, '2022-11-12', 1400000.00, NULL, 1),
(11, 9, 27, 4, '2022-11-16', 1022000.00, NULL, 1),
(12, 10, 28, 5, '2022-11-16', 613000.00, NULL, 1),
(13, 11, 60, 3, '2022-11-16', 660000.00, NULL, 1),
(14, 12, 62, 2, '2022-11-16', 800000.00, NULL, 1),
(15, 13, 30, 1, '2022-11-16', 1120000.00, NULL, 1),
(16, 14, 186, 1, '2022-11-16', 45000.00, NULL, 1),
(17, 15, 502, 2, '2022-12-23', 1900000.00, NULL, 1),
(18, 17, 118, 3, '2022-12-23', 80000.00, NULL, 1),
(19, 18, 72, 20, '2022-12-23', 165000.00, NULL, 1),
(20, 19, 305, 10, '2022-12-23', 300000.00, NULL, 1),
(21, 20, 578, 1, '2022-12-23', 2200000.00, NULL, 1),
(22, 21, 531, 1, '2022-12-23', 6900000.00, NULL, 1),
(23, 22, 535, 1, '2022-12-24', 1800000.00, NULL, 1),
(24, 23, 131, 1, '2022-12-24', 1700000.00, NULL, 1),
(25, 24, 319, 8, '2022-12-29', 650000.00, NULL, 1),
(26, 25, 147, 6, '2022-12-29', 23000.00, NULL, 1),
(27, 26, 606, 2, '2022-12-31', 5500000.00, NULL, 1),
(28, 27, 36, 1, '2023-01-05', 550000.00, NULL, 1),
(29, 28, 34, 1, '2023-01-06', 950000.00, NULL, 1),
(30, 29, 34, 1, '2023-01-06', 950000.00, NULL, 1),
(31, 30, 35, 1, '2023-01-06', 820000.00, NULL, 1),
(32, 31, 597, 1, '2023-01-09', 2200000.00, NULL, 1),
(33, 32, 206, 3, '2023-01-13', 440000.00, NULL, 1),
(34, 33, 134, 3, '2023-01-13', 2300000.00, NULL, 1),
(35, 34, 801, 2, '2023-01-13', 2100000.00, NULL, 1),
(36, 35, 134, 4, '2023-01-19', 2300000.00, NULL, 1),
(37, 36, 497, 4, '2023-01-19', 1600000.00, NULL, 1),
(38, 37, 48, 2, '2023-01-20', 1250000.00, NULL, 1),
(39, 38, 502, 1, '2023-01-24', 1900000.00, NULL, 1),
(40, 39, 594, 5, '2023-01-27', 2700000.00, NULL, 1),
(41, 40, 90, 5, '2023-01-27', 1000000.00, NULL, 1),
(42, 41, 532, 5, '2023-01-27', 1900000.00, NULL, 1),
(43, 42, 533, 5, '2023-01-27', 1500000.00, NULL, 1),
(44, 43, 534, 5, '2023-01-27', 2100000.00, NULL, 1),
(45, 44, 535, 5, '2023-01-27', 1800000.00, NULL, 1),
(46, 45, 146, 1, '2023-01-27', 2450000.00, NULL, 1),
(47, 46, 60, 5, '2023-01-27', 660000.00, NULL, 1),
(48, 47, 60, 5, '2023-01-27', 660000.00, NULL, 1),
(49, 48, 60, 5, '2023-01-27', 660000.00, NULL, 1),
(50, 49, 60, 5, '2023-01-27', 660000.00, NULL, 1),
(51, 50, 536, 5, '2023-01-27', 670000.00, NULL, 1),
(52, 51, 536, 5, '2023-01-27', 670000.00, NULL, 1),
(53, 52, 27, 5, '2023-01-27', 1022000.00, NULL, 1),
(54, 53, 30, 1, '2023-01-27', 1120000.00, NULL, 1),
(55, 55, 934, 2, '2023-02-02', 666000.00, NULL, 1),
(56, 56, 382, 10, '2023-03-02', 130000.00, NULL, 1),
(57, 57, 532, 1, '2023-03-10', 1900000.00, NULL, 1);

-- --------------------------------------------------------

--
-- Estructura de tabla para la tabla `familia`
--

CREATE TABLE `familia` (
  `id` int(11) NOT NULL,
  `nombreFamilia` varchar(200) NOT NULL,
  `credito` decimal(11,2) NOT NULL DEFAULT 0.00
) ENGINE=InnoDB DEFAULT CHARSET=utf8mb4;

--
-- Volcado de datos para la tabla `familia`
--

INSERT INTO `familia` (`id`, `nombreFamilia`, `credito`) VALUES
(1, 'Francisco Gonzalez', 0.00),
(2, 'DIOS CELL', 0.00),
(3, 'pancho', 0.00),
(4, 'aurora', 83000.00),
(5, 'JORJE PETERSEN', 0.00),
(6, 'PRUEBA', 0.00),
(7, 'MAIDA', 0.00);

-- --------------------------------------------------------

--
-- Estructura de tabla para la tabla `integrantes`
--

CREATE TABLE `integrantes` (
  `idIntegrante` int(11) NOT NULL,
  `nombre` varchar(200) NOT NULL,
  `idFamilia` int(11) NOT NULL
) ENGINE=InnoDB DEFAULT CHARSET=utf8mb4;

--
-- Volcado de datos para la tabla `integrantes`
--

INSERT INTO `integrantes` (`idIntegrante`, `nombre`, `idFamilia`) VALUES
(1, 'Francisco Gonzalez', 1),
(2, 'DIOS CELL', 2),
(3, 'ARIEL', 2),
(4, 'pancho', 3),
(5, 'aurora', 4),
(6, 'PRUEBA', 6);

-- --------------------------------------------------------

--
-- Estructura de tabla para la tabla `laboratorios`
--

CREATE TABLE `laboratorios` (
  `idLaboratorio` int(11) NOT NULL,
  `nombreLaboratorio` varchar(30) NOT NULL
) ENGINE=InnoDB DEFAULT CHARSET=utf8mb4;

-- --------------------------------------------------------

--
-- Estructura de tabla para la tabla `libreta`
--

CREATE TABLE `libreta` (
  `idLibreta` int(11) NOT NULL,
  `nombreArticulo` varchar(100) NOT NULL,
  `idArticulo` int(11) NOT NULL,
  `idIntegrante` int(11) NOT NULL,
  `cantidad` decimal(11,2) NOT NULL,
  `precio` decimal(11,2) NOT NULL,
  `fecha` datetime NOT NULL,
  `idFamilia` int(11) NOT NULL,
  `estado` varchar(30) NOT NULL DEFAULT 'pendiente'
) ENGINE=InnoDB DEFAULT CHARSET=utf8mb4;

--
-- Volcado de datos para la tabla `libreta`
--

INSERT INTO `libreta` (`idLibreta`, `nombreArticulo`, `idArticulo`, `idIntegrante`, `cantidad`, `precio`, `fecha`, `idFamilia`, `estado`) VALUES
(1, 'prueba', 82, 1, 1.00, 0.00, '2022-11-07 12:11:01', 1, 'pagado'),
(2, 'TV DE 32 TOKIO', 48, 1, 1.00, 1450000.00, '2022-11-07 15:48:28', 1, 'pagado'),
(3, 'CEL SM A13', 27, 5, 1.00, 1022000.00, '2022-11-07 16:31:33', 4, 'pagado'),
(4, 'LAVARROPA  TOKIO AUTOMATICA', 113, 4, 1.00, 1900000.00, '2022-11-11 13:53:42', 3, 'pendiente'),
(5, 'LAVARROPA  TOKIO AUTOMATICA', 113, 4, 1.00, 1900000.00, '2022-11-11 13:58:05', 3, 'pendiente'),
(6, 'LAVARROPA  TOKIO AUTOMATICA', 113, 2, 1.00, 1900000.00, '2022-11-11 13:59:59', 2, 'pendiente'),
(7, 'LAVARROPA  TOKIO AUTOMATICA', 113, 5, 1.00, 1900000.00, '2022-11-11 14:14:01', 4, 'pagado'),
(8, 'CEL SM A04 4 RAM Y 64GB', 213, 1, 1.00, 1100000.00, '2022-12-01 17:16:19', 1, 'pagado'),
(9, 'CARGADOR ECOPOWER NORMAL', 123, 6, 1.00, 25000.00, '2022-12-01 17:22:13', 6, 'pagado');

-- --------------------------------------------------------

--
-- Estructura de tabla para la tabla `local`
--

CREATE TABLE `local` (
  `id` int(11) NOT NULL,
  `nombre` varchar(50) NOT NULL
) ENGINE=InnoDB DEFAULT CHARSET=utf8mb4;

--
-- Volcado de datos para la tabla `local`
--

INSERT INTO `local` (`id`, `nombre`) VALUES
(1, 'Dios cell');

-- --------------------------------------------------------

--
-- Estructura de tabla para la tabla `proveedores`
--

CREATE TABLE `proveedores` (
  `idProveedor` int(11) NOT NULL,
  `nombreP` varchar(50) NOT NULL,
  `direccionP` varchar(50) NOT NULL,
  `telefonoP` varchar(50) NOT NULL,
  `informacionExtra` text NOT NULL
) ENGINE=InnoDB DEFAULT CHARSET=utf8mb4;

--
-- Volcado de datos para la tabla `proveedores`
--

INSERT INTO `proveedores` (`idProveedor`, `nombreP`, `direccionP`, `telefonoP`, `informacionExtra`) VALUES
(26, 'TAMARA', 'RI ', '0982399182', 'AL CONTADO'),
(27, 'CESAR ', 'ASUNCIOM', '0991269644', 'TRAE CELULARES'),
(28, 'PATRICIO', 'ASUNCION', '0974243031', 'TRAE CELULARES'),
(29, 'ana mojame', 'asuncion centro', '0981135058', 'a credito y contado'),
(30, 'RICHAR', 'MERCADO 4', '0991405243', 'TRAE IPHONE'),
(31, 'ANGEL CHELO', 'MERCADO 4', '0984992057', 'VENTILADORES'),
(32, 'general', 'nanawa', '0982399182', 'accesorios');

-- --------------------------------------------------------

--
-- Estructura de tabla para la tabla `users`
--

CREATE TABLE `users` (
  `id` int(11) NOT NULL,
  `user` varchar(50) NOT NULL,
  `pass` varchar(50) NOT NULL,
  `acceso` int(11) NOT NULL
) ENGINE=InnoDB DEFAULT CHARSET=utf8mb4;

--
-- Volcado de datos para la tabla `users`
--

INSERT INTO `users` (`id`, `user`, `pass`, `acceso`) VALUES
(1, 'admin', '123', 1),
(2, 'ventas', '123', 0),
(3, 'Ariel', '123', 0);

-- --------------------------------------------------------

--
-- Estructura de tabla para la tabla `ventas`
--

CREATE TABLE `ventas` (
  `idVenta` int(11) NOT NULL,
  `fechaV` date NOT NULL,
  `totalV` decimal(11,2) NOT NULL DEFAULT 0.00,
  `idUser` int(11) NOT NULL,
  `idEstablecimiento` int(11) NOT NULL,
  `tipoPago` varchar(100) DEFAULT ''
) ENGINE=InnoDB DEFAULT CHARSET=utf8mb4;

--
-- Volcado de datos para la tabla `ventas`
--

INSERT INTO `ventas` (`idVenta`, `fechaV`, `totalV`, `idUser`, `idEstablecimiento`, `tipoPago`) VALUES
(1, '2022-11-07', 1400000.00, 1, 1, 'efectivo'),
(11, '2022-11-07', 292500.00, 1, 1, 'efectivo'),
(13, '2022-11-07', 850000.00, 1, 1, 'efectivo'),
(15, '2022-11-07', 1022000.00, 1, 1, 'efectivo'),
(20, '2022-11-08', 35000.00, 2, 1, 'efectivo'),
(21, '2022-11-08', 1000000.00, 2, 1, 'efectivo'),
(22, '2022-11-08', 750000.00, 2, 1, 'efectivo'),
(23, '2022-11-08', 180000.00, 2, 1, 'efectivo'),
(24, '2022-11-10', 1875000.00, 2, 1, 'efectivo'),
(25, '2022-11-10', 900000.00, 1, 1, 'efectivo'),
(26, '2022-11-10', 800000.00, 1, 1, 'efectivo'),
(27, '2022-11-11', 750000.00, 1, 1, 'efectivo'),
(28, '2022-11-11', 4800000.00, 1, 1, 'efectivo'),
(29, '2022-11-11', 600000.00, 1, 1, 'efectivo'),
(30, '2022-11-11', 30000.00, 1, 1, 'efectivo'),
(31, '2022-11-11', 0.00, 1, 1, 'efectivo'),
(32, '2022-11-11', 35000.00, 1, 1, 'efectivo'),
(36, '2022-11-11', 1900000.00, 1, 1, 'efectivo'),
(37, '2022-11-11', 45000.00, 1, 1, 'efectivo'),
(38, '2022-11-11', 600000.00, 1, 1, 'efectivo'),
(39, '2022-11-11', 750000.00, 1, 1, 'efectivo'),
(40, '2022-11-12', 20000.00, 1, 1, 'efectivo'),
(41, '2022-11-12', 50000.00, 2, 1, 'efectivo'),
(42, '2022-11-12', 2100000.00, 2, 1, 'efectivo'),
(43, '2022-11-12', 700000.00, 1, 1, 'efectivo'),
(44, '2022-11-12', 2000000.00, 2, 1, 'efectivo'),
(45, '2022-11-12', 1100000.00, 2, 1, 'efectivo'),
(46, '2022-11-12', 900000.00, 2, 1, 'efectivo'),
(47, '2022-11-12', 1650000.00, 2, 1, 'efectivo'),
(48, '2022-11-12', 1900000.00, 2, 1, 'efectivo'),
(49, '2022-11-12', 28000.00, 2, 1, 'efectivo'),
(50, '2022-11-12', 2300000.00, 2, 1, 'efectivo'),
(51, '2022-11-12', 50000.00, 2, 1, 'efectivo'),
(52, '2022-11-12', 850000.00, 2, 1, 'efectivo'),
(53, '2022-11-12', 180000.00, 2, 1, 'efectivo'),
(54, '2022-11-14', 25000.00, 1, 1, 'efectivo'),
(55, '2022-11-14', 500000.00, 2, 1, 'efectivo'),
(56, '2022-11-14', 650000.00, 2, 1, 'efectivo'),
(57, '2022-11-14', 80000.00, 1, 5, 'efectivo'),
(58, '2022-11-14', 170000.00, 2, 1, 'efectivo'),
(59, '2022-11-14', 80000.00, 1, 5, 'efectivo'),
(60, '2022-11-14', 80000.00, 1, 5, 'efectivo'),
(61, '2022-11-14', 80000.00, 1, 5, 'efectivo'),
(62, '2022-11-14', 80000.00, 1, 5, 'efectivo'),
(63, '2022-11-14', 80000.00, 1, 5, 'efectivo'),
(64, '2022-11-14', 80000.00, 1, 5, 'efectivo'),
(65, '2022-11-14', 80000.00, 1, 5, 'efectivo'),
(66, '2022-11-14', 80000.00, 1, 5, 'efectivo'),
(67, '2022-11-14', 80000.00, 1, 5, 'efectivo'),
(68, '2022-11-14', 1022000.00, 2, 1, 'efectivo'),
(69, '2022-11-14', 64000.00, 2, 1, 'efectivo'),
(70, '2022-11-14', 2800000.00, 2, 1, 'efectivo'),
(71, '2022-11-15', 200000.00, 2, 1, 'efectivo'),
(72, '2022-11-15', 67000.00, 2, 1, 'efectivo'),
(73, '2022-11-15', 25000.00, 2, 1, 'efectivo'),
(74, '2022-11-15', 50000.00, 2, 1, 'efectivo'),
(75, '2022-11-15', 20000.00, 2, 1, 'efectivo'),
(76, '2022-11-15', 700000.00, 2, 1, 'efectivo'),
(77, '2022-11-15', 750000.00, 2, 1, 'efectivo'),
(78, '2022-11-15', 700000.00, 2, 1, 'efectivo'),
(79, '2022-11-15', 2300000.00, 2, 1, 'efectivo'),
(80, '2022-11-15', 180000.00, 2, 1, 'efectivo'),
(81, '2022-11-16', 25000.00, 2, 1, 'efectivo'),
(82, '2022-11-16', 180000.00, 2, 1, 'efectivo'),
(83, '2022-11-16', 500000.00, 2, 1, 'efectivo'),
(84, '2022-11-16', 7000.00, 2, 1, 'efectivo'),
(85, '2022-11-16', 1022000.00, 2, 1, 'efectivo'),
(86, '2022-11-16', 115500.00, 2, 1, 'efectivo'),
(87, '2022-11-16', 180000.00, 2, 1, 'efectivo'),
(88, '2022-11-16', 70000.00, 2, 1, 'efectivo'),
(89, '2022-11-16', 98000.00, 2, 1, 'efectivo'),
(90, '2022-11-16', 750010.00, 2, 1, 'efectivo'),
(91, '2022-11-16', 190000.00, 2, 1, 'efectivo'),
(92, '2022-11-17', 1600000.00, 2, 1, 'efectivo'),
(93, '2022-11-17', 2400000.00, 2, 1, 'efectivo'),
(94, '2022-11-17', 1200000.00, 2, 1, 'efectivo'),
(95, '2022-11-17', 70000.00, 2, 1, 'efectivo'),
(96, '2022-11-17', 1300000.00, 2, 1, 'efectivo'),
(97, '2022-11-17', 1350000.00, 2, 1, 'efectivo'),
(98, '2022-11-17', 25000.00, 2, 1, 'efectivo'),
(99, '2022-11-18', 180000.00, 2, 1, 'efectivo'),
(100, '2022-11-18', 180000.00, 2, 1, 'efectivo'),
(101, '2022-11-18', 150000.00, 2, 1, 'efectivo'),
(102, '2022-11-18', 1050000.00, 2, 1, 'efectivo'),
(103, '2022-11-18', 1500000.00, 2, 1, 'efectivo'),
(104, '2022-11-18', 280000.00, 2, 1, 'efectivo'),
(105, '2022-11-18', 400000.00, 1, 1, 'efectivo'),
(106, '2022-11-18', 2450000.00, 1, 1, 'efectivo'),
(107, '2022-11-18', 2100000.00, 2, 1, 'efectivo'),
(108, '2022-11-18', 200000.00, 2, 1, 'efectivo'),
(109, '2022-11-18', 20000.00, 2, 1, 'efectivo'),
(110, '2022-11-18', 1250000.00, 2, 1, 'efectivo'),
(111, '2022-11-18', 1000000.00, 2, 1, 'efectivo'),
(112, '2022-11-18', 250000.00, 2, 1, 'efectivo'),
(113, '2022-11-18', 20000.00, 2, 1, 'efectivo'),
(114, '2022-11-18', 2900000.00, 2, 1, 'efectivo'),
(115, '2022-11-18', 180000.00, 2, 1, 'efectivo'),
(116, '2022-11-19', 0.00, 2, 1, 'efectivo'),
(117, '2022-11-19', 700000.00, 2, 1, 'efectivo'),
(118, '2022-11-19', 360000.00, 2, 1, 'efectivo'),
(119, '2022-11-19', 3450000.00, 1, 1, 'efectivo'),
(120, '2022-11-19', 25000.00, 2, 1, 'efectivo'),
(121, '2022-11-19', 80000.00, 2, 1, 'efectivo'),
(122, '2022-11-19', 40000.00, 2, 1, 'efectivo'),
(123, '2022-11-19', 3400000.00, 1, 1, 'efectivo'),
(124, '2022-11-19', 2240010.00, 2, 1, 'efectivo'),
(125, '2022-11-19', 900000.00, 2, 1, 'efectivo'),
(126, '2022-11-19', 50000.00, 2, 1, 'efectivo'),
(127, '2022-11-19', 750000.00, 2, 1, 'efectivo'),
(128, '2022-11-19', 20000.00, 2, 1, 'efectivo'),
(129, '2022-11-19', 40000.00, 2, 1, 'efectivo'),
(130, '2022-11-19', 170000.00, 1, 1, 'efectivo'),
(131, '2022-11-19', 170000.00, 1, 1, 'efectivo'),
(132, '2022-11-19', 200000.00, 2, 1, 'efectivo'),
(133, '2022-11-20', 1200.00, 1, 1, 'efectivo'),
(134, '2022-11-21', 6000.00, 2, 1, 'efectivo'),
(135, '2022-11-21', 4300000.00, 2, 1, 'efectivo'),
(136, '2022-11-21', 200000.00, 2, 1, 'efectivo'),
(137, '2022-11-21', 1300000.00, 2, 1, 'efectivo'),
(138, '2022-11-21', 1200.00, 2, 1, 'efectivo'),
(139, '2022-11-21', 250000.00, 2, 1, 'efectivo'),
(140, '2022-11-21', 20000.00, 2, 1, 'efectivo'),
(141, '2022-11-21', 1100000.00, 2, 1, 'efectivo'),
(142, '2022-11-21', 70000.00, 1, 1, 'efectivo'),
(143, '2022-11-22', 0.00, 2, 1, 'efectivo'),
(144, '2022-11-22', 1300.00, 2, 1, 'efectivo'),
(145, '2022-11-22', 0.00, 2, 1, 'efectivo'),
(146, '2022-11-22', 2500000.00, 2, 1, 'efectivo'),
(147, '2022-11-22', 2300000.00, 2, 1, 'efectivo'),
(148, '2022-11-22', 0.00, 1, 1, 'efectivo'),
(149, '2022-11-22', 750010.00, 2, 1, 'efectivo'),
(150, '2022-11-22', 660000.00, 2, 1, 'efectivo'),
(151, '2022-11-22', 720010.00, 2, 1, 'efectivo'),
(152, '2022-11-22', 0.00, 1, 1, 'efectivo'),
(153, '2022-11-22', 750000.00, 1, 1, 'efectivo'),
(154, '2022-11-22', 1700000.00, 1, 1, 'efectivo'),
(155, '2022-11-22', 850000.00, 1, 1, 'efectivo'),
(156, '2022-11-23', 1950000.00, 1, 1, 'efectivo'),
(157, '2022-11-23', 180000.00, 1, 1, 'efectivo'),
(158, '2022-11-23', 65000.00, 1, 1, 'efectivo'),
(159, '2022-11-23', 60000.00, 1, 1, 'efectivo'),
(160, '2022-11-23', 600000.00, 1, 1, 'efectivo'),
(161, '2022-11-23', 2500.00, 1, 1, 'efectivo'),
(162, '2022-11-23', 1200.00, 1, 1, 'efectivo'),
(163, '2022-11-23', 250000.00, 1, 1, 'efectivo'),
(164, '2022-11-23', 1150.00, 1, 1, 'efectivo'),
(165, '2022-11-24', 25000.00, 1, 1, 'efectivo'),
(166, '2022-11-24', 650000.00, 1, 1, 'efectivo'),
(167, '2022-11-24', 1100000.00, 2, 1, 'efectivo'),
(168, '2022-11-24', 1301100.00, 2, 1, 'efectivo'),
(169, '2022-11-24', 2150000.00, 2, 1, 'efectivo'),
(170, '2022-11-24', 2300000.00, 2, 1, 'efectivo'),
(171, '2022-11-25', 1700000.00, 2, 1, 'efectivo'),
(172, '2022-11-25', 0.00, 1, 5, 'efectivo'),
(173, '2022-11-25', 0.00, 1, 5, 'efectivo'),
(174, '2022-11-25', 0.00, 1, 5, 'efectivo'),
(175, '2022-11-25', 0.00, 1, 5, 'efectivo'),
(176, '2022-11-25', 0.00, 1, 1, 'efectivo'),
(177, '2022-11-25', 0.00, 3, 1, 'efectivo'),
(178, '2022-11-25', 0.00, 3, 1, 'efectivo'),
(179, '2022-11-25', 1400000.00, 2, 1, 'efectivo'),
(180, '2022-11-26', 450000.00, 2, 1, 'efectivo'),
(181, '2022-11-26', 170000.00, 2, 1, 'efectivo'),
(182, '2022-11-26', 230000.00, 2, 1, 'efectivo'),
(183, '2022-11-26', 70000.00, 2, 1, 'efectivo'),
(184, '2022-11-26', 70000.00, 2, 1, 'efectivo'),
(185, '2022-11-26', 133800.00, 2, 1, 'efectivo'),
(186, '2022-11-26', 50000.00, 1, 1, 'efectivo'),
(187, '2022-11-26', 250000.00, 2, 1, 'efectivo'),
(188, '2022-11-26', 1900000.00, 2, 1, 'efectivo'),
(189, '2022-11-26', 190000.00, 2, 1, 'efectivo'),
(190, '2022-11-26', 40000.00, 2, 1, 'efectivo'),
(191, '2022-11-27', 2190000.00, 1, 1, 'efectivo'),
(192, '2022-11-27', 2190000.00, 1, 1, 'efectivo'),
(193, '2022-11-27', 2190000.00, 1, 1, 'efectivo'),
(194, '2022-11-28', 600000.00, 3, 1, 'efectivo'),
(195, '2022-11-28', 50000.00, 3, 1, 'efectivo'),
(196, '2022-11-28', 100000.00, 1, 5, 'efectivo'),
(197, '2022-11-28', 100000.00, 1, 5, 'efectivo'),
(198, '2022-11-28', 1200.00, 2, 1, 'efectivo'),
(199, '2022-11-28', 170000.00, 3, 1, 'efectivo'),
(200, '2022-11-28', 2300000.00, 3, 1, 'efectivo'),
(201, '2022-11-28', 80000.00, 1, 1, 'efectivo'),
(202, '2022-11-28', 550000.00, 1, 1, 'efectivo'),
(203, '2022-11-28', 200000.00, 1, 5, 'efectivo'),
(204, '2022-11-28', 2300000.00, 2, 1, 'efectivo'),
(205, '2022-11-28', 2300000.00, 2, 1, 'efectivo'),
(206, '2022-11-28', 120000.00, 1, 5, 'efectivo'),
(207, '2022-11-28', 320000.00, 2, 1, 'efectivo'),
(208, '2022-11-28', 1100000.00, 1, 1, 'efectivo'),
(209, '2022-11-28', 100000.00, 1, 1, 'efectivo'),
(210, '2022-11-29', 320000.00, 2, 1, 'efectivo'),
(211, '2022-11-29', 45000.00, 2, 1, 'efectivo'),
(212, '2022-11-29', 1150000.00, 1, 1, 'efectivo'),
(213, '2022-11-29', 1400000.00, 1, 1, 'efectivo'),
(214, '2022-11-29', 700000.00, 1, 1, 'efectivo'),
(215, '2022-11-29', 1200000.00, 1, 1, 'efectivo'),
(216, '2022-11-29', 1200000.00, 2, 1, 'efectivo'),
(217, '2022-11-29', 200000.00, 2, 1, 'efectivo'),
(218, '2022-11-29', 100000.00, 2, 1, 'efectivo'),
(219, '2022-11-29', 230000.00, 2, 1, 'efectivo'),
(220, '2022-11-29', 2200000.00, 2, 1, 'efectivo'),
(221, '2022-11-29', 850000.00, 2, 1, 'efectivo'),
(222, '2022-11-29', 1700000.00, 1, 1, 'efectivo'),
(223, '2022-11-29', 1200000.00, 1, 1, 'efectivo'),
(224, '2022-11-30', 280000.00, 2, 1, 'efectivo'),
(225, '2022-11-30', 32000.00, 3, 1, 'efectivo'),
(226, '2022-11-30', 90000.00, 1, 1, 'efectivo'),
(227, '2022-11-30', 120000.00, 1, 1, 'efectivo'),
(228, '2022-11-30', 200000.00, 1, 1, 'efectivo'),
(229, '2022-11-30', 950000.00, 1, 1, 'efectivo'),
(230, '2022-11-30', 1150.00, 1, 1, 'efectivo'),
(231, '2022-11-30', 50000.00, 2, 1, 'efectivo'),
(232, '2022-11-30', 1400000.00, 2, 1, 'efectivo'),
(233, '2022-11-30', 0.00, 1, 1, 'efectivo'),
(234, '2022-11-30', 2100000.00, 1, 1, 'efectivo'),
(235, '2022-11-30', 220000.00, 1, 5, 'efectivo'),
(236, '2022-11-30', 3600000.00, 1, 1, 'efectivo'),
(237, '2022-11-30', 1100.00, 1, 1, 'efectivo'),
(238, '2022-12-01', 550000.00, 3, 1, 'efectivo'),
(239, '2022-12-01', 750.00, 1, 1, 'efectivo'),
(240, '2022-12-01', 3550000.00, 1, 1, 'efectivo'),
(241, '2022-12-01', 250000.00, 2, 1, 'efectivo'),
(242, '2022-12-01', 650000.00, 2, 1, 'efectivo'),
(243, '2022-12-01', 650000.00, 2, 1, 'efectivo'),
(244, '2022-12-01', 2300000.00, 2, 1, 'efectivo'),
(245, '2022-12-01', 72000.00, 1, 1, 'efectivo'),
(246, '2022-12-01', 780.00, 1, 1, 'efectivo'),
(247, '2022-12-01', 250000.00, 2, 1, 'efectivo'),
(248, '2022-12-01', 850000.00, 2, 1, 'efectivo'),
(249, '2022-12-01', 110000.00, 1, 5, 'efectivo'),
(251, '2022-12-01', 25000.00, 1, 1, 'efectivo'),
(252, '2022-12-01', 1100000.00, 1, 1, 'efectivo'),
(253, '2022-12-01', 150000.00, 2, 1, 'efectivo'),
(254, '2022-12-01', 0.00, 2, 1, 'efectivo'),
(255, '2022-12-02', 2590000.00, 3, 1, 'efectivo'),
(256, '2022-12-02', 1200.00, 3, 1, 'efectivo'),
(257, '2022-12-02', 130000.00, 3, 1, 'efectivo'),
(258, '2022-12-02', 180.00, 1, 1, 'efectivo'),
(259, '2022-12-02', 750.00, 1, 1, 'efectivo'),
(260, '2022-12-02', 2350.00, 1, 1, 'efectivo'),
(261, '2022-12-02', 3500000.00, 1, 1, 'efectivo'),
(262, '2022-12-02', 80000.00, 1, 1, 'efectivo'),
(263, '2022-12-02', 1100000.00, 1, 1, 'efectivo'),
(264, '2022-12-02', 900000.00, 1, 1, 'efectivo'),
(265, '2022-12-02', 180000.00, 1, 1, 'efectivo'),
(266, '2022-12-03', 2300000.00, 1, 1, 'efectivo'),
(267, '2022-12-03', 70000.00, 1, 1, 'efectivo'),
(268, '2022-12-03', 2250000.00, 2, 1, 'efectivo'),
(269, '2022-12-03', 100000.00, 1, 5, 'efectivo'),
(270, '2022-12-03', 700.00, 2, 1, 'efectivo'),
(271, '2022-12-03', 130000.00, 1, 1, 'efectivo'),
(272, '2022-12-03', 800000.00, 2, 1, 'efectivo'),
(273, '2022-12-03', 1200.00, 1, 1, 'efectivo'),
(274, '2022-12-03', 340000.00, 2, 1, 'efectivo'),
(275, '2022-12-03', 20000.00, 2, 1, 'efectivo'),
(276, '2022-12-03', 70000.00, 1, 5, 'efectivo'),
(277, '2022-12-03', 35000.00, 2, 1, 'efectivo'),
(278, '2022-12-03', 60000.00, 2, 1, 'efectivo'),
(279, '2022-12-03', 2300000.00, 1, 1, 'efectivo'),
(280, '2022-12-03', 4400000.00, 1, 1, 'efectivo'),
(281, '2022-12-03', 1700000.00, 1, 1, 'efectivo'),
(282, '2022-12-03', 900000.00, 2, 1, 'efectivo'),
(283, '2022-12-03', 200000.00, 1, 5, 'efectivo'),
(284, '2022-12-03', 1100000.00, 1, 1, 'efectivo'),
(285, '2022-12-05', 280000.00, 1, 1, 'efectivo'),
(286, '2022-12-05', 700000.00, 1, 1, 'efectivo'),
(287, '2022-12-05', 120000.00, 1, 1, 'efectivo'),
(288, '2022-12-05', 0.00, 1, 1, 'efectivo'),
(289, '2022-12-05', 450.00, 1, 1, 'efectivo'),
(290, '2022-12-05', 400000.00, 2, 1, 'efectivo'),
(291, '2022-12-05', 2300000.00, 1, 1, 'efectivo'),
(292, '2022-12-05', 0.00, 2, 1, 'efectivo'),
(293, '2022-12-05', 2100000.00, 1, 1, 'efectivo'),
(294, '2022-12-05', 4600000.00, 1, 1, 'efectivo'),
(295, '2022-12-05', 1600000.00, 1, 1, 'efectivo'),
(296, '2022-12-05', 1900000.00, 2, 1, 'efectivo'),
(297, '2022-12-05', 170000.00, 1, 1, 'efectivo'),
(298, '2022-12-05', 1100.00, 1, 1, 'efectivo'),
(299, '2022-12-05', 2780700.00, 2, 1, 'efectivo'),
(300, '2022-12-05', 130000.00, 2, 1, 'efectivo'),
(301, '2022-12-05', 180000.00, 1, 1, 'efectivo'),
(302, '2022-12-06', 70000.00, 1, 1, 'efectivo'),
(303, '2022-12-06', 70000.00, 1, 1, 'efectivo'),
(304, '2022-12-06', 2100000.00, 1, 1, 'efectivo'),
(305, '2022-12-06', 1800000.00, 1, 1, 'efectivo'),
(306, '2022-12-06', 550000.00, 2, 1, 'efectivo'),
(307, '2022-12-06', 180000.00, 1, 1, 'efectivo'),
(308, '2022-12-06', 2600000.00, 1, 1, 'efectivo'),
(309, '2022-12-06', 1340000.00, 1, 1, 'efectivo'),
(310, '2022-12-06', 1340000.00, 1, 1, 'efectivo'),
(311, '2022-12-06', 94000.00, 1, 1, 'efectivo'),
(312, '2022-12-06', 750000.00, 2, 1, 'efectivo'),
(313, '2022-12-06', 25000.00, 2, 1, 'efectivo'),
(314, '2022-12-06', 4500000.00, 1, 1, 'efectivo'),
(315, '2022-12-06', 180000.00, 2, 1, 'efectivo'),
(316, '2022-12-06', 2100000.00, 1, 1, 'efectivo'),
(317, '2022-12-06', 70000.00, 1, 1, 'efectivo'),
(318, '2022-12-06', 70000.00, 1, 1, 'efectivo'),
(319, '2022-12-06', 180000.00, 2, 1, 'efectivo'),
(320, '2022-12-06', 850000.00, 1, 1, 'efectivo'),
(321, '2022-12-06', 560000.00, 1, 1, 'efectivo'),
(322, '2022-12-06', 280000.00, 1, 1, 'efectivo'),
(323, '2022-12-07', 6750000.00, 2, 1, 'efectivo'),
(324, '2022-12-07', 220000.00, 2, 1, 'efectivo'),
(325, '2022-12-07', 1050000.00, 1, 1, 'efectivo'),
(326, '2022-12-07', 850000.00, 1, 1, 'efectivo'),
(327, '2022-12-07', 0.00, 1, 1, 'efectivo'),
(328, '2022-12-07', 0.00, 1, 1, 'efectivo'),
(329, '2022-12-07', 280000.00, 1, 1, 'efectivo'),
(330, '2022-12-07', 40000.00, 1, 1, 'efectivo'),
(331, '2022-12-07', 7500.00, 1, 1, 'efectivo'),
(332, '2022-12-07', 650.00, 2, 1, 'efectivo'),
(333, '2022-12-07', 180000.00, 1, 1, 'efectivo'),
(334, '2022-12-07', 550000.00, 1, 1, 'efectivo'),
(335, '2022-12-07', 0.00, 1, 1, 'efectivo'),
(336, '2022-12-07', 0.00, 1, 1, 'efectivo'),
(337, '2022-12-07', 1700000.00, 1, 1, 'efectivo'),
(338, '2022-12-07', 180000.00, 2, 1, 'efectivo'),
(339, '2022-12-07', 40000.00, 2, 1, 'efectivo'),
(340, '2022-12-07', 0.00, 1, 1, 'efectivo'),
(341, '2022-12-07', 0.00, 1, 1, 'efectivo'),
(342, '2022-12-07', 1900000.00, 1, 1, 'efectivo'),
(343, '2022-12-07', 2400000.00, 1, 1, 'efectivo'),
(344, '2022-12-07', 0.00, 1, 1, 'efectivo'),
(345, '2022-12-07', 0.00, 1, 1, 'efectivo'),
(346, '2022-12-09', 200000.00, 2, 1, 'efectivo'),
(347, '2022-12-09', 220000.00, 1, 1, 'efectivo'),
(348, '2022-12-09', 650000.00, 1, 1, 'efectivo'),
(349, '2022-12-09', 650000.00, 1, 1, 'efectivo'),
(350, '2022-12-09', 650000.00, 1, 1, 'efectivo'),
(351, '2022-12-09', 650000.00, 1, 1, 'efectivo'),
(352, '2022-12-09', 180000.00, 1, 1, 'efectivo'),
(353, '2022-12-09', 2200000.00, 2, 1, 'efectivo'),
(354, '2022-12-09', 180000.00, 2, 1, 'efectivo'),
(355, '2022-12-09', 3600000.00, 1, 1, 'efectivo'),
(356, '2022-12-09', 4700000.00, 1, 1, 'efectivo'),
(357, '2022-12-09', 7800.00, 1, 1, 'efectivo'),
(358, '2022-12-09', 620000.00, 1, 1, 'efectivo'),
(359, '2022-12-09', 2450000.00, 1, 1, 'efectivo'),
(360, '2022-12-09', 180000.00, 1, 1, 'efectivo'),
(361, '2022-12-09', 320000.00, 2, 1, 'efectivo'),
(362, '2022-12-09', 180000.00, 1, 1, 'efectivo'),
(363, '2022-12-09', 650.00, 1, 1, 'efectivo'),
(364, '2022-12-09', 1250000.00, 1, 1, 'efectivo'),
(365, '2022-12-09', 3780000.00, 1, 1, 'efectivo'),
(366, '2022-12-09', 180000.00, 1, 1, 'efectivo'),
(367, '2022-12-10', 280000.00, 2, 1, 'efectivo'),
(368, '2022-12-10', 25000.00, 2, 1, 'efectivo'),
(369, '2022-12-10', 3600000.00, 1, 1, 'efectivo'),
(370, '2022-12-10', 0.00, 1, 1, 'efectivo'),
(371, '2022-12-10', 180000.00, 2, 1, 'efectivo'),
(372, '2022-12-10', 180000.00, 1, 1, 'efectivo'),
(373, '2022-12-10', 130000.00, 1, 1, 'efectivo'),
(374, '2022-12-10', 30000.00, 1, 1, 'efectivo'),
(375, '2022-12-10', 180000.00, 1, 1, 'efectivo'),
(376, '2022-12-10', 160000.00, 1, 1, 'efectivo'),
(377, '2022-12-10', 100000.00, 2, 1, 'efectivo'),
(378, '2022-12-10', 2200000.00, 1, 1, 'efectivo'),
(379, '2022-12-10', 190000.00, 2, 1, 'efectivo'),
(380, '2022-12-10', 180000.00, 2, 1, 'efectivo'),
(381, '2022-12-10', 70000.00, 2, 1, 'efectivo'),
(382, '2022-12-10', 500000.00, 1, 1, 'efectivo'),
(383, '2022-12-10', 1400000.00, 1, 1, 'efectivo'),
(384, '2022-12-10', 5800000.00, 1, 1, 'efectivo'),
(385, '2022-12-10', 280000.00, 1, 1, 'efectivo'),
(386, '2022-12-10', 550000.00, 1, 1, 'efectivo'),
(387, '2022-12-10', 4400000.00, 1, 1, 'efectivo'),
(388, '2022-12-10', 1750000.00, 1, 1, 'efectivo'),
(389, '2022-12-10', 350000.00, 1, 1, 'efectivo'),
(390, '2022-12-10', 550000.00, 1, 1, 'efectivo'),
(391, '2022-12-10', 35000.00, 1, 1, 'efectivo'),
(392, '2022-12-10', 2180000.00, 1, 1, 'efectivo'),
(393, '2022-12-12', 450000.00, 1, 1, 'efectivo'),
(394, '2022-12-12', 45000.00, 1, 1, 'efectivo'),
(395, '2022-12-12', 1900000.00, 1, 1, 'efectivo'),
(396, '2022-12-12', 3500000.00, 1, 1, 'efectivo'),
(397, '2022-12-12', 60000.00, 1, 1, 'efectivo'),
(398, '2022-12-12', 700000.00, 2, 1, 'efectivo'),
(399, '2022-12-12', 100000.00, 1, 1, 'efectivo'),
(400, '2022-12-12', 170000.00, 2, 1, 'efectivo'),
(401, '2022-12-12', 40000.00, 2, 1, 'efectivo'),
(402, '2022-12-12', 3900.00, 1, 1, 'efectivo'),
(403, '2022-12-13', 70000.00, 2, 1, 'efectivo'),
(404, '2022-12-13', 800000.00, 1, 1, 'efectivo'),
(405, '2022-12-13', 50000.00, 2, 1, 'efectivo'),
(406, '2022-12-13', 60.00, 1, 1, 'efectivo'),
(407, '2022-12-13', 350000.00, 1, 1, 'efectivo'),
(408, '2022-12-13', 250000.00, 1, 1, 'efectivo'),
(409, '2022-12-13', 40.00, 1, 1, 'efectivo'),
(410, '2022-12-13', 60000.00, 1, 1, 'efectivo'),
(411, '2022-12-13', 1500000.00, 1, 1, 'efectivo'),
(412, '2022-12-13', 300000.00, 1, 1, 'efectivo'),
(413, '2022-12-13', 100000.00, 1, 1, 'efectivo'),
(414, '2022-12-13', 150000.00, 1, 1, 'efectivo'),
(415, '2022-12-14', 160000.00, 1, 1, 'efectivo'),
(416, '2022-12-14', 61000.00, 1, 1, 'efectivo'),
(417, '2022-12-14', 220000.00, 2, 1, 'efectivo'),
(418, '2022-12-14', 80000.00, 2, 1, 'efectivo'),
(419, '2022-12-14', 180000.00, 2, 1, 'efectivo'),
(420, '2022-12-14', 220000.00, 2, 1, 'efectivo'),
(421, '2022-12-14', 90000.00, 2, 1, 'efectivo'),
(422, '2022-12-14', 0.00, 1, 1, 'efectivo'),
(423, '2022-12-14', 45000.00, 1, 1, 'efectivo'),
(424, '2022-12-14', 90000.00, 1, 1, 'efectivo'),
(425, '2022-12-14', 1500000.00, 1, 1, 'efectivo'),
(426, '2022-12-14', 33000.00, 1, 1, 'efectivo'),
(427, '2022-12-14', 100000.00, 1, 1, 'efectivo'),
(428, '2022-12-15', 1070000.00, 2, 1, 'efectivo'),
(429, '2022-12-15', 2250000.00, 2, 1, 'efectivo'),
(430, '2022-12-15', 700000.00, 2, 1, 'efectivo'),
(431, '2022-12-15', 650.00, 2, 1, 'efectivo'),
(432, '2022-12-15', 0.00, 2, 1, 'efectivo'),
(433, '2022-12-15', 5400000.00, 1, 1, 'efectivo'),
(434, '2022-12-15', 80000.00, 2, 1, 'efectivo'),
(435, '2022-12-15', 0.00, 1, 1, 'efectivo'),
(436, '2022-12-15', 90000.00, 1, 1, 'efectivo'),
(437, '2022-12-15', 24000.00, 1, 1, 'efectivo'),
(438, '2022-12-15', 40000.00, 1, 1, 'efectivo'),
(439, '2022-12-15', 50000.00, 1, 1, 'efectivo'),
(440, '2022-12-15', 850000.00, 1, 1, 'efectivo'),
(441, '2022-12-16', 2250000.00, 2, 1, 'efectivo'),
(442, '2022-12-16', 3500000.00, 1, 1, 'efectivo'),
(443, '2022-12-16', 3500000.00, 1, 1, 'efectivo'),
(444, '2022-12-16', 2700.00, 1, 1, 'efectivo'),
(445, '2022-12-16', 250000.00, 1, 1, 'efectivo'),
(446, '2022-12-16', 4500000.00, 1, 1, 'efectivo'),
(447, '2022-12-16', 0.00, 1, 1, 'efectivo'),
(448, '2022-12-16', 2100000.00, 1, 1, 'efectivo'),
(449, '2022-12-16', 50000.00, 1, 1, 'efectivo'),
(450, '2022-12-16', 550000.00, 1, 1, 'efectivo'),
(451, '2022-12-16', 2400000.00, 2, 1, 'efectivo'),
(452, '2022-12-16', 1200.00, 1, 1, 'efectivo'),
(453, '2022-12-17', 180000.00, 2, 1, 'efectivo'),
(454, '2022-12-17', 2300000.00, 1, 1, 'efectivo'),
(455, '2022-12-17', 300000.00, 2, 1, 'efectivo'),
(456, '2022-12-17', 480.00, 2, 1, 'efectivo'),
(457, '2022-12-17', 770000.00, 2, 1, 'efectivo'),
(458, '2022-12-17', 22000.00, 2, 1, 'efectivo'),
(459, '2022-12-17', 0.00, 2, 1, 'efectivo'),
(460, '2022-12-17', 450000.00, 2, 1, 'efectivo'),
(461, '2022-12-17', 2300000.00, 2, 1, 'efectivo'),
(462, '2022-12-17', 550000.00, 2, 1, 'efectivo'),
(463, '2022-12-17', 650000.00, 2, 1, 'efectivo'),
(464, '2022-12-17', 40000.00, 2, 1, 'efectivo'),
(465, '2022-12-17', 0.00, 2, 1, 'efectivo'),
(466, '2022-12-17', 0.00, 2, 1, 'efectivo'),
(467, '2022-12-17', 180000.00, 2, 1, 'efectivo'),
(468, '2022-12-17', 180000.00, 2, 1, 'efectivo'),
(469, '2022-12-17', 180000.00, 2, 1, 'efectivo'),
(470, '2022-12-17', 2400.00, 2, 1, 'efectivo'),
(471, '2022-12-17', 0.00, 2, 1, 'efectivo'),
(472, '2022-12-17', 70000.00, 2, 1, 'efectivo'),
(473, '2022-12-17', 180000.00, 1, 1, 'efectivo'),
(474, '2022-12-19', 180.00, 1, 1, 'efectivo'),
(475, '2022-12-19', 2300000.00, 1, 1, 'efectivo'),
(476, '2022-12-19', 60000.00, 1, 1, 'efectivo'),
(477, '2022-12-19', 550000.00, 2, 1, 'efectivo'),
(478, '2022-12-19', 300.00, 1, 1, 'efectivo'),
(479, '2022-12-19', 180000.00, 1, 1, 'efectivo'),
(480, '2022-12-19', 1850.00, 1, 1, 'efectivo'),
(481, '2022-12-19', 1700000.00, 1, 1, 'efectivo'),
(482, '2022-12-19', 130000.00, 1, 1, 'efectivo'),
(483, '2022-12-19', 2300000.00, 1, 1, 'efectivo'),
(484, '2022-12-19', 100.00, 1, 1, 'efectivo'),
(485, '2022-12-19', 180000.00, 1, 1, 'efectivo'),
(486, '2022-12-19', 5500000.00, 1, 1, 'efectivo'),
(487, '2022-12-19', 3620700.00, 2, 1, 'efectivo'),
(488, '2022-12-19', 5200000.00, 2, 1, 'efectivo'),
(489, '2022-12-19', 100.00, 1, 1, 'efectivo'),
(490, '2022-12-19', 700000.00, 1, 1, 'efectivo'),
(491, '2022-12-19', 300000.00, 1, 1, 'efectivo'),
(492, '2022-12-19', 100000.00, 1, 1, 'efectivo'),
(493, '2022-12-20', 250000.00, 2, 1, 'efectivo'),
(494, '2022-12-20', 170000.00, 1, 1, 'efectivo'),
(495, '2022-12-20', 180000.00, 1, 1, 'efectivo'),
(496, '2022-12-20', 2300.00, 1, 1, 'efectivo'),
(497, '2022-12-20', 170000.00, 1, 1, 'efectivo'),
(498, '2022-12-20', 0.00, 1, 1, 'efectivo'),
(499, '2022-12-20', 2400.00, 1, 1, 'efectivo'),
(500, '2022-12-20', 130000.00, 1, 1, 'efectivo'),
(501, '2022-12-20', 25000.00, 1, 1, 'efectivo'),
(502, '2022-12-20', 1500000.00, 1, 1, 'efectivo'),
(503, '2022-12-20', 0.00, 1, 1, 'efectivo'),
(504, '2022-12-20', 2600000.00, 1, 1, 'efectivo'),
(505, '2022-12-20', 2200000.00, 1, 1, 'efectivo'),
(506, '2022-12-20', 45000.00, 1, 1, 'efectivo'),
(507, '2022-12-20', 1150.00, 1, 1, 'efectivo'),
(508, '2022-12-20', 70000.00, 1, 1, 'efectivo'),
(509, '2022-12-20', 1350000.00, 1, 1, 'efectivo'),
(510, '2022-12-20', 2350.00, 1, 1, 'efectivo'),
(511, '2022-12-20', 200000.00, 2, 1, 'efectivo'),
(512, '2022-12-20', 180.00, 1, 1, 'efectivo'),
(513, '2022-12-21', 180000.00, 2, 1, 'efectivo'),
(514, '2022-12-21', 100000.00, 1, 1, 'efectivo'),
(515, '2022-12-21', 180000.00, 1, 1, 'efectivo'),
(516, '2022-12-21', 4100000.00, 2, 1, 'efectivo'),
(517, '2022-12-21', 1750000.00, 1, 1, 'efectivo'),
(518, '2022-12-21', 2100.00, 1, 1, 'efectivo'),
(519, '2022-12-21', 40000.00, 1, 1, 'efectivo'),
(520, '2022-12-21', 270000.00, 2, 1, 'efectivo'),
(521, '2022-12-21', 200000.00, 2, 1, 'efectivo'),
(522, '2022-12-21', 20000.00, 1, 1, 'efectivo'),
(523, '2022-12-21', 180000.00, 1, 1, 'efectivo'),
(524, '2022-12-21', 15000.00, 1, 1, 'efectivo'),
(525, '2022-12-21', 330000.00, 2, 1, 'efectivo'),
(526, '2022-12-21', 700.00, 1, 1, 'efectivo'),
(527, '2022-12-21', 2350.00, 1, 1, 'efectivo'),
(528, '2022-12-21', 1500000.00, 1, 1, 'efectivo'),
(529, '2022-12-21', 100000.00, 2, 1, 'efectivo'),
(530, '2022-12-21', 550000.00, 1, 1, 'efectivo'),
(531, '2022-12-21', 350.00, 1, 1, 'efectivo'),
(532, '2022-12-22', 150000.00, 2, 1, 'efectivo'),
(533, '2022-12-22', 750.00, 2, 1, 'efectivo'),
(534, '2022-12-22', 1000000.00, 1, 1, 'efectivo'),
(535, '2022-12-22', 700000.00, 1, 1, 'efectivo'),
(536, '2022-12-22', 1800000.00, 1, 1, 'efectivo'),
(537, '2022-12-22', 50000.00, 1, 1, 'efectivo'),
(538, '2022-12-22', 180000.00, 1, 1, 'efectivo'),
(539, '2022-12-22', 25000.00, 1, 1, 'efectivo'),
(540, '2022-12-22', 0.00, 1, 1, 'efectivo'),
(541, '2022-12-22', 350000.00, 2, 1, 'efectivo'),
(542, '2022-12-22', 250000.00, 1, 1, 'efectivo'),
(543, '2022-12-22', 80000.00, 1, 1, 'efectivo'),
(544, '2022-12-22', 700000.00, 1, 1, 'efectivo'),
(545, '2022-12-22', 25000.00, 2, 1, 'efectivo'),
(546, '2022-12-22', 35000.00, 1, 1, 'efectivo'),
(547, '2022-12-22', 2350.00, 1, 1, 'efectivo'),
(548, '2022-12-22', 2500000.00, 1, 1, 'efectivo'),
(549, '2022-12-22', 2300.00, 2, 1, 'efectivo'),
(550, '2022-12-22', 170000.00, 2, 1, 'efectivo'),
(551, '2022-12-22', 6600000.00, 1, 1, 'efectivo'),
(552, '2022-12-22', 700000.00, 1, 1, 'efectivo'),
(553, '2022-12-22', 222000.00, 1, 1, 'efectivo'),
(554, '2022-12-22', 100000.00, 1, 1, 'efectivo'),
(555, '2022-12-22', 180000.00, 1, 1, 'efectivo'),
(556, '2022-12-23', 220000.00, 2, 1, 'efectivo'),
(557, '2022-12-23', 1100.00, 2, 1, 'efectivo'),
(558, '2022-12-23', 1100.00, 2, 1, 'efectivo'),
(559, '2022-12-23', 1100.00, 2, 1, 'efectivo'),
(560, '2022-12-23', 40000.00, 1, 1, 'efectivo'),
(561, '2022-12-23', 400000.00, 1, 1, 'efectivo'),
(562, '2022-12-23', 900000.00, 1, 1, 'efectivo'),
(563, '2022-12-23', 480.00, 1, 1, 'efectivo'),
(564, '2022-12-23', 150000.00, 1, 1, 'efectivo'),
(565, '2022-12-23', 0.00, 1, 1, 'efectivo'),
(566, '2022-12-23', 2300000.00, 1, 1, 'efectivo'),
(567, '2022-12-23', 80000.00, 1, 1, 'efectivo'),
(568, '2022-12-23', 170000.00, 1, 1, 'efectivo'),
(569, '2022-12-23', 29500.00, 1, 1, 'efectivo'),
(570, '2022-12-23', 700.00, 2, 1, 'efectivo'),
(571, '2022-12-23', 700.00, 1, 1, 'efectivo'),
(572, '2022-12-23', 180000.00, 2, 1, 'efectivo'),
(573, '2022-12-23', 45000.00, 2, 1, 'efectivo'),
(574, '2022-12-23', 2300000.00, 1, 1, 'efectivo'),
(575, '2022-12-23', 7500000.00, 1, 1, 'efectivo'),
(576, '2022-12-23', 450.00, 1, 1, 'efectivo'),
(577, '2022-12-23', 500000.00, 2, 1, 'efectivo'),
(578, '2022-12-23', 1800000.00, 1, 1, 'efectivo'),
(579, '2022-12-23', 1500000.00, 2, 1, 'efectivo'),
(580, '2022-12-23', 1800000.00, 2, 1, 'efectivo'),
(581, '2022-12-23', 700000.00, 2, 1, 'efectivo'),
(582, '2022-12-24', 650000.00, 1, 1, 'efectivo'),
(583, '2022-12-24', 320000.00, 1, 1, 'efectivo'),
(584, '2022-12-24', 200000.00, 1, 1, 'efectivo'),
(585, '2022-12-24', 650000.00, 2, 1, 'efectivo'),
(586, '2022-12-24', 40000.00, 1, 1, 'efectivo'),
(587, '2022-12-24', 40000.00, 1, 1, 'efectivo'),
(588, '2022-12-24', 900000.00, 1, 1, 'efectivo'),
(589, '2022-12-24', 170000.00, 2, 1, 'efectivo'),
(590, '2022-12-24', 1300000.00, 1, 1, 'efectivo'),
(591, '2022-12-24', 8400.00, 1, 1, 'efectivo'),
(592, '2022-12-24', 4300000.00, 1, 1, 'efectivo'),
(593, '2022-12-24', 1500000.00, 2, 1, 'efectivo'),
(594, '2022-12-24', 650000.00, 2, 1, 'efectivo'),
(595, '2022-12-24', 3800000.00, 1, 1, 'efectivo'),
(596, '2022-12-24', 180000.00, 1, 1, 'efectivo'),
(597, '2022-12-24', 2000000.00, 1, 1, 'efectivo'),
(598, '2022-12-24', 180000.00, 1, 1, 'efectivo'),
(599, '2022-12-24', 700.00, 1, 1, 'efectivo'),
(600, '2022-12-24', 1850.00, 1, 1, 'efectivo'),
(601, '2022-12-24', 360.00, 1, 1, 'efectivo'),
(602, '2022-12-24', 2300.00, 1, 1, 'efectivo'),
(603, '2022-12-26', 2300000.00, 1, 1, 'efectivo'),
(604, '2022-12-26', 180000.00, 1, 1, 'efectivo'),
(605, '2022-12-26', 180000.00, 1, 1, 'efectivo'),
(606, '2022-12-26', 2100000.00, 2, 1, 'efectivo'),
(607, '2022-12-26', 1600000.00, 2, 1, 'efectivo'),
(608, '2022-12-26', 500000.00, 1, 1, 'efectivo'),
(609, '2022-12-26', 180000.00, 1, 1, 'efectivo'),
(610, '2022-12-26', 180000.00, 1, 1, 'efectivo'),
(611, '2022-12-26', 650000.00, 1, 1, 'efectivo'),
(612, '2022-12-26', 120000.00, 1, 1, 'efectivo'),
(613, '2022-12-26', 100000.00, 2, 1, 'efectivo'),
(614, '2022-12-26', 170000.00, 2, 1, 'efectivo'),
(615, '2022-12-26', 750.00, 1, 1, 'efectivo'),
(616, '2022-12-26', 2700000.00, 1, 1, 'efectivo'),
(617, '2022-12-26', 2500000.00, 1, 1, 'efectivo'),
(618, '2022-12-26', 350000.00, 1, 1, 'efectivo'),
(619, '2022-12-26', 1250.00, 1, 1, 'efectivo'),
(620, '2022-12-26', 0.00, 1, 1, 'efectivo'),
(621, '2022-12-26', 1200.00, 1, 1, 'efectivo'),
(622, '2022-12-26', 3600000.00, 1, 1, 'efectivo'),
(623, '2022-12-26', 300000.00, 2, 1, 'efectivo'),
(624, '2022-12-27', 900000.00, 1, 1, 'efectivo'),
(625, '2022-12-27', 1400000.00, 1, 1, 'efectivo'),
(626, '2022-12-27', 1300000.00, 2, 1, 'efectivo'),
(627, '2022-12-27', 8000.00, 1, 1, 'efectivo'),
(628, '2022-12-27', 34000.00, 1, 1, 'efectivo'),
(629, '2022-12-27', 45000.00, 1, 1, 'efectivo'),
(630, '2022-12-27', 260000.00, 1, 1, 'efectivo'),
(631, '2022-12-27', 800000.00, 1, 1, 'efectivo'),
(632, '2022-12-27', 100000.00, 1, 1, 'efectivo'),
(633, '2022-12-27', 0.00, 1, 1, 'efectivo'),
(634, '2022-12-28', 1350000.00, 2, 1, 'efectivo'),
(635, '2022-12-28', 170000.00, 2, 1, 'efectivo'),
(636, '2022-12-28', 1300000.00, 1, 1, 'efectivo'),
(637, '2022-12-28', 20000.00, 2, 1, 'efectivo'),
(638, '2022-12-28', 700000.00, 1, 1, 'efectivo'),
(639, '2022-12-28', 109000.00, 1, 1, 'efectivo'),
(640, '2022-12-28', 490000.00, 1, 1, 'efectivo'),
(641, '2022-12-28', 180000.00, 1, 1, 'efectivo'),
(642, '2022-12-28', 650000.00, 1, 1, 'efectivo'),
(643, '2022-12-28', 2300000.00, 1, 1, 'efectivo'),
(644, '2022-12-28', 1600000.00, 1, 1, 'efectivo'),
(645, '2022-12-28', 1300000.00, 1, 1, 'efectivo'),
(646, '2022-12-28', 1800000.00, 1, 1, 'efectivo'),
(647, '2022-12-28', 2300000.00, 1, 1, 'efectivo'),
(648, '2022-12-28', 250000.00, 1, 1, 'efectivo'),
(649, '2022-12-28', 300000.00, 1, 1, 'efectivo'),
(650, '2022-12-29', 1900000.00, 2, 1, 'efectivo'),
(651, '2022-12-29', 180000.00, 2, 1, 'efectivo'),
(652, '2022-12-29', 0.00, 1, 1, 'efectivo'),
(653, '2022-12-29', 1300000.00, 2, 1, 'efectivo'),
(654, '2022-12-29', 150000.00, 2, 1, 'efectivo'),
(655, '2022-12-29', 500.00, 1, 1, 'efectivo'),
(656, '2022-12-29', 100000.00, 2, 1, 'efectivo'),
(657, '2022-12-29', 40000.00, 2, 1, 'efectivo'),
(658, '2022-12-29', 1600000.00, 2, 1, 'efectivo'),
(659, '2022-12-29', 180000.00, 1, 1, 'efectivo'),
(660, '2022-12-29', 2400000.00, 1, 1, 'efectivo'),
(661, '2022-12-29', 2800000.00, 1, 1, 'efectivo'),
(662, '2022-12-29', 350000.00, 1, 1, 'efectivo'),
(663, '2022-12-29', 650000.00, 1, 1, 'efectivo'),
(664, '2022-12-29', 20000.00, 1, 1, 'efectivo'),
(665, '2022-12-30', 100000.00, 1, 5, 'efectivo'),
(666, '2022-12-30', 2700000.00, 1, 1, 'efectivo'),
(667, '2022-12-30', 350000.00, 1, 1, 'efectivo'),
(668, '2022-12-30', 20000.00, 1, 1, 'efectivo'),
(669, '2022-12-30', 550000.00, 1, 1, 'efectivo'),
(670, '2022-12-30', 160000.00, 1, 1, 'efectivo'),
(671, '2022-12-30', 2350000.00, 1, 1, 'efectivo'),
(672, '2022-12-30', 1200000.00, 1, 1, 'efectivo'),
(673, '2022-12-30', 1100000.00, 1, 1, 'efectivo'),
(674, '2022-12-30', 170000.00, 1, 1, 'efectivo'),
(675, '2022-12-30', 170000.00, 1, 1, 'efectivo'),
(676, '2022-12-31', 130000.00, 1, 1, 'efectivo'),
(677, '2022-12-31', 3400000.00, 1, 1, 'efectivo'),
(678, '2022-12-31', 80000.00, 1, 1, 'efectivo'),
(679, '2022-12-31', 100000.00, 1, 1, 'efectivo'),
(680, '2022-12-31', 50000.00, 1, 1, 'efectivo'),
(681, '2022-12-31', 500000.00, 1, 1, 'efectivo'),
(682, '2022-12-31', 850000.00, 1, 1, 'efectivo'),
(683, '2022-12-31', 3700000.00, 1, 1, 'efectivo'),
(684, '2022-12-31', 1000000.00, 1, 1, 'efectivo'),
(685, '2022-12-31', 2000000.00, 1, 1, 'efectivo'),
(686, '2022-12-31', 900000.00, 1, 1, 'efectivo'),
(687, '2022-12-31', 2800000.00, 1, 1, 'efectivo'),
(688, '2022-12-31', 2800000.00, 1, 1, 'efectivo'),
(689, '2022-12-31', 2350000.00, 1, 1, 'efectivo'),
(690, '2022-12-31', 550000.00, 1, 1, 'efectivo'),
(691, '2022-12-31', 25000.00, 1, 1, 'efectivo'),
(692, '2023-01-02', 180000.00, 1, 1, 'efectivo'),
(693, '2023-01-02', 170000.00, 2, 1, 'efectivo'),
(694, '2023-01-02', 180000.00, 1, 1, 'efectivo'),
(695, '2023-01-02', 650000.00, 1, 1, 'efectivo'),
(696, '2023-01-02', 280.00, 1, 1, 'efectivo'),
(697, '2023-01-02', 1400000.00, 1, 1, 'efectivo'),
(698, '2023-01-02', 1400.00, 1, 1, 'efectivo'),
(699, '2023-01-02', 600000.00, 1, 1, 'efectivo'),
(700, '2023-01-02', 950000.00, 1, 1, 'efectivo'),
(701, '2023-01-02', 700000.00, 1, 1, 'efectivo'),
(702, '2023-01-02', 90000.00, 1, 1, 'efectivo'),
(703, '2023-01-02', 70000.00, 1, 1, 'efectivo'),
(704, '2023-01-02', 600000.00, 1, 1, 'efectivo'),
(705, '2023-01-02', 480000.00, 2, 1, 'efectivo'),
(706, '2023-01-02', 180000.00, 1, 1, 'efectivo'),
(707, '2023-01-02', 550000.00, 1, 1, 'efectivo'),
(708, '2023-01-02', 550000.00, 1, 1, 'efectivo'),
(709, '2023-01-02', 550000.00, 1, 1, 'efectivo'),
(710, '2023-01-02', 600000.00, 1, 1, 'efectivo'),
(711, '2023-01-02', 1000000.00, 1, 1, 'efectivo'),
(712, '2023-01-03', 280000.00, 1, 1, 'efectivo'),
(713, '2023-01-03', 170000.00, 2, 1, 'efectivo'),
(714, '2023-01-03', 180000.00, 1, 1, 'efectivo'),
(715, '2023-01-03', 180000.00, 1, 1, 'efectivo'),
(716, '2023-01-03', 900000.00, 1, 1, 'efectivo'),
(717, '2023-01-03', 190000.00, 1, 1, 'efectivo'),
(718, '2023-01-03', 2250000.00, 1, 1, 'efectivo'),
(719, '2023-01-03', 80000.00, 1, 1, 'efectivo'),
(720, '2023-01-03', 100000.00, 1, 1, 'efectivo'),
(721, '2023-01-03', 25000.00, 1, 1, 'efectivo'),
(722, '2023-01-03', 30000.00, 1, 1, 'efectivo'),
(723, '2023-01-03', 100000.00, 1, 1, 'efectivo'),
(724, '2023-01-03', 70000.00, 1, 1, 'efectivo'),
(725, '2023-01-04', 280000.00, 1, 1, 'efectivo'),
(726, '2023-01-04', 50000.00, 1, 1, 'efectivo'),
(727, '2023-01-04', 1500000.00, 1, 1, 'efectivo'),
(728, '2023-01-04', 2300000.00, 2, 1, 'efectivo'),
(729, '2023-01-04', 2300000.00, 2, 1, 'efectivo'),
(730, '2023-01-04', 1700000.00, 1, 1, 'efectivo'),
(731, '2023-01-04', 200000.00, 1, 1, 'efectivo'),
(732, '2023-01-04', 700000.00, 1, 1, 'efectivo'),
(733, '2023-01-04', 1450000.00, 1, 1, 'efectivo'),
(734, '2023-01-04', 100000.00, 1, 1, 'efectivo'),
(735, '2023-01-04', 70000.00, 1, 1, 'efectivo'),
(736, '2023-01-04', 45000.00, 1, 1, 'efectivo'),
(737, '2023-01-04', 50000.00, 1, 1, 'efectivo'),
(738, '2023-01-04', 750000.00, 1, 1, 'efectivo'),
(739, '2023-01-04', 240000.00, 1, 1, 'efectivo'),
(740, '2023-01-04', 350000.00, 1, 1, 'efectivo'),
(741, '2023-01-04', 30000.00, 2, 1, 'efectivo'),
(742, '2023-01-04', 3700000.00, 1, 1, 'efectivo'),
(743, '2023-01-04', 2500000.00, 1, 1, 'efectivo'),
(744, '2023-01-04', 500000.00, 1, 1, 'efectivo'),
(745, '2023-01-04', 1100000.00, 1, 1, 'efectivo'),
(746, '2023-01-04', 650000.00, 1, 1, 'efectivo'),
(747, '2023-01-04', 150000.00, 1, 1, 'efectivo'),
(748, '2023-01-04', 1200000.00, 1, 1, 'efectivo'),
(749, '2023-01-04', 800000.00, 1, 1, 'efectivo'),
(750, '2023-01-04', 800000.00, 1, 1, 'efectivo'),
(751, '2023-01-04', 700000.00, 1, 1, 'efectivo'),
(752, '2023-01-04', 2200000.00, 1, 1, 'efectivo'),
(753, '2023-01-05', 700.00, 1, 1, 'efectivo'),
(754, '2023-01-05', 2500.00, 1, 1, 'efectivo'),
(755, '2023-01-05', 70.00, 1, 1, 'efectivo'),
(756, '2023-01-05', 3500000.00, 1, 1, 'efectivo'),
(757, '2023-01-05', 1800000.00, 1, 1, 'efectivo'),
(758, '2023-01-05', 850000.00, 1, 1, 'efectivo'),
(759, '2023-01-05', 1800000.00, 1, 1, 'efectivo'),
(760, '2023-01-05', 400000.00, 1, 1, 'efectivo'),
(761, '2023-01-05', 2400000.00, 1, 1, 'efectivo'),
(762, '2023-01-05', 1100000.00, 1, 1, 'efectivo'),
(763, '2023-01-05', 80000.00, 1, 1, 'efectivo'),
(764, '2023-01-05', 600000.00, 1, 1, 'efectivo'),
(765, '2023-01-05', 70000.00, 1, 1, 'efectivo'),
(766, '2023-01-05', 900000.00, 1, 1, 'efectivo'),
(767, '2023-01-05', 700000.00, 1, 1, 'efectivo'),
(768, '2023-01-05', 900000.00, 1, 1, 'efectivo'),
(769, '2023-01-05', 25000.00, 2, 1, 'efectivo'),
(770, '2023-01-05', 650000.00, 2, 1, 'efectivo'),
(771, '2023-01-05', 35000.00, 2, 1, 'efectivo'),
(772, '2023-01-05', 350000.00, 1, 1, 'efectivo'),
(773, '2023-01-05', 11600000.00, 2, 1, 'efectivo'),
(774, '2023-01-05', 1150000.00, 2, 1, 'efectivo'),
(775, '2023-01-05', 900000.00, 2, 1, 'efectivo'),
(776, '2023-01-05', 1000000.00, 1, 1, 'efectivo'),
(777, '2023-01-05', 2800000.00, 1, 1, 'efectivo'),
(778, '2023-01-05', 1100000.00, 1, 1, 'efectivo'),
(779, '2023-01-05', 1400.00, 1, 1, 'efectivo'),
(780, '2023-01-05', 600000.00, 2, 1, 'efectivo'),
(781, '2023-01-05', 650000.00, 2, 1, 'efectivo'),
(782, '2023-01-05', 6700000.00, 2, 1, 'efectivo'),
(783, '2023-01-05', 550000.00, 2, 1, 'efectivo'),
(784, '2023-01-05', 150000.00, 1, 1, 'efectivo'),
(785, '2023-01-05', 700000.00, 2, 1, 'efectivo'),
(786, '2023-01-05', 900000.00, 1, 1, 'efectivo'),
(787, '2023-01-05', 600000.00, 1, 1, 'efectivo'),
(788, '2023-01-05', 130000.00, 1, 1, 'efectivo'),
(789, '2023-01-06', 700000.00, 1, 1, 'efectivo'),
(790, '2023-01-06', 180.00, 1, 1, 'efectivo'),
(791, '2023-01-06', 1900000.00, 2, 1, 'efectivo'),
(792, '2023-01-06', 80000.00, 2, 1, 'efectivo'),
(793, '2023-01-06', 180000.00, 2, 1, 'efectivo'),
(794, '2023-01-06', 1600.00, 1, 1, 'efectivo'),
(795, '2023-01-06', 1000000.00, 2, 1, 'efectivo'),
(796, '2023-01-06', 950000.00, 1, 1, 'efectivo'),
(797, '2023-01-06', 2300000.00, 1, 1, 'efectivo'),
(798, '2023-01-06', 2400000.00, 2, 1, 'efectivo'),
(799, '2023-01-06', 1300000.00, 1, 1, 'efectivo'),
(800, '2023-01-06', 3200000.00, 2, 1, 'efectivo'),
(801, '2023-01-06', 700.00, 1, 1, 'efectivo'),
(802, '2023-01-06', 1700000.00, 2, 1, 'efectivo'),
(803, '2023-01-06', 1250.00, 2, 1, 'efectivo'),
(804, '2023-01-06', 150000.00, 2, 1, 'efectivo'),
(805, '2023-01-06', 550000.00, 1, 1, 'efectivo'),
(806, '2023-01-06', 750.00, 2, 1, 'efectivo'),
(807, '2023-01-06', 29810300.00, 2, 1, 'efectivo'),
(808, '2023-01-06', 650.00, 2, 1, 'efectivo'),
(809, '2023-01-06', 250000.00, 2, 1, 'efectivo'),
(810, '2023-01-06', 6030000.00, 2, 1, 'efectivo'),
(811, '2023-01-06', 350000.00, 2, 1, 'efectivo'),
(812, '2023-01-07', 700000.00, 1, 1, 'efectivo'),
(813, '2023-01-07', 200000.00, 1, 1, 'efectivo'),
(814, '2023-01-07', 350000.00, 1, 1, 'efectivo'),
(815, '2023-01-07', 255000.00, 1, 1, 'efectivo'),
(816, '2023-01-07', 1900000.00, 1, 1, 'efectivo'),
(817, '2023-01-07', 6000000.00, 1, 1, 'efectivo'),
(818, '2023-01-07', 150000.00, 1, 1, 'efectivo'),
(819, '2023-01-07', 370000.00, 1, 1, 'efectivo'),
(820, '2023-01-07', 1240000.00, 1, 1, 'efectivo'),
(821, '2023-01-07', 130000.00, 1, 1, 'efectivo'),
(822, '2023-01-07', 30000.00, 1, 1, 'efectivo'),
(823, '2023-01-07', 400000.00, 1, 1, 'efectivo'),
(824, '2023-01-07', 70000.00, 1, 1, 'efectivo'),
(825, '2023-01-07', 280000.00, 1, 1, 'efectivo'),
(826, '2023-01-07', 350000.00, 1, 1, 'efectivo'),
(827, '2023-01-09', 650000.00, 1, 1, 'efectivo'),
(828, '2023-01-09', 180000.00, 2, 1, 'efectivo'),
(829, '2023-01-09', 2400000.00, 2, 1, 'efectivo'),
(830, '2023-01-09', 120000.00, 1, 1, 'efectivo'),
(831, '2023-01-09', 300000.00, 1, 1, 'efectivo'),
(832, '2023-01-09', 370000.00, 1, 1, 'efectivo'),
(833, '2023-01-09', 180000.00, 1, 1, 'efectivo'),
(834, '2023-01-09', 1300000.00, 1, 1, 'efectivo'),
(835, '2023-01-09', 2350000.00, 1, 1, 'efectivo'),
(836, '2023-01-09', 1450750.00, 1, 1, 'efectivo'),
(837, '2023-01-09', 180000.00, 1, 1, 'efectivo'),
(838, '2023-01-09', 7000.00, 1, 1, 'efectivo'),
(839, '2023-01-10', 2700000.00, 1, 1, 'efectivo'),
(840, '2023-01-10', 750.00, 2, 1, 'efectivo'),
(841, '2023-01-10', 1200.00, 2, 1, 'efectivo'),
(842, '2023-01-10', 3400750.00, 1, 1, 'efectivo'),
(843, '2023-01-10', 750000.00, 1, 1, 'efectivo'),
(844, '2023-01-10', 2300.00, 1, 1, 'efectivo'),
(845, '2023-01-11', 600000.00, 1, 1, 'efectivo'),
(846, '2023-01-11', 50000.00, 1, 1, 'efectivo'),
(847, '2023-01-11', 180000.00, 1, 1, 'efectivo'),
(848, '2023-01-11', 4400000.00, 1, 1, 'efectivo'),
(849, '2023-01-11', 180000.00, 1, 1, 'efectivo'),
(850, '2023-01-11', 35000.00, 1, 1, 'efectivo'),
(851, '2023-01-11', 850000.00, 1, 1, 'efectivo'),
(852, '2023-01-11', 150000.00, 1, 1, 'efectivo'),
(853, '2023-01-11', 1800000.00, 1, 1, 'efectivo'),
(854, '2023-01-11', 2500000.00, 1, 1, 'efectivo'),
(855, '2023-01-11', 700000.00, 1, 1, 'efectivo'),
(856, '2023-01-11', 3500000.00, 1, 1, 'efectivo'),
(857, '2023-01-11', 2400000.00, 1, 1, 'efectivo'),
(858, '2023-01-11', 1400000.00, 1, 1, 'efectivo'),
(859, '2023-01-11', 0.00, 1, 1, 'efectivo'),
(860, '2023-01-11', 2400000.00, 1, 1, 'efectivo'),
(861, '2023-01-11', 2600.00, 1, 1, 'efectivo'),
(862, '2023-01-11', 150.00, 1, 1, 'efectivo'),
(863, '2023-01-12', 3900.00, 1, 1, 'efectivo'),
(864, '2023-01-12', 280000.00, 1, 1, 'efectivo'),
(865, '2023-01-12', 750000.00, 1, 1, 'efectivo'),
(866, '2023-01-12', 2400000.00, 1, 1, 'efectivo'),
(867, '2023-01-12', 1300000.00, 1, 1, 'efectivo'),
(868, '2023-01-12', 0.00, 1, 1, 'efectivo'),
(869, '2023-01-12', 750000.00, 1, 1, 'efectivo'),
(870, '2023-01-12', 1700000.00, 1, 1, 'efectivo'),
(871, '2023-01-12', 3500000.00, 1, 1, 'efectivo'),
(872, '2023-01-12', 0.00, 1, 1, 'efectivo'),
(873, '2023-01-12', 2500.00, 1, 1, 'efectivo'),
(874, '2023-01-12', 370000.00, 1, 1, 'efectivo'),
(875, '2023-01-12', 550000.00, 1, 1, 'efectivo'),
(876, '2023-01-12', 500000.00, 1, 1, 'efectivo'),
(877, '2023-01-12', 35000.00, 1, 1, 'efectivo'),
(878, '2023-01-12', 2400000.00, 1, 1, 'efectivo'),
(879, '2023-01-13', 1900000.00, 1, 1, 'efectivo'),
(880, '2023-01-13', 2400000.00, 1, 1, 'efectivo'),
(881, '2023-01-13', 140.00, 1, 1, 'efectivo'),
(882, '2023-01-13', 3500000.00, 1, 1, 'efectivo'),
(883, '2023-01-13', 400000.00, 1, 1, 'efectivo'),
(884, '2023-01-13', 30000.00, 1, 1, 'efectivo'),
(885, '2023-01-13', 2300000.00, 1, 1, 'efectivo'),
(886, '2023-01-13', 170000.00, 1, 1, 'efectivo'),
(887, '2023-01-13', 13000.00, 1, 1, 'efectivo'),
(888, '2023-01-13', 3500000.00, 1, 1, 'efectivo'),
(889, '2023-01-13', 750000.00, 1, 1, 'efectivo'),
(890, '2023-01-13', 195000.00, 1, 1, 'efectivo'),
(891, '2023-01-13', 180000.00, 1, 1, 'efectivo'),
(892, '2023-01-14', 100000.00, 1, 1, 'efectivo'),
(893, '2023-01-14', 7500.00, 1, 1, 'efectivo'),
(894, '2023-01-14', 7500.00, 1, 1, 'efectivo'),
(895, '2023-01-14', 550000.00, 1, 1, 'efectivo'),
(896, '2023-01-14', 1100.00, 1, 1, 'efectivo'),
(897, '2023-01-14', 750.00, 1, 1, 'efectivo'),
(898, '2023-01-14', 2100000.00, 1, 1, 'efectivo'),
(899, '2023-01-14', 2200000.00, 1, 1, 'efectivo'),
(900, '2023-01-14', 700.00, 1, 1, 'efectivo'),
(901, '2023-01-14', 350000.00, 1, 1, 'efectivo'),
(902, '2023-01-14', 750000.00, 1, 1, 'efectivo'),
(903, '2023-01-14', 280000.00, 1, 1, 'efectivo'),
(904, '2023-01-14', 1650000.00, 1, 1, 'efectivo'),
(905, '2023-01-14', 2400000.00, 1, 1, 'efectivo'),
(906, '2023-01-14', 400000.00, 1, 1, 'efectivo'),
(907, '2023-01-14', 2400000.00, 1, 1, 'efectivo'),
(908, '2023-01-14', 440000.00, 1, 1, 'efectivo'),
(909, '2023-01-14', 3700000.00, 1, 1, 'efectivo'),
(910, '2023-01-14', 25000.00, 1, 1, 'efectivo'),
(911, '2023-01-14', 2400000.00, 1, 1, 'efectivo'),
(912, '2023-01-14', 1200.00, 1, 1, 'efectivo'),
(913, '2023-01-14', 750000.00, 1, 1, 'efectivo'),
(914, '2023-01-14', 120000.00, 1, 1, 'efectivo'),
(915, '2023-01-14', 400000.00, 1, 1, 'efectivo'),
(916, '2023-01-14', 150000.00, 1, 1, 'efectivo'),
(917, '2023-01-16', 350000.00, 1, 1, 'efectivo'),
(918, '2023-01-16', 20000.00, 1, 1, 'efectivo'),
(919, '2023-01-16', 2450000.00, 1, 1, 'efectivo'),
(920, '2023-01-16', 3450000.00, 1, 1, 'efectivo'),
(921, '2023-01-16', 2400000.00, 1, 1, 'efectivo'),
(922, '2023-01-16', 100000.00, 1, 1, 'efectivo'),
(923, '2023-01-16', 180000.00, 1, 1, 'efectivo'),
(924, '2023-01-16', 250000.00, 1, 1, 'efectivo'),
(925, '2023-01-16', 45000.00, 1, 1, 'efectivo'),
(926, '2023-01-16', 2551.00, 1, 1, 'efectivo'),
(927, '2023-01-16', 370000.00, 1, 1, 'efectivo'),
(928, '2023-01-16', 13000.00, 1, 1, 'efectivo'),
(929, '2023-01-16', 200000.00, 1, 1, 'efectivo'),
(930, '2023-01-16', 180000.00, 1, 1, 'efectivo'),
(931, '2023-01-16', 2300000.00, 1, 1, 'efectivo'),
(932, '2023-01-16', 25000.00, 1, 1, 'efectivo'),
(933, '2023-01-16', 2300000.00, 1, 1, 'efectivo'),
(934, '2023-01-17', 170000.00, 1, 1, 'efectivo'),
(935, '2023-01-17', 900000.00, 1, 1, 'efectivo'),
(936, '2023-01-17', 600000.00, 1, 1, 'efectivo'),
(937, '2023-01-17', 80000.00, 1, 1, 'efectivo'),
(938, '2023-01-17', 1900000.00, 1, 1, 'efectivo'),
(939, '2023-01-17', 100000.00, 1, 1, 'efectivo'),
(940, '2023-01-17', 480000.00, 1, 1, 'efectivo'),
(941, '2023-01-17', 220000.00, 1, 1, 'efectivo'),
(942, '2023-01-17', 150000.00, 1, 1, 'efectivo'),
(943, '2023-01-17', 350000.00, 1, 1, 'efectivo'),
(944, '2023-01-17', 5550000.00, 1, 1, 'efectivo'),
(945, '2023-01-17', 2400000.00, 1, 1, 'efectivo'),
(946, '2023-01-17', 280000.00, 1, 1, 'efectivo'),
(947, '2023-01-17', 280000.00, 1, 1, 'efectivo'),
(948, '2023-01-17', 3000000.00, 1, 1, 'efectivo'),
(949, '2023-01-17', 25000.00, 1, 1, 'efectivo'),
(950, '2023-01-18', 200000.00, 1, 1, 'efectivo'),
(951, '2023-01-18', 1250.00, 1, 1, 'efectivo'),
(952, '2023-01-18', 80000.00, 1, 1, 'efectivo'),
(953, '2023-01-18', 1750.00, 1, 1, 'efectivo'),
(954, '2023-01-18', 240000.00, 1, 1, 'efectivo'),
(955, '2023-01-18', 30000.00, 1, 1, 'efectivo'),
(956, '2023-01-18', 900000.00, 1, 1, 'efectivo'),
(957, '2023-01-18', 80000.00, 1, 1, 'efectivo'),
(958, '2023-01-18', 660.00, 1, 1, 'efectivo'),
(959, '2023-01-18', 380000.00, 1, 1, 'efectivo'),
(960, '2023-01-18', 1200000.00, 1, 1, 'efectivo'),
(961, '2023-01-18', 40000.00, 1, 1, 'efectivo'),
(962, '2023-01-18', 1400000.00, 1, 1, 'efectivo'),
(963, '2023-01-19', 250000.00, 1, 1, 'efectivo'),
(964, '2023-01-19', 2500000.00, 1, 1, 'efectivo'),
(965, '2023-01-19', 170000.00, 1, 1, 'efectivo'),
(966, '2023-01-19', 2400000.00, 1, 1, 'efectivo'),
(967, '2023-01-19', 80000.00, 1, 1, 'efectivo'),
(968, '2023-01-19', 2300000.00, 1, 1, 'efectivo'),
(969, '2023-01-19', 150000.00, 1, 1, 'efectivo'),
(970, '2023-01-19', 600000.00, 1, 1, 'efectivo'),
(971, '2023-01-19', 100000.00, 1, 1, 'efectivo'),
(972, '2023-01-19', 20000.00, 1, 1, 'efectivo'),
(973, '2023-01-19', 25000.00, 1, 1, 'efectivo'),
(974, '2023-01-19', 2200000.00, 1, 1, 'efectivo'),
(975, '2023-01-20', 1100000.00, 1, 1, 'efectivo'),
(976, '2023-01-20', 300.00, 1, 1, 'efectivo'),
(977, '2023-01-20', 600000.00, 1, 1, 'efectivo'),
(978, '2023-01-20', 30000.00, 1, 1, 'efectivo'),
(979, '2023-01-20', 1240000.00, 1, 1, 'efectivo'),
(980, '2023-01-20', 0.00, 1, 1, 'efectivo'),
(981, '2023-01-20', 450.00, 1, 1, 'efectivo'),
(982, '2023-01-20', 5000000.00, 1, 1, 'efectivo'),
(983, '2023-01-20', 750.00, 1, 1, 'efectivo'),
(984, '2023-01-21', 4600.00, 2, 1, 'efectivo'),
(985, '2023-01-21', 2600000.00, 1, 1, 'efectivo'),
(986, '2023-01-21', 800000.00, 1, 1, 'efectivo'),
(987, '2023-01-21', 130000.00, 1, 1, 'efectivo'),
(988, '2023-01-21', 2400000.00, 1, 1, 'efectivo'),
(989, '2023-01-21', 150000.00, 1, 1, 'efectivo'),
(990, '2023-01-21', 250000.00, 1, 1, 'efectivo'),
(991, '2023-01-21', 180000.00, 1, 1, 'efectivo'),
(992, '2023-01-21', 2300000.00, 1, 1, 'efectivo'),
(993, '2023-01-21', 0.00, 1, 1, 'efectivo'),
(994, '2023-01-21', 2800.00, 1, 1, 'efectivo'),
(995, '2023-01-21', 0.00, 1, 1, 'efectivo'),
(996, '2023-01-21', 700000.00, 1, 1, 'efectivo'),
(997, '2023-01-21', 9000.00, 1, 1, 'efectivo'),
(998, '2023-01-21', 70000.00, 1, 1, 'efectivo'),
(999, '2023-01-23', 1590000.00, 1, 1, 'efectivo'),
(1000, '2023-01-23', 0.00, 1, 1, 'efectivo'),
(1001, '2023-01-23', 700.00, 1, 1, 'efectivo'),
(1002, '2023-01-23', 2500000.00, 1, 1, 'efectivo'),
(1003, '2023-01-23', 0.00, 1, 1, 'efectivo'),
(1004, '2023-01-23', 250000.00, 1, 1, 'efectivo'),
(1005, '2023-01-23', 5000000.00, 1, 1, 'efectivo'),
(1006, '2023-01-23', 350000.00, 1, 1, 'efectivo'),
(1007, '2023-01-23', 2300000.00, 1, 1, 'efectivo'),
(1008, '2023-01-23', 35000.00, 1, 1, 'efectivo'),
(1009, '2023-01-23', 3600000.00, 1, 1, 'efectivo'),
(1010, '2023-01-23', 1100000.00, 1, 1, 'efectivo'),
(1011, '2023-01-23', 200000.00, 1, 1, 'efectivo'),
(1012, '2023-01-23', 315000.00, 1, 1, 'efectivo'),
(1013, '2023-01-23', 1600000.00, 1, 1, 'efectivo'),
(1014, '2023-01-24', 170000.00, 1, 1, 'efectivo'),
(1015, '2023-01-24', 25000.00, 1, 1, 'efectivo'),
(1016, '2023-01-24', 1100000.00, 1, 1, 'efectivo'),
(1017, '2023-01-24', 80000.00, 1, 1, 'efectivo'),
(1018, '2023-01-24', 3600000.00, 1, 1, 'efectivo'),
(1019, '2023-01-24', 700000.00, 1, 1, 'efectivo'),
(1020, '2023-01-24', 280000.00, 1, 1, 'efectivo'),
(1021, '2023-01-24', 2700000.00, 1, 1, 'efectivo'),
(1022, '2023-01-24', 1900000.00, 1, 1, 'efectivo'),
(1023, '2023-01-24', 2600000.00, 1, 1, 'efectivo'),
(1024, '2023-01-24', 320000.00, 1, 1, 'efectivo'),
(1025, '2023-01-24', 200000.00, 1, 1, 'efectivo'),
(1026, '2023-01-24', 0.00, 1, 1, 'efectivo'),
(1027, '2023-01-24', 0.00, 1, 1, 'efectivo'),
(1028, '2023-01-25', 750000.00, 1, 1, 'efectivo'),
(1029, '2023-01-25', 400000.00, 1, 1, 'efectivo'),
(1030, '2023-01-25', 80000.00, 1, 1, 'efectivo'),
(1031, '2023-01-25', 2400000.00, 1, 1, 'efectivo'),
(1032, '2023-01-25', 30000.00, 1, 1, 'efectivo'),
(1033, '2023-01-25', 70000.00, 1, 1, 'efectivo'),
(1034, '2023-01-25', 170000.00, 1, 1, 'efectivo'),
(1035, '2023-01-25', 2500000.00, 1, 1, 'efectivo'),
(1036, '2023-01-25', 600000.00, 1, 1, 'efectivo'),
(1037, '2023-01-25', 6500000.00, 1, 1, 'efectivo'),
(1038, '2023-01-25', 30000.00, 1, 1, 'efectivo'),
(1039, '2023-01-25', 6000000.00, 1, 1, 'efectivo'),
(1040, '2023-01-26', 150000.00, 1, 1, 'efectivo'),
(1041, '2023-01-26', 600000.00, 1, 1, 'efectivo'),
(1042, '2023-01-26', 170000.00, 1, 1, 'efectivo'),
(1043, '2023-01-26', 50000.00, 1, 1, 'efectivo'),
(1044, '2023-01-26', 50000.00, 1, 1, 'efectivo'),
(1045, '2023-01-26', 2100000.00, 1, 1, 'efectivo'),
(1046, '2023-01-26', 300000.00, 1, 1, 'efectivo'),
(1047, '2023-01-26', 0.00, 1, 1, 'efectivo'),
(1048, '2023-01-26', 2400000.00, 1, 1, 'efectivo'),
(1049, '2023-01-26', 80000.00, 1, 1, 'efectivo'),
(1050, '2023-01-26', 165000.00, 1, 1, 'efectivo'),
(1051, '2023-01-26', 70000.00, 1, 1, 'efectivo'),
(1052, '2023-01-26', 25000.00, 1, 1, 'efectivo'),
(1053, '2023-01-26', 250000.00, 1, 1, 'efectivo'),
(1054, '2023-01-26', 2550000.00, 1, 1, 'efectivo'),
(1055, '2023-01-26', 2800000.00, 1, 1, 'efectivo'),
(1056, '2023-01-26', 170000.00, 1, 1, 'efectivo'),
(1057, '2023-01-27', 2100000.00, 1, 1, 'efectivo'),
(1058, '2023-01-27', 200000.00, 1, 1, 'efectivo'),
(1059, '2023-01-27', 1350.00, 1, 1, 'efectivo'),
(1060, '2023-01-27', 2600000.00, 1, 1, 'efectivo'),
(1061, '2023-01-27', 0.00, 1, 1, 'efectivo'),
(1062, '2023-01-27', 2400000.00, 1, 1, 'efectivo'),
(1063, '2023-01-27', 1650000.00, 1, 1, 'efectivo'),
(1064, '2023-01-27', 980000.00, 1, 1, 'efectivo'),
(1065, '2023-01-27', 1750000.00, 1, 1, 'efectivo'),
(1066, '2023-01-27', 2500000.00, 1, 1, 'efectivo'),
(1067, '2023-01-27', 130000.00, 1, 1, 'efectivo');
INSERT INTO `ventas` (`idVenta`, `fechaV`, `totalV`, `idUser`, `idEstablecimiento`, `tipoPago`) VALUES
(1068, '2023-01-27', 30000.00, 1, 1, 'efectivo'),
(1069, '2023-01-27', 2500000.00, 1, 1, 'efectivo'),
(1070, '2023-01-27', 2200000.00, 1, 1, 'efectivo'),
(1071, '2023-01-27', 2300000.00, 1, 1, 'efectivo'),
(1072, '2023-01-27', 900000.00, 1, 1, 'efectivo'),
(1073, '2023-01-28', 450000.00, 1, 1, 'efectivo'),
(1074, '2023-01-28', 2300000.00, 1, 1, 'efectivo'),
(1075, '2023-01-28', 2400000.00, 1, 1, 'efectivo'),
(1076, '2023-01-28', 250000.00, 1, 1, 'efectivo'),
(1077, '2023-01-28', 0.00, 1, 1, 'efectivo'),
(1078, '2023-01-28', 350.00, 1, 1, 'efectivo'),
(1079, '2023-01-28', 1400000.00, 1, 1, 'efectivo'),
(1080, '2023-01-28', 0.00, 1, 1, 'efectivo'),
(1081, '2023-01-28', 1800000.00, 1, 1, 'efectivo'),
(1082, '2023-01-28', 170000.00, 1, 1, 'efectivo'),
(1083, '2023-01-28', 150000.00, 1, 1, 'efectivo'),
(1084, '2023-01-28', 170000.00, 1, 1, 'efectivo'),
(1085, '2023-01-28', 450000.00, 1, 1, 'efectivo'),
(1086, '2023-01-28', 200000.00, 1, 1, 'efectivo'),
(1087, '2023-01-30', 1850000.00, 1, 1, 'efectivo'),
(1088, '2023-01-30', 650.00, 1, 1, 'efectivo'),
(1089, '2023-01-30', 650000.00, 1, 1, 'efectivo'),
(1090, '2023-01-30', 2500000.00, 1, 1, 'efectivo'),
(1091, '2023-01-30', 120000.00, 1, 1, 'efectivo'),
(1092, '2023-01-30', 650.00, 1, 1, 'efectivo'),
(1093, '2023-01-30', 1650000.00, 1, 1, 'efectivo'),
(1094, '2023-01-30', 720000.00, 1, 1, 'efectivo'),
(1095, '2023-01-30', 150000.00, 1, 1, 'efectivo'),
(1096, '2023-01-30', 250000.00, 1, 1, 'efectivo'),
(1097, '2023-01-30', 740000.00, 1, 1, 'efectivo'),
(1098, '2023-01-30', 750000.00, 1, 1, 'efectivo'),
(1099, '2023-01-30', 400000.00, 1, 1, 'efectivo'),
(1100, '2023-01-31', 30000.00, 1, 1, 'efectivo'),
(1101, '2023-01-31', 1100000.00, 1, 1, 'efectivo'),
(1102, '2023-01-31', 200000.00, 1, 1, 'efectivo'),
(1103, '2023-01-31', 100000.00, 1, 1, 'efectivo'),
(1104, '2023-01-31', 1080000.00, 1, 1, 'efectivo'),
(1105, '2023-01-31', 2050000.00, 1, 1, 'efectivo'),
(1106, '2023-01-31', 2050000.00, 1, 1, 'efectivo'),
(1107, '2023-01-31', 4500000.00, 1, 1, 'efectivo'),
(1108, '2023-01-31', 2100000.00, 1, 1, 'efectivo'),
(1109, '2023-01-31', 200000.00, 1, 1, 'efectivo'),
(1110, '2023-01-31', 35000.00, 1, 1, 'efectivo'),
(1111, '2023-01-31', 2730000.00, 1, 1, 'efectivo'),
(1112, '2023-01-31', 40000.00, 1, 1, 'efectivo'),
(1113, '2023-01-31', 700000.00, 1, 1, 'efectivo'),
(1114, '2023-01-31', 170000.00, 1, 1, 'efectivo'),
(1115, '2023-01-31', 1400000.00, 1, 1, 'efectivo'),
(1116, '2023-01-31', 60000.00, 1, 1, 'efectivo'),
(1117, '2023-02-01', 2400000.00, 1, 1, 'efectivo'),
(1118, '2023-02-01', 2850000.00, 1, 1, 'efectivo'),
(1119, '2023-02-01', 1100000.00, 1, 1, 'efectivo'),
(1120, '2023-02-01', 1300000.00, 1, 1, 'efectivo'),
(1121, '2023-02-01', 150000.00, 1, 1, 'efectivo'),
(1122, '2023-02-01', 350000.00, 1, 1, 'efectivo'),
(1123, '2023-02-01', 5600000.00, 1, 1, 'efectivo'),
(1124, '2023-02-01', 700000.00, 1, 1, 'efectivo'),
(1125, '2023-02-01', 3400000.00, 1, 1, 'efectivo'),
(1126, '2023-02-01', 1700000.00, 1, 1, 'efectivo'),
(1127, '2023-02-01', 200000.00, 1, 1, 'efectivo'),
(1128, '2023-02-01', 3700000.00, 1, 1, 'efectivo'),
(1129, '2023-02-01', 2700000.00, 1, 1, 'efectivo'),
(1130, '2023-02-02', 300000.00, 1, 1, 'efectivo'),
(1131, '2023-02-02', 750000.00, 1, 1, 'efectivo'),
(1132, '2023-02-02', 300000.00, 1, 1, 'efectivo'),
(1133, '2023-02-02', 800000.00, 1, 1, 'efectivo'),
(1134, '2023-02-02', 2200000.00, 1, 1, 'efectivo'),
(1135, '2023-02-02', 170000.00, 1, 1, 'efectivo'),
(1136, '2023-02-02', 700000.00, 1, 1, 'efectivo'),
(1137, '2023-02-02', 650000.00, 1, 1, 'efectivo'),
(1138, '2023-02-02', 180000.00, 1, 1, 'efectivo'),
(1139, '2023-02-02', 250000.00, 1, 1, 'efectivo'),
(1140, '2023-02-03', 1100000.00, 1, 1, 'efectivo'),
(1141, '2023-02-03', 250000.00, 1, 1, 'efectivo'),
(1142, '2023-02-03', 150000.00, 1, 1, 'efectivo'),
(1143, '2023-02-03', 35000.00, 1, 1, 'efectivo'),
(1144, '2023-02-03', 1200000.00, 1, 1, 'efectivo'),
(1145, '2023-02-03', 850000.00, 1, 1, 'efectivo'),
(1146, '2023-02-03', 1900.00, 1, 1, 'efectivo'),
(1147, '2023-02-03', 1900.00, 1, 1, 'efectivo'),
(1148, '2023-02-03', 350000.00, 1, 1, 'efectivo'),
(1149, '2023-02-03', 700000.00, 1, 1, 'efectivo'),
(1150, '2023-02-03', 80000.00, 1, 1, 'efectivo'),
(1151, '2023-02-03', 20000.00, 1, 1, 'efectivo'),
(1152, '2023-02-04', 300000.00, 1, 1, 'efectivo'),
(1153, '2023-02-04', 170000.00, 1, 1, 'efectivo'),
(1154, '2023-02-04', 3800000.00, 1, 1, 'efectivo'),
(1155, '2023-02-04', 530000.00, 1, 1, 'efectivo'),
(1156, '2023-02-04', 60000.00, 1, 1, 'efectivo'),
(1157, '2023-02-04', 1200000.00, 1, 1, 'efectivo'),
(1158, '2023-02-04', 200000.00, 1, 1, 'efectivo'),
(1159, '2023-02-04', 1350000.00, 1, 1, 'efectivo'),
(1160, '2023-02-04', 150000.00, 1, 1, 'efectivo'),
(1161, '2023-02-04', 70000.00, 1, 1, 'efectivo'),
(1162, '2023-02-04', 70000.00, 1, 1, 'efectivo'),
(1163, '2023-02-04', 70000.00, 1, 1, 'efectivo'),
(1164, '2023-02-04', 100000.00, 1, 1, 'efectivo'),
(1165, '2023-02-04', 180000.00, 1, 1, 'efectivo'),
(1166, '2023-02-06', 150000.00, 1, 1, 'efectivo'),
(1167, '2023-02-06', 3200000.00, 1, 1, 'efectivo'),
(1168, '2023-02-06', 1300000.00, 1, 1, 'efectivo'),
(1169, '2023-02-06', 80000.00, 1, 1, 'efectivo'),
(1170, '2023-02-06', 80000.00, 1, 1, 'efectivo'),
(1171, '2023-02-06', 150000.00, 1, 1, 'efectivo'),
(1172, '2023-02-06', 150000.00, 1, 1, 'efectivo'),
(1173, '2023-02-06', 200000.00, 1, 1, 'efectivo'),
(1174, '2023-02-06', 70000.00, 1, 1, 'efectivo'),
(1175, '2023-02-06', 1200000.00, 1, 1, 'efectivo'),
(1176, '2023-02-06', 290000.00, 1, 1, 'efectivo'),
(1177, '2023-02-06', 960000.00, 1, 1, 'efectivo'),
(1178, '2023-02-06', 2190000.00, 1, 1, 'efectivo'),
(1179, '2023-02-07', 200000.00, 1, 1, 'efectivo'),
(1180, '2023-02-07', 1300000.00, 1, 1, 'efectivo'),
(1181, '2023-02-07', 160000.00, 1, 1, 'efectivo'),
(1182, '2023-02-07', 120000.00, 1, 1, 'efectivo'),
(1183, '2023-02-07', 15000.00, 1, 1, 'efectivo'),
(1184, '2023-02-07', 200000.00, 1, 1, 'efectivo'),
(1185, '2023-02-07', 150000.00, 1, 1, 'efectivo'),
(1186, '2023-02-07', 120000.00, 1, 1, 'efectivo'),
(1187, '2023-02-08', 30000.00, 1, 1, 'efectivo'),
(1188, '2023-02-08', 30000.00, 1, 1, 'efectivo'),
(1189, '2023-02-08', 850000.00, 1, 1, 'efectivo'),
(1190, '2023-02-08', 750000.00, 1, 1, 'efectivo'),
(1191, '2023-02-08', 130000.00, 1, 1, 'efectivo'),
(1192, '2023-02-08', 200000.00, 1, 1, 'efectivo'),
(1193, '2023-02-08', 3700000.00, 1, 1, 'efectivo'),
(1194, '2023-02-08', 100000.00, 1, 1, 'efectivo'),
(1195, '2023-02-08', 35000.00, 1, 1, 'efectivo'),
(1196, '2023-02-08', 150000.00, 1, 1, 'efectivo'),
(1197, '2023-02-08', 700000.00, 1, 1, 'efectivo'),
(1198, '2023-02-08', 5050000.00, 1, 1, 'efectivo'),
(1199, '2023-02-08', 1150000.00, 1, 1, 'efectivo'),
(1200, '2023-02-09', 5500000.00, 1, 1, 'efectivo'),
(1201, '2023-02-09', 80000.00, 1, 1, 'efectivo'),
(1202, '2023-02-09', 2500000.00, 1, 1, 'efectivo'),
(1203, '2023-02-09', 150000.00, 1, 1, 'efectivo'),
(1204, '2023-02-09', 150000.00, 1, 1, 'efectivo'),
(1205, '2023-02-09', 30000.00, 1, 1, 'efectivo'),
(1206, '2023-02-09', 950000.00, 1, 1, 'efectivo'),
(1207, '2023-02-09', 70000.00, 1, 1, 'efectivo'),
(1208, '2023-02-09', 4000000.00, 1, 1, 'efectivo'),
(1209, '2023-02-09', 550000.00, 1, 1, 'efectivo'),
(1210, '2023-02-10', 0.00, 1, 1, 'efectivo'),
(1211, '2023-02-10', 2700000.00, 1, 1, 'efectivo'),
(1212, '2023-02-10', 2100000.00, 1, 1, 'efectivo'),
(1213, '2023-02-10', 700000.00, 1, 1, 'efectivo'),
(1214, '2023-02-10', 150000.00, 1, 1, 'efectivo'),
(1215, '2023-02-10', 100000.00, 1, 1, 'efectivo'),
(1216, '2023-02-10', 1600000.00, 1, 1, 'efectivo'),
(1217, '2023-02-11', 200000.00, 1, 1, 'efectivo'),
(1218, '2023-02-11', 2000000.00, 1, 1, 'efectivo'),
(1219, '2023-02-11', 300000.00, 1, 1, 'efectivo'),
(1220, '2023-02-11', 200000.00, 1, 1, 'efectivo'),
(1221, '2023-02-11', 800000.00, 1, 1, 'efectivo'),
(1222, '2023-02-11', 700000.00, 1, 1, 'efectivo'),
(1223, '2023-02-11', 150000.00, 1, 1, 'efectivo'),
(1224, '2023-02-11', 600000.00, 1, 1, 'efectivo'),
(1225, '2023-02-11', 35000.00, 1, 1, 'efectivo'),
(1226, '2023-02-11', 70000.00, 1, 1, 'efectivo'),
(1227, '2023-02-11', 50000.00, 1, 1, 'efectivo'),
(1228, '2023-02-11', 700000.00, 1, 1, 'efectivo'),
(1229, '2023-02-11', 180000.00, 1, 1, 'efectivo'),
(1230, '2023-02-11', 300000.00, 1, 1, 'efectivo'),
(1231, '2023-02-11', 1300000.00, 1, 1, 'efectivo'),
(1232, '2023-02-11', 100000.00, 1, 1, 'efectivo'),
(1233, '2023-02-11', 550000.00, 1, 1, 'efectivo'),
(1234, '2023-02-11', 2500000.00, 1, 1, 'efectivo'),
(1235, '2023-02-13', 700000.00, 1, 1, 'efectivo'),
(1236, '2023-02-13', 2500000.00, 1, 1, 'efectivo'),
(1237, '2023-02-13', 180000.00, 1, 1, 'efectivo'),
(1238, '2023-02-13', 1900000.00, 1, 1, 'efectivo'),
(1239, '2023-02-13', 130000.00, 1, 1, 'efectivo'),
(1240, '2023-02-13', 950000.00, 1, 1, 'efectivo'),
(1241, '2023-02-13', 35000.00, 1, 1, 'efectivo'),
(1242, '2023-02-13', 2500000.00, 1, 1, 'efectivo'),
(1243, '2023-02-13', 70000.00, 1, 1, 'efectivo'),
(1244, '2023-02-13', 920000.00, 1, 1, 'efectivo'),
(1245, '2023-02-13', 4500000.00, 1, 1, 'efectivo'),
(1246, '2023-02-13', 565000.00, 1, 1, 'efectivo'),
(1247, '2023-02-13', 3500000.00, 1, 1, 'efectivo'),
(1248, '2023-02-13', 1700000.00, 1, 1, 'efectivo'),
(1249, '2023-02-14', 200000.00, 1, 1, 'efectivo'),
(1250, '2023-02-14', 150000.00, 1, 1, 'efectivo'),
(1251, '2023-02-14', 180000.00, 1, 1, 'efectivo'),
(1252, '2023-02-14', 1900000.00, 1, 1, 'efectivo'),
(1253, '2023-02-14', 320000.00, 1, 1, 'efectivo'),
(1254, '2023-02-14', 1150000.00, 1, 1, 'efectivo'),
(1255, '2023-02-14', 2250.00, 1, 1, 'efectivo'),
(1256, '2023-02-14', 280000.00, 1, 1, 'efectivo'),
(1257, '2023-02-14', 35000.00, 1, 1, 'efectivo'),
(1258, '2023-02-14', 270000.00, 1, 1, 'efectivo'),
(1259, '2023-02-14', 450000.00, 1, 1, 'efectivo'),
(1260, '2023-02-14', 330000.00, 1, 1, 'efectivo'),
(1261, '2023-02-14', 1700000.00, 1, 1, 'efectivo'),
(1262, '2023-02-14', 750000.00, 1, 1, 'efectivo'),
(1263, '2023-02-14', 900000.00, 1, 1, 'efectivo'),
(1264, '2023-02-14', 30000.00, 1, 1, 'efectivo'),
(1265, '2023-02-14', 1150000.00, 1, 1, 'efectivo'),
(1266, '2023-02-14', 1000000.00, 1, 1, 'efectivo'),
(1267, '2023-02-14', 700000.00, 1, 1, 'efectivo'),
(1268, '2023-02-14', 3200000.00, 1, 1, 'efectivo'),
(1269, '2023-02-14', 1700000.00, 1, 1, 'efectivo'),
(1270, '2023-02-14', 900000.00, 1, 1, 'efectivo'),
(1271, '2023-02-15', 45000.00, 1, 1, 'efectivo'),
(1272, '2023-02-15', 250000.00, 1, 1, 'efectivo'),
(1273, '2023-02-15', 0.00, 1, 1, 'efectivo'),
(1274, '2023-02-15', 0.00, 1, 1, 'efectivo'),
(1275, '2023-02-15', 15000.00, 1, 1, 'efectivo'),
(1276, '2023-02-15', 600000.00, 1, 1, 'efectivo'),
(1277, '2023-02-15', 0.00, 1, 1, 'efectivo'),
(1278, '2023-02-15', 130000.00, 1, 1, 'efectivo'),
(1279, '2023-02-15', 4600000.00, 1, 1, 'efectivo'),
(1280, '2023-02-15', 120000.00, 1, 1, 'efectivo'),
(1281, '2023-02-15', 0.00, 1, 1, 'efectivo'),
(1282, '2023-02-15', 2300000.00, 1, 1, 'efectivo'),
(1283, '2023-02-15', 1150000.00, 1, 1, 'efectivo'),
(1284, '2023-02-15', 0.00, 1, 1, 'efectivo'),
(1285, '2023-02-15', 0.00, 1, 1, 'efectivo'),
(1286, '2023-02-15', 800000.00, 1, 1, 'efectivo'),
(1287, '2023-02-15', 0.00, 1, 1, 'efectivo'),
(1288, '2023-02-15', 340000.00, 1, 1, 'efectivo'),
(1289, '2023-02-15', 650000.00, 1, 1, 'efectivo'),
(1290, '2023-02-15', 250000.00, 1, 1, 'efectivo'),
(1291, '2023-02-15', 40000.00, 1, 1, 'efectivo'),
(1292, '2023-02-16', 25000.00, 1, 1, 'efectivo'),
(1293, '2023-02-16', 2900000.00, 1, 1, 'efectivo'),
(1294, '2023-02-16', 70000.00, 1, 1, 'efectivo'),
(1295, '2023-02-16', 30000.00, 1, 1, 'efectivo'),
(1296, '2023-02-16', 800000.00, 1, 1, 'efectivo'),
(1297, '2023-02-16', 2100.00, 1, 1, 'efectivo'),
(1298, '2023-02-16', 30000.00, 1, 1, 'efectivo'),
(1299, '2023-02-16', 0.00, 1, 1, 'efectivo'),
(1300, '2023-02-16', 2400000.00, 1, 1, 'efectivo'),
(1301, '2023-02-16', 850000.00, 1, 1, 'efectivo'),
(1302, '2023-02-16', 1600730.00, 1, 1, 'efectivo'),
(1303, '2023-02-17', 100000.00, 1, 1, 'efectivo'),
(1304, '2023-02-17', 800000.00, 1, 1, 'efectivo'),
(1305, '2023-02-17', 1600000.00, 1, 1, 'efectivo'),
(1306, '2023-02-17', 650000.00, 1, 1, 'efectivo'),
(1307, '2023-02-17', 20000.00, 1, 1, 'efectivo'),
(1308, '2023-02-17', 0.00, 1, 1, 'efectivo'),
(1309, '2023-02-17', 1250000.00, 1, 1, 'efectivo'),
(1310, '2023-02-17', 30000.00, 1, 1, 'efectivo'),
(1311, '2023-02-18', 700000.00, 1, 1, 'efectivo'),
(1312, '2023-02-18', 25000.00, 1, 1, 'efectivo'),
(1313, '2023-02-18', 280000.00, 1, 1, 'efectivo'),
(1314, '2023-02-20', 0.00, 1, 1, 'efectivo'),
(1315, '2023-02-20', 400000.00, 1, 1, 'efectivo'),
(1316, '2023-02-20', 1200000.00, 1, 1, 'efectivo'),
(1317, '2023-02-20', 1800000.00, 1, 1, 'efectivo'),
(1318, '2023-02-20', 7100.00, 1, 1, 'efectivo'),
(1319, '2023-02-20', 0.00, 1, 1, 'efectivo'),
(1320, '2023-02-20', 800000.00, 1, 1, 'efectivo'),
(1321, '2023-02-20', 850000.00, 1, 1, 'efectivo'),
(1322, '2023-02-20', 80000.00, 1, 1, 'efectivo'),
(1323, '2023-02-20', 1350000.00, 1, 1, 'efectivo'),
(1324, '2023-02-21', 1900.00, 1, 1, 'efectivo'),
(1325, '2023-02-21', 130000.00, 1, 1, 'efectivo'),
(1326, '2023-02-21', 180000.00, 1, 1, 'efectivo'),
(1327, '2023-02-21', 3600000.00, 1, 1, 'efectivo'),
(1328, '2023-02-21', 500000.00, 1, 1, 'efectivo'),
(1329, '2023-02-21', 500000.00, 1, 1, 'efectivo'),
(1330, '2023-02-21', 80000.00, 1, 1, 'efectivo'),
(1331, '2023-02-21', 400000.00, 1, 1, 'efectivo'),
(1332, '2023-02-21', 650.00, 1, 1, 'efectivo'),
(1333, '2023-02-21', 50000.00, 1, 1, 'efectivo'),
(1334, '2023-02-21', 230000.00, 1, 1, 'efectivo'),
(1335, '2023-02-21', 840000.00, 1, 1, 'efectivo'),
(1336, '2023-02-21', 150000.00, 1, 1, 'efectivo'),
(1337, '2023-02-21', 1250000.00, 1, 1, 'efectivo'),
(1338, '2023-02-21', 45000.00, 1, 1, 'efectivo'),
(1339, '2023-02-21', 400000.00, 1, 1, 'efectivo'),
(1340, '2023-02-21', 20000.00, 1, 1, 'efectivo'),
(1341, '2023-02-22', 2200000.00, 1, 1, 'efectivo'),
(1342, '2023-02-22', 120000.00, 1, 1, 'efectivo'),
(1343, '2023-02-22', 31000.00, 1, 1, 'efectivo'),
(1344, '2023-02-22', 750000.00, 1, 1, 'efectivo'),
(1345, '2023-02-23', 80000.00, 1, 1, 'efectivo'),
(1346, '2023-02-23', 20000.00, 1, 1, 'efectivo'),
(1347, '2023-02-23', 3700.00, 1, 1, 'efectivo'),
(1348, '2023-02-23', 20000.00, 1, 1, 'efectivo'),
(1349, '2023-02-23', 100000.00, 1, 1, 'efectivo'),
(1350, '2023-02-23', 2750000.00, 1, 1, 'efectivo'),
(1351, '2023-02-23', 150000.00, 1, 1, 'efectivo'),
(1352, '2023-02-23', 750000.00, 1, 1, 'efectivo'),
(1353, '2023-02-23', 30000.00, 1, 1, 'efectivo'),
(1354, '2023-02-24', 9300000.00, 1, 1, 'efectivo'),
(1355, '2023-02-24', 140000.00, 1, 1, 'efectivo'),
(1356, '2023-02-24', 300000.00, 1, 1, 'efectivo'),
(1357, '2023-02-24', 1400.00, 1, 1, 'efectivo'),
(1358, '2023-02-24', 2100000.00, 1, 1, 'efectivo'),
(1359, '2023-02-24', 50000.00, 1, 1, 'efectivo'),
(1360, '2023-02-24', 80000.00, 1, 1, 'efectivo'),
(1361, '2023-02-24', 220000.00, 1, 1, 'efectivo'),
(1362, '2023-02-24', 760000.00, 1, 1, 'efectivo'),
(1363, '2023-02-24', 2250000.00, 1, 1, 'efectivo'),
(1364, '2023-02-24', 150000.00, 1, 1, 'efectivo'),
(1365, '2023-02-24', 150000.00, 1, 1, 'efectivo'),
(1366, '2023-02-24', 9200000.00, 1, 1, 'efectivo'),
(1367, '2023-02-24', 2300000.00, 1, 1, 'efectivo'),
(1368, '2023-02-25', 900000.00, 1, 1, 'efectivo'),
(1369, '2023-02-25', 70000.00, 1, 1, 'efectivo'),
(1370, '2023-02-25', 250000.00, 1, 1, 'efectivo'),
(1371, '2023-02-25', 20000.00, 1, 1, 'efectivo'),
(1372, '2023-02-25', 3500000.00, 1, 1, 'efectivo'),
(1373, '2023-02-25', 2400000.00, 1, 1, 'efectivo'),
(1374, '2023-02-25', 1100000.00, 1, 1, 'efectivo'),
(1375, '2023-02-25', 44000.00, 1, 1, 'efectivo'),
(1376, '2023-02-25', 280000.00, 1, 1, 'efectivo'),
(1377, '2023-02-25', 85000.00, 1, 1, 'efectivo'),
(1378, '2023-02-25', 650000.00, 1, 1, 'efectivo'),
(1379, '2023-02-25', 2100000.00, 1, 1, 'efectivo'),
(1380, '2023-02-25', 70000.00, 1, 1, 'efectivo'),
(1381, '2023-02-25', 1970000.00, 1, 1, 'efectivo'),
(1382, '2023-02-25', 350000.00, 1, 1, 'efectivo'),
(1383, '2023-02-25', 4300000.00, 1, 1, 'efectivo'),
(1384, '2023-02-25', 200000.00, 1, 1, 'efectivo'),
(1385, '2023-02-25', 2700000.00, 1, 1, 'efectivo'),
(1386, '2023-02-25', 130000.00, 1, 1, 'efectivo'),
(1387, '2023-02-25', 350000.00, 1, 1, 'efectivo'),
(1388, '2023-02-25', 480000.00, 1, 1, 'efectivo'),
(1389, '2023-02-25', 750000.00, 1, 1, 'efectivo'),
(1390, '2023-02-27', 750000.00, 1, 1, 'efectivo'),
(1391, '2023-02-27', 0.00, 1, 1, 'efectivo'),
(1392, '2023-02-27', 60000.00, 1, 1, 'efectivo'),
(1393, '2023-02-27', 1550000.00, 1, 1, 'efectivo'),
(1394, '2023-02-27', 1500000.00, 1, 1, 'efectivo'),
(1395, '2023-02-27', 950000.00, 1, 1, 'efectivo'),
(1396, '2023-02-27', 100000.00, 1, 1, 'efectivo'),
(1397, '2023-02-27', 30000.00, 1, 1, 'efectivo'),
(1398, '2023-02-27', 1600000.00, 1, 1, 'efectivo'),
(1399, '2023-02-27', 150000.00, 1, 1, 'efectivo'),
(1400, '2023-02-27', 50000.00, 1, 1, 'efectivo'),
(1401, '2023-02-27', 200000.00, 1, 1, 'efectivo'),
(1402, '2023-02-27', 390000.00, 1, 1, 'efectivo'),
(1403, '2023-02-27', 150000.00, 1, 1, 'efectivo'),
(1404, '2023-02-27', 700000.00, 1, 1, 'efectivo'),
(1405, '2023-02-27', 900000.00, 1, 1, 'efectivo'),
(1406, '2023-02-27', 3200000.00, 1, 1, 'efectivo'),
(1407, '2023-02-28', 200000.00, 1, 1, 'efectivo'),
(1408, '2023-02-28', 80000.00, 1, 1, 'efectivo'),
(1409, '2023-02-28', 120000.00, 1, 1, 'efectivo'),
(1410, '2023-02-28', 1100000.00, 1, 1, 'efectivo'),
(1411, '2023-02-28', 30000.00, 1, 1, 'efectivo'),
(1412, '2023-02-28', 80000.00, 1, 1, 'efectivo'),
(1413, '2023-02-28', 50000.00, 1, 1, 'efectivo'),
(1414, '2023-02-28', 30000.00, 1, 1, 'efectivo'),
(1415, '2023-02-28', 700000.00, 1, 1, 'efectivo'),
(1416, '2023-03-01', 1500000.00, 1, 1, 'efectivo'),
(1417, '2023-03-01', 250000.00, 1, 1, 'efectivo'),
(1418, '2023-03-01', 50000.00, 1, 1, 'efectivo'),
(1419, '2023-03-01', 50000.00, 1, 1, 'efectivo'),
(1420, '2023-03-01', 80000.00, 1, 1, 'efectivo'),
(1421, '2023-03-01', 150000.00, 1, 1, 'efectivo'),
(1422, '2023-03-01', 70000.00, 1, 1, 'efectivo'),
(1423, '2023-03-01', 90000.00, 1, 1, 'efectivo'),
(1424, '2023-03-01', 80000.00, 1, 1, 'efectivo'),
(1425, '2023-03-01', 620000.00, 1, 1, 'efectivo'),
(1426, '2023-03-01', 80000.00, 1, 1, 'efectivo'),
(1427, '2023-03-02', 0.00, 1, 1, 'efectivo'),
(1428, '2023-03-02', 0.00, 1, 1, 'efectivo'),
(1429, '2023-03-02', 1700000.00, 1, 1, 'efectivo'),
(1430, '2023-03-02', 0.00, 1, 1, 'efectivo'),
(1431, '2023-03-02', 0.00, 1, 1, 'efectivo'),
(1432, '2023-03-02', 750000.00, 1, 1, 'efectivo'),
(1433, '2023-03-02', 0.00, 1, 1, 'efectivo'),
(1434, '2023-03-02', 1200000.00, 1, 1, 'efectivo'),
(1435, '2023-03-02', 0.00, 1, 1, 'efectivo'),
(1436, '2023-03-03', 150000.00, 1, 1, 'efectivo'),
(1437, '2023-03-03', 150000.00, 1, 1, 'efectivo'),
(1438, '2023-03-03', 0.00, 1, 1, 'efectivo'),
(1439, '2023-03-03', 70000.00, 1, 1, 'efectivo'),
(1440, '2023-03-03', 440000.00, 1, 1, 'efectivo'),
(1441, '2023-03-03', 950000.00, 1, 1, 'efectivo'),
(1442, '2023-03-03', 9500000.00, 1, 1, 'efectivo'),
(1443, '2023-03-03', 800000.00, 1, 1, 'efectivo'),
(1444, '2023-03-03', 900000.00, 1, 1, 'efectivo'),
(1445, '2023-03-03', 150000.00, 1, 1, 'efectivo'),
(1446, '2023-03-03', 0.00, 1, 1, 'efectivo'),
(1447, '2023-03-03', 0.00, 1, 1, 'efectivo'),
(1448, '2023-03-03', 350000.00, 1, 1, 'efectivo'),
(1449, '2023-03-04', 3000000.00, 1, 1, 'efectivo'),
(1450, '2023-03-04', 120000.00, 1, 1, 'efectivo'),
(1451, '2023-03-04', 180000.00, 1, 1, 'efectivo'),
(1452, '2023-03-04', 350000.00, 1, 1, 'efectivo'),
(1453, '2023-03-04', 40000.00, 1, 1, 'efectivo'),
(1454, '2023-03-04', 300000.00, 1, 1, 'efectivo'),
(1455, '2023-03-04', 1950000.00, 1, 1, 'efectivo'),
(1456, '2023-03-04', 5015000.00, 1, 1, 'efectivo'),
(1457, '2023-03-04', 300000.00, 1, 1, 'efectivo'),
(1458, '2023-03-04', 180000.00, 1, 1, 'efectivo'),
(1459, '2023-03-04', 750000.00, 1, 1, 'efectivo'),
(1460, '2023-03-04', 3350000.00, 1, 1, 'efectivo'),
(1461, '2023-03-04', 0.00, 1, 1, 'efectivo'),
(1462, '2023-03-04', 55000.00, 1, 1, 'efectivo'),
(1463, '2023-03-04', 25000.00, 1, 1, 'efectivo'),
(1464, '2023-03-04', 500000.00, 1, 1, 'efectivo'),
(1465, '2023-03-04', 100000.00, 1, 1, 'efectivo'),
(1466, '2023-03-04', 0.00, 1, 1, 'efectivo'),
(1467, '2023-03-04', 580000.00, 1, 1, 'efectivo'),
(1468, '2023-03-06', 480.00, 1, 1, 'efectivo'),
(1469, '2023-03-06', 2600000.00, 1, 1, 'efectivo'),
(1470, '2023-03-06', 700000.00, 1, 1, 'efectivo'),
(1471, '2023-03-06', 600000.00, 1, 1, 'efectivo'),
(1472, '2023-03-06', 550000.00, 1, 1, 'efectivo'),
(1473, '2023-03-06', 1000000.00, 1, 1, 'efectivo'),
(1474, '2023-03-06', 3900000.00, 1, 1, 'efectivo'),
(1475, '2023-03-06', 650000.00, 1, 1, 'efectivo'),
(1476, '2023-03-06', 2000000.00, 1, 1, 'efectivo'),
(1477, '2023-03-06', 70000.00, 1, 1, 'efectivo'),
(1478, '2023-03-06', 900000.00, 1, 1, 'efectivo'),
(1479, '2023-03-06', 250000.00, 1, 1, 'efectivo'),
(1480, '2023-03-06', 200000.00, 1, 1, 'efectivo'),
(1481, '2023-03-06', 700000.00, 1, 1, 'efectivo'),
(1482, '2023-03-06', 550000.00, 1, 1, 'efectivo'),
(1483, '2023-03-07', 700.00, 1, 1, 'efectivo'),
(1484, '2023-03-07', 65000.00, 1, 1, 'efectivo'),
(1485, '2023-03-07', 10000.00, 1, 1, 'efectivo'),
(1486, '2023-03-07', 500.00, 1, 1, 'efectivo'),
(1487, '2023-03-07', 850000.00, 1, 1, 'efectivo'),
(1488, '2023-03-07', 100000.00, 1, 1, 'efectivo'),
(1489, '2023-03-08', 540000.00, 1, 1, 'efectivo'),
(1490, '2023-03-08', 2600000.00, 1, 1, 'efectivo'),
(1491, '2023-03-08', 4500000.00, 1, 1, 'efectivo'),
(1492, '2023-03-08', 150000.00, 1, 1, 'efectivo'),
(1493, '2023-03-08', 0.00, 1, 1, 'efectivo'),
(1494, '2023-03-08', 250000.00, 1, 1, 'efectivo'),
(1495, '2023-03-08', 500000.00, 1, 1, 'efectivo'),
(1496, '2023-03-08', 3590000.00, 1, 1, 'efectivo'),
(1497, '2023-03-08', 150000.00, 1, 1, 'efectivo'),
(1498, '2023-03-08', 40000.00, 1, 1, 'efectivo'),
(1499, '2023-03-08', 50000.00, 1, 1, 'efectivo'),
(1500, '2023-03-08', 800000.00, 1, 1, 'efectivo'),
(1501, '2023-03-08', 150000.00, 1, 1, 'efectivo'),
(1502, '2023-03-09', 150000.00, 1, 1, 'efectivo'),
(1503, '2023-03-09', 30000.00, 1, 1, 'efectivo'),
(1504, '2023-03-09', 1450000.00, 1, 1, 'efectivo'),
(1505, '2023-03-09', 70000.00, 1, 1, 'efectivo'),
(1506, '2023-03-09', 2650000.00, 1, 1, 'efectivo'),
(1507, '2023-03-09', 650000.00, 1, 1, 'efectivo'),
(1508, '2023-03-09', 2450000.00, 1, 1, 'efectivo'),
(1509, '2023-03-10', 700000.00, 1, 1, 'efectivo'),
(1510, '2023-03-10', 800000.00, 1, 1, 'efectivo'),
(1511, '2023-03-10', 50000.00, 1, 1, 'efectivo'),
(1512, '2023-03-10', 25000.00, 1, 1, 'efectivo'),
(1513, '2023-03-10', 120000.00, 1, 1, 'efectivo'),
(1514, '2023-03-10', 1200000.00, 1, 1, 'efectivo'),
(1515, '2023-03-10', 650000.00, 1, 1, 'efectivo'),
(1516, '2023-03-10', 5650000.00, 1, 1, 'efectivo'),
(1517, '2023-03-10', 2000000.00, 1, 1, 'efectivo'),
(1518, '2023-03-10', 900000.00, 1, 1, 'efectivo'),
(1519, '2023-03-10', 4050000.00, 1, 1, 'efectivo'),
(1520, '2023-03-10', 2200000.00, 1, 1, 'efectivo'),
(1521, '2023-03-10', 800000.00, 1, 1, 'efectivo'),
(1522, '2023-03-10', 250000.00, 1, 1, 'efectivo'),
(1523, '2023-03-10', 800000.00, 1, 1, 'efectivo'),
(1524, '2023-03-11', 1600000.00, 1, 1, 'efectivo'),
(1525, '2023-03-11', 0.00, 1, 1, 'efectivo'),
(1526, '2023-03-11', 150000.00, 1, 1, 'efectivo'),
(1527, '2023-03-11', 25000.00, 1, 1, 'efectivo'),
(1528, '2023-03-11', 35.00, 1, 1, 'efectivo'),
(1529, '2023-03-11', 16370000.00, 1, 1, 'efectivo'),
(1530, '2023-03-11', 5460000.00, 1, 1, 'efectivo'),
(1531, '2023-03-11', 500000.00, 1, 1, 'efectivo'),
(1532, '2023-03-11', 1170000.00, 1, 1, 'efectivo'),
(1533, '2023-03-11', 650000.00, 1, 1, 'efectivo'),
(1534, '2023-03-11', 700000.00, 1, 1, 'efectivo'),
(1535, '2023-03-11', 3500000.00, 1, 1, 'efectivo'),
(1536, '2023-03-11', 75000.00, 1, 1, 'efectivo'),
(1537, '2023-03-11', 800000.00, 1, 1, 'efectivo'),
(1538, '2023-03-11', 200000.00, 1, 1, 'efectivo'),
(1539, '2023-03-13', 150000.00, 1, 1, 'efectivo'),
(1540, '2023-03-13', 250000.00, 1, 1, 'efectivo'),
(1541, '2023-03-13', 120000.00, 1, 1, 'efectivo'),
(1542, '2023-03-13', 4600000.00, 1, 1, 'efectivo'),
(1543, '2023-03-13', 750000.00, 1, 1, 'efectivo'),
(1544, '2023-03-13', 750000.00, 1, 1, 'efectivo'),
(1545, '2023-03-13', 0.00, 1, 1, 'efectivo'),
(1546, '2023-03-13', 70000.00, 1, 1, 'efectivo'),
(1547, '2023-03-13', 4110000.00, 1, 1, 'efectivo'),
(1548, '2023-03-13', 150000.00, 1, 1, 'efectivo'),
(1549, '2023-03-13', 300000.00, 1, 1, 'efectivo'),
(1550, '2023-03-13', 40000.00, 1, 1, 'efectivo'),
(1551, '2023-03-13', 750000.00, 1, 1, 'efectivo'),
(1552, '2023-03-14', 30000.00, 1, 1, 'efectivo'),
(1553, '2023-03-14', 750000.00, 1, 1, 'efectivo'),
(1554, '2023-03-14', 1600000.00, 1, 1, 'efectivo'),
(1555, '2023-03-14', 150000.00, 1, 1, 'efectivo'),
(1556, '2023-03-14', 8700.00, 1, 1, 'efectivo'),
(1557, '2023-03-14', 8700000.00, 1, 1, 'efectivo'),
(1558, '2023-03-14', 295000.00, 1, 1, 'efectivo'),
(1559, '2023-03-14', 750000.00, 1, 1, 'efectivo'),
(1560, '2023-03-14', 750000.00, 1, 1, 'efectivo'),
(1561, '2023-03-14', 50000.00, 1, 1, 'efectivo'),
(1562, '2023-03-14', 60000.00, 1, 1, 'efectivo'),
(1563, '2023-03-15', 1400000.00, 1, 1, 'efectivo'),
(1564, '2023-03-15', 500000.00, 1, 1, 'efectivo'),
(1565, '2023-03-15', 4300000.00, 1, 1, 'efectivo'),
(1566, '2023-03-15', 10000.00, 1, 1, 'efectivo'),
(1567, '2023-03-15', 1500000.00, 1, 1, 'efectivo'),
(1568, '2023-03-15', 1500000.00, 1, 1, 'efectivo'),
(1569, '2023-03-15', 5000.00, 1, 1, 'efectivo'),
(1570, '2023-03-15', 4500000.00, 1, 1, 'efectivo'),
(1571, '2023-03-16', 100000.00, 1, 1, 'efectivo'),
(1572, '2023-03-16', 750000.00, 1, 1, 'efectivo'),
(1573, '2023-03-16', 2500000.00, 1, 1, 'efectivo'),
(1574, '2023-03-16', 4400000.00, 1, 1, 'efectivo'),
(1575, '2023-03-16', 30000.00, 1, 1, 'efectivo'),
(1576, '2023-03-16', 475000.00, 1, 1, 'efectivo'),
(1577, '2023-03-16', 130000.00, 1, 1, 'efectivo'),
(1578, '2023-03-16', 20000.00, 1, 1, 'efectivo'),
(1579, '2023-03-16', 70000.00, 1, 1, 'efectivo'),
(1580, '2023-03-17', 700000.00, 1, 1, 'efectivo'),
(1581, '2023-03-17', 65000.00, 1, 1, 'efectivo'),
(1582, '2023-03-17', 800000.00, 1, 1, 'efectivo'),
(1583, '2023-03-17', 220000.00, 1, 1, 'efectivo'),
(1584, '2023-03-17', 60000.00, 1, 1, 'efectivo'),
(1585, '2023-03-17', 80000.00, 1, 1, 'efectivo'),
(1586, '2023-03-17', 900000.00, 1, 1, 'efectivo'),
(1587, '2023-03-17', 700000.00, 1, 1, 'efectivo'),
(1588, '2023-03-17', 900000.00, 1, 1, 'efectivo'),
(1589, '2023-03-17', 1250000.00, 1, 1, 'efectivo'),
(1590, '2023-03-17', 1440.00, 1, 1, 'efectivo'),
(1591, '2023-03-17', 750000.00, 1, 1, 'efectivo'),
(1592, '2023-03-18', 200000.00, 1, 1, 'efectivo'),
(1593, '2023-03-18', 1400.00, 1, 1, 'efectivo'),
(1594, '2023-03-18', 70000.00, 1, 1, 'efectivo'),
(1595, '2023-03-18', 1450000.00, 1, 1, 'efectivo'),
(1596, '2023-03-18', 70000.00, 1, 1, 'efectivo'),
(1597, '2023-03-18', 150000.00, 1, 1, 'efectivo'),
(1598, '2023-03-18', 750000.00, 1, 1, 'efectivo'),
(1599, '2023-03-18', 600000.00, 1, 1, 'efectivo'),
(1600, '2023-03-18', 40000.00, 1, 1, 'efectivo'),
(1601, '2023-03-18', 150000.00, 1, 1, 'efectivo'),
(1602, '2023-03-18', 900.00, 1, 1, 'efectivo'),
(1603, '2023-03-18', 150000.00, 1, 1, 'efectivo'),
(1604, '2023-03-18', 800000.00, 1, 1, 'efectivo'),
(1605, '2023-03-18', 120000.00, 1, 1, 'efectivo'),
(1606, '2023-03-18', 120000.00, 1, 1, 'efectivo'),
(1607, '2023-03-18', 1180000.00, 1, 1, 'efectivo'),
(1608, '2023-03-18', 40000.00, 1, 1, 'efectivo'),
(1609, '2023-03-20', 285000.00, 1, 1, 'efectivo'),
(1610, '2023-03-20', 750000.00, 1, 1, 'efectivo'),
(1611, '2023-03-20', 180000.00, 1, 1, 'efectivo'),
(1612, '2023-03-20', 1350000.00, 1, 1, 'efectivo'),
(1613, '2023-03-20', 650000.00, 1, 1, 'efectivo'),
(1614, '2023-03-20', 400000.00, 1, 1, 'efectivo'),
(1615, '2023-03-20', 1100000.00, 1, 1, 'efectivo'),
(1616, '2023-03-20', 250000.00, 1, 1, 'efectivo'),
(1617, '2023-03-20', 150000.00, 1, 1, 'efectivo'),
(1618, '2023-03-20', 150000.00, 1, 1, 'efectivo'),
(1619, '2023-03-20', 140000.00, 1, 1, 'efectivo'),
(1620, '2023-03-21', 100000.00, 1, 1, 'efectivo'),
(1621, '2023-03-21', 6500000.00, 1, 1, 'efectivo'),
(1622, '2023-03-21', 70000.00, 1, 1, 'efectivo'),
(1623, '2023-03-21', 150000.00, 1, 1, 'efectivo'),
(1624, '2023-03-21', 35000.00, 1, 1, 'efectivo'),
(1625, '2023-03-21', 1450000.00, 1, 1, 'efectivo'),
(1626, '2023-03-21', 1650000.00, 1, 1, 'efectivo'),
(1627, '2023-03-21', 750.00, 1, 1, 'efectivo'),
(1628, '2023-03-22', 0.00, 1, 1, 'efectivo'),
(1629, '2023-03-22', 1400.00, 1, 1, 'efectivo'),
(1630, '2023-03-22', 130000.00, 1, 1, 'efectivo'),
(1631, '2023-03-22', 150000.00, 1, 1, 'efectivo'),
(1632, '2023-03-22', 0.00, 1, 1, 'efectivo'),
(1633, '2023-03-22', 600000.00, 1, 1, 'efectivo'),
(1634, '2023-03-22', 1550000.00, 1, 1, 'efectivo'),
(1635, '2023-03-22', 200000.00, 1, 1, 'efectivo'),
(1636, '2023-03-22', 2000000.00, 1, 1, 'efectivo'),
(1637, '2023-03-22', 40000.00, 1, 1, 'efectivo'),
(1638, '2023-03-22', 1200000.00, 1, 1, 'efectivo'),
(1639, '2023-03-22', 1400000.00, 1, 1, 'efectivo'),
(1640, '2023-03-22', 100000.00, 1, 1, 'efectivo'),
(1641, '2023-03-22', 6300000.00, 1, 1, 'efectivo'),
(1642, '2023-03-22', 200000.00, 1, 1, 'efectivo'),
(1643, '2023-03-22', 3300000.00, 1, 1, 'efectivo'),
(1644, '2023-03-23', 2200000.00, 1, 1, 'efectivo'),
(1645, '2023-03-23', 550000.00, 1, 1, 'efectivo'),
(1646, '2023-03-23', 150000.00, 1, 1, 'efectivo'),
(1647, '2023-03-23', 2400000.00, 1, 1, 'efectivo'),
(1648, '2023-03-24', 120000.00, 1, 1, 'efectivo'),
(1649, '2023-03-24', 250000.00, 1, 1, 'efectivo'),
(1650, '2023-03-24', 800000.00, 1, 1, 'efectivo'),
(1651, '2023-03-24', 3500000.00, 1, 1, 'efectivo'),
(1652, '2023-03-24', 900000.00, 1, 1, 'efectivo'),
(1653, '2023-03-24', 750000.00, 1, 1, 'efectivo'),
(1654, '2023-03-24', 40000.00, 1, 1, 'efectivo'),
(1655, '2023-03-24', 65000.00, 1, 1, 'efectivo'),
(1656, '2023-03-25', 1800000.00, 1, 1, 'efectivo'),
(1657, '2023-03-25', 4000000.00, 1, 1, 'efectivo'),
(1658, '2023-03-25', 1200000.00, 1, 1, 'efectivo'),
(1659, '2023-03-25', 800000.00, 1, 1, 'efectivo'),
(1660, '2023-03-25', 90000.00, 1, 1, 'efectivo'),
(1661, '2023-03-25', 40000.00, 1, 1, 'efectivo'),
(1662, '2023-03-25', 830000.00, 1, 1, 'efectivo'),
(1663, '2023-03-25', 350000.00, 1, 1, 'efectivo'),
(1664, '2023-03-25', 1100000.00, 1, 1, 'efectivo'),
(1665, '2023-03-25', 340000.00, 1, 1, 'efectivo'),
(1666, '2023-03-25', 800000.00, 1, 1, 'efectivo'),
(1667, '2023-03-25', 120000.00, 1, 1, 'efectivo'),
(1668, '2023-03-26', 2250000.00, 1, 1, 'efectivo'),
(1669, '2023-03-26', 2000000.00, 1, 1, 'efectivo'),
(1670, '2023-03-26', 80000.00, 1, 1, 'efectivo'),
(1671, '2023-03-26', 180000.00, 1, 1, 'efectivo'),
(1672, '2023-03-27', 200000.00, 1, 1, 'efectivo'),
(1673, '2023-03-27', 550000.00, 1, 1, 'efectivo'),
(1674, '2023-03-27', 27000.00, 1, 1, 'efectivo'),
(1675, '2023-03-27', 60.00, 1, 1, 'efectivo'),
(1676, '2023-03-27', 750000.00, 1, 1, 'efectivo'),
(1677, '2023-03-27', 150000.00, 1, 1, 'efectivo'),
(1678, '2023-03-27', 2700000.00, 1, 1, 'efectivo'),
(1679, '2023-03-27', 1100000.00, 1, 1, 'efectivo'),
(1680, '2023-03-27', 1150000.00, 1, 1, 'efectivo'),
(1681, '2023-03-27', 400000.00, 1, 1, 'efectivo'),
(1682, '2023-03-27', 0.00, 1, 1, 'efectivo'),
(1683, '2023-03-28', 250000.00, 1, 1, 'efectivo'),
(1684, '2023-03-29', 1900000.00, 1, 1, 'efectivo'),
(1685, '2023-03-29', 50000.00, 1, 1, 'efectivo'),
(1686, '2023-03-29', 1250000.00, 1, 1, 'efectivo'),
(1687, '2023-03-29', 1900.00, 1, 1, 'efectivo'),
(1688, '2023-03-29', 170000.00, 1, 1, 'efectivo'),
(1689, '2023-03-29', 150000.00, 1, 1, 'efectivo'),
(1690, '2023-03-29', 400000.00, 1, 1, 'efectivo'),
(1691, '2023-03-30', 200000.00, 1, 1, 'efectivo'),
(1692, '2023-03-30', 3000000.00, 1, 1, 'efectivo'),
(1693, '2023-03-30', 1350000.00, 1, 1, 'efectivo'),
(1694, '2023-03-30', 150000.00, 1, 1, 'efectivo'),
(1695, '2023-03-31', 700000.00, 1, 1, 'efectivo'),
(1696, '2023-03-31', 5700000.00, 1, 1, 'efectivo'),
(1697, '2023-03-31', 1300000.00, 1, 1, 'efectivo'),
(1698, '2023-03-31', 50000.00, 1, 1, 'efectivo'),
(1699, '2023-03-31', 1350000.00, 1, 1, 'efectivo'),
(1700, '2023-03-31', 0.00, 1, 1, 'efectivo'),
(1701, '2023-03-31', 1000000.00, 1, 1, 'efectivo'),
(1702, '2023-03-31', 1100000.00, 1, 1, 'efectivo'),
(1703, '2023-04-01', 40000.00, 1, 1, 'efectivo'),
(1704, '2023-04-01', 150000.00, 1, 1, 'efectivo'),
(1705, '2023-04-01', 19000.00, 1, 1, 'efectivo'),
(1706, '2023-04-01', 300000.00, 1, 1, 'efectivo'),
(1707, '2023-04-01', 0.00, 1, 1, 'efectivo'),
(1708, '2023-04-01', 440000.00, 1, 1, 'efectivo'),
(1709, '2023-04-01', 1450000.00, 1, 1, 'efectivo'),
(1710, '2023-04-01', 50000.00, 1, 1, 'efectivo'),
(1711, '2023-04-01', 800000.00, 1, 1, 'efectivo'),
(1712, '2023-04-01', 80000.00, 1, 1, 'efectivo'),
(1713, '2023-04-01', 0.00, 1, 1, 'efectivo'),
(1714, '2023-04-01', 0.00, 1, 1, 'efectivo'),
(1715, '2023-04-01', 30000.00, 1, 1, 'efectivo'),
(1716, '2023-04-01', 250000.00, 1, 1, 'efectivo'),
(1717, '2023-04-03', 200000.00, 1, 1, 'efectivo'),
(1718, '2023-04-03', 300000.00, 1, 1, 'efectivo'),
(1719, '2023-04-04', 2800000.00, 1, 1, 'efectivo'),
(1720, '2023-04-04', 1150000.00, 1, 1, 'efectivo'),
(1721, '2023-04-04', 130000.00, 1, 1, 'efectivo'),
(1722, '2023-04-04', 600000.00, 1, 1, 'efectivo'),
(1723, '2023-04-04', 6900000.00, 1, 1, 'efectivo'),
(1724, '2023-04-04', 2500000.00, 1, 1, 'efectivo'),
(1725, '2023-04-04', 800000.00, 1, 1, 'efectivo'),
(1726, '2023-04-04', 60000.00, 1, 1, 'efectivo'),
(1727, '2023-04-04', 130000.00, 1, 1, 'efectivo'),
(1728, '2023-04-05', 340000.00, 1, 1, 'efectivo'),
(1729, '2023-04-05', 180000.00, 1, 1, 'efectivo'),
(1730, '2023-04-05', 600000.00, 1, 1, 'efectivo'),
(1731, '2023-04-05', 650000.00, 1, 1, 'efectivo'),
(1732, '2023-04-05', 900000.00, 1, 1, 'efectivo'),
(1733, '2023-04-06', 230000.00, 1, 1, 'efectivo'),
(1734, '2023-04-06', 200000.00, 1, 1, 'efectivo'),
(1735, '2023-04-06', 1900000.00, 1, 1, 'efectivo'),
(1736, '2023-04-06', 1500000.00, 1, 1, 'efectivo'),
(1737, '2023-04-06', 700000.00, 1, 1, 'efectivo'),
(1738, '2023-04-06', 1700000.00, 1, 1, 'efectivo'),
(1739, '2023-04-06', 80000.00, 1, 1, 'efectivo'),
(1740, '2023-04-06', 700000.00, 1, 1, 'efectivo'),
(1741, '2023-04-06', 200000.00, 1, 1, 'efectivo'),
(1742, '2023-04-06', 1930000.00, 1, 1, 'efectivo'),
(1743, '2023-04-06', 2800000.00, 1, 1, 'efectivo'),
(1744, '2023-04-06', 0.00, 1, 1, 'efectivo'),
(1745, '2023-04-06', 700000.00, 1, 1, 'efectivo'),
(1746, '2023-04-06', 100000.00, 1, 1, 'efectivo'),
(1747, '2023-04-08', 750000.00, 1, 1, 'efectivo'),
(1748, '2023-04-08', 700000.00, 1, 1, 'efectivo'),
(1749, '2023-04-08', 50000.00, 1, 1, 'efectivo'),
(1750, '2023-04-08', 50000.00, 1, 1, 'efectivo'),
(1751, '2023-04-08', 400000.00, 1, 1, 'efectivo'),
(1752, '2023-04-08', 250000.00, 1, 1, 'efectivo'),
(1753, '2023-04-08', 1300000.00, 1, 1, 'efectivo'),
(1754, '2023-04-08', 80000.00, 1, 1, 'efectivo'),
(1755, '2023-04-08', 250000.00, 1, 1, 'efectivo'),
(1756, '2023-04-08', 7442000.00, 1, 1, 'efectivo'),
(1757, '2023-04-08', 3500000.00, 1, 1, 'efectivo'),
(1758, '2023-04-08', 170000.00, 1, 1, 'efectivo'),
(1759, '2023-04-08', 50000.00, 1, 1, 'efectivo'),
(1760, '2023-04-08', 20000.00, 1, 1, 'efectivo'),
(1761, '2023-04-08', 800000.00, 1, 1, 'efectivo'),
(1762, '2023-04-08', 750000.00, 1, 1, 'efectivo'),
(1763, '2023-04-08', 750000.00, 1, 1, 'efectivo'),
(1764, '2023-04-10', 0.00, 1, 1, 'efectivo'),
(1765, '2023-04-10', 400000.00, 1, 1, 'efectivo'),
(1766, '2023-04-10', 900000.00, 1, 1, 'efectivo'),
(1767, '2023-04-10', 2100000.00, 1, 1, 'efectivo'),
(1768, '2023-04-10', 800000.00, 1, 1, 'efectivo'),
(1769, '2023-04-10', 750000.00, 1, 1, 'efectivo'),
(1770, '2023-04-10', 0.00, 1, 1, 'efectivo'),
(1771, '2023-04-10', 2400000.00, 1, 1, 'efectivo'),
(1772, '2023-04-10', 700000.00, 1, 1, 'efectivo'),
(1773, '2023-04-11', 0.00, 1, 1, 'efectivo'),
(1774, '2023-04-11', 2600000.00, 1, 1, 'efectivo'),
(1775, '2023-04-11', 1850000.00, 1, 1, 'efectivo'),
(1776, '2023-04-11', 100000.00, 1, 1, 'efectivo'),
(1777, '2023-04-11', 8200000.00, 1, 1, 'efectivo'),
(1778, '2023-04-12', 250000.00, 1, 1, 'efectivo'),
(1779, '2023-04-12', 2800000.00, 1, 1, 'efectivo'),
(1780, '2023-04-12', 100000.00, 1, 1, 'efectivo'),
(1781, '2023-04-12', 100000.00, 1, 1, 'efectivo'),
(1782, '2023-04-12', 2550000.00, 1, 1, 'efectivo'),
(1783, '2023-04-13', 1700000.00, 1, 1, 'efectivo'),
(1784, '2023-04-13', 230000.00, 1, 1, 'efectivo'),
(1785, '2023-04-13', 2700000.00, 1, 1, 'efectivo'),
(1786, '2023-04-13', 1700000.00, 1, 1, 'efectivo'),
(1787, '2023-04-13', 150000.00, 1, 1, 'efectivo'),
(1788, '2023-04-13', 100000.00, 1, 1, 'efectivo'),
(1789, '2023-04-13', 50000.00, 1, 1, 'efectivo'),
(1790, '2023-04-13', 0.00, 1, 1, 'efectivo'),
(1791, '2023-04-13', 4100000.00, 1, 1, 'efectivo'),
(1792, '2023-04-13', 210000.00, 1, 1, 'efectivo'),
(1793, '2023-04-14', 560000.00, 1, 1, 'efectivo'),
(1794, '2023-04-14', 70000.00, 1, 1, 'efectivo'),
(1795, '2023-04-14', 150000.00, 1, 1, 'efectivo'),
(1796, '2023-04-14', 250000.00, 1, 1, 'efectivo'),
(1797, '2023-04-14', 400000.00, 1, 1, 'efectivo'),
(1798, '2023-04-14', 290000.00, 1, 1, 'efectivo'),
(1799, '2023-04-14', 900000.00, 1, 1, 'efectivo'),
(1800, '2023-04-15', 200000.00, 1, 1, 'efectivo'),
(1801, '2023-04-15', 750.00, 1, 1, 'efectivo'),
(1802, '2023-04-15', 1250000.00, 1, 1, 'efectivo'),
(1803, '2023-04-15', 70000.00, 1, 1, 'efectivo'),
(1804, '2023-04-15', 400000.00, 1, 1, 'efectivo'),
(1805, '2023-04-15', 250000.00, 1, 1, 'efectivo'),
(1806, '2023-04-15', 300000.00, 1, 1, 'efectivo'),
(1807, '2023-04-15', 220000.00, 1, 1, 'efectivo'),
(1808, '2023-04-15', 150000.00, 1, 1, 'efectivo'),
(1809, '2023-04-15', 250000.00, 1, 1, 'efectivo'),
(1810, '2023-04-15', 950000.00, 1, 1, 'efectivo'),
(1811, '2023-04-15', 180000.00, 1, 1, 'efectivo'),
(1812, '2023-04-15', 3500000.00, 1, 1, 'efectivo'),
(1813, '2023-04-17', 1200000.00, 1, 1, 'efectivo'),
(1814, '2023-04-17', 3250000.00, 1, 1, 'efectivo'),
(1815, '2023-04-17', 1400000.00, 1, 1, 'efectivo'),
(1816, '2023-04-17', 50000.00, 1, 1, 'efectivo'),
(1817, '2023-04-17', 150000.00, 1, 1, 'efectivo'),
(1818, '2023-04-17', 150000.00, 1, 1, 'efectivo'),
(1819, '2023-04-17', 0.00, 1, 1, 'efectivo'),
(1820, '2023-04-17', 0.00, 1, 1, 'efectivo'),
(1821, '2023-04-17', 650000.00, 1, 1, 'efectivo'),
(1822, '2023-04-17', 80000.00, 1, 1, 'efectivo'),
(1823, '2023-04-17', 160000.00, 1, 1, 'efectivo'),
(1824, '2023-04-17', 0.00, 1, 1, 'efectivo'),
(1825, '2023-04-18', 700000.00, 1, 1, 'efectivo'),
(1826, '2023-04-18', 670000.00, 1, 1, 'efectivo'),
(1827, '2023-04-18', 200000.00, 1, 1, 'efectivo'),
(1828, '2023-04-18', 1450000.00, 1, 1, 'efectivo'),
(1829, '2023-04-18', 4200000.00, 1, 1, 'efectivo'),
(1830, '2023-04-18', 4850000.00, 1, 1, 'efectivo'),
(1831, '2023-04-18', 150000.00, 1, 1, 'efectivo'),
(1832, '2023-04-18', 100000.00, 1, 1, 'efectivo'),
(1833, '2023-04-18', 0.00, 1, 1, 'efectivo'),
(1834, '2023-04-19', 3000000.00, 1, 1, 'efectivo'),
(1835, '2023-04-19', 9000000.00, 1, 1, 'efectivo'),
(1836, '2023-04-19', 700000.00, 1, 1, 'efectivo'),
(1837, '2023-04-20', 750000.00, 1, 1, 'efectivo'),
(1838, '2023-04-20', 1100000.00, 1, 1, 'efectivo'),
(1839, '2023-04-20', 80000.00, 1, 1, 'efectivo'),
(1840, '2023-04-21', 1350000.00, 1, 1, 'efectivo'),
(1841, '2023-04-21', 1400000.00, 1, 1, 'efectivo'),
(1842, '2023-04-21', 180000.00, 1, 1, 'efectivo'),
(1843, '2023-04-21', 50000.00, 1, 1, 'efectivo'),
(1844, '2023-04-21', 50000.00, 1, 1, 'efectivo'),
(1845, '2023-04-22', 800000.00, 1, 1, 'efectivo'),
(1846, '2023-04-22', 1400000.00, 1, 1, 'efectivo'),
(1847, '2023-04-22', 650000.00, 1, 1, 'efectivo'),
(1848, '2023-04-22', 140000.00, 1, 1, 'efectivo'),
(1849, '2023-04-22', 400000.00, 1, 1, 'efectivo'),
(1850, '2023-04-22', 1300000.00, 1, 1, 'efectivo'),
(1851, '2023-04-22', 120000.00, 1, 1, 'efectivo'),
(1852, '2023-04-22', 750000.00, 1, 1, 'efectivo'),
(1853, '2023-04-22', 1150000.00, 1, 1, 'efectivo'),
(1854, '2023-04-24', 250000.00, 1, 1, 'efectivo'),
(1855, '2023-04-24', 2400000.00, 1, 1, 'efectivo'),
(1856, '2023-04-24', 250000.00, 1, 1, 'efectivo'),
(1857, '2023-04-24', 600000.00, 1, 1, 'efectivo'),
(1858, '2023-04-24', 1200000.00, 1, 1, 'efectivo'),
(1859, '2023-04-24', 150000.00, 1, 1, 'efectivo'),
(1860, '2023-04-24', 775000.00, 1, 1, 'efectivo'),
(1861, '2023-04-25', 60000.00, 1, 1, 'efectivo'),
(1862, '2023-04-25', 1500000.00, 1, 1, 'efectivo'),
(1863, '2023-04-25', 650000.00, 1, 1, 'efectivo'),
(1864, '2023-04-25', 4300000.00, 1, 1, 'efectivo'),
(1865, '2023-04-25', 150000.00, 1, 1, 'efectivo'),
(1866, '2023-04-25', 4000000.00, 1, 1, 'efectivo'),
(1867, '2023-04-25', 1280000.00, 1, 1, 'efectivo'),
(1868, '2023-04-26', 1000000.00, 1, 1, 'efectivo'),
(1869, '2023-04-26', 5170000.00, 1, 1, 'efectivo'),
(1870, '2023-04-26', 25000.00, 1, 1, 'efectivo'),
(1871, '2023-04-26', 1400000.00, 1, 1, 'efectivo'),
(1872, '2023-04-26', 700000.00, 1, 1, 'efectivo'),
(1873, '2023-04-26', 200000.00, 1, 1, 'efectivo'),
(1874, '2023-04-26', 100000.00, 1, 1, 'efectivo'),
(1875, '2023-04-26', 25000.00, 1, 1, 'efectivo'),
(1876, '2023-04-26', 25000.00, 1, 1, 'efectivo'),
(1877, '2023-04-26', 700000.00, 1, 1, 'efectivo'),
(1878, '2023-04-26', 1250000.00, 1, 1, 'efectivo'),
(1879, '2023-04-26', 250000.00, 1, 1, 'efectivo'),
(1880, '2023-04-27', 750000.00, 1, 1, 'efectivo'),
(1881, '2023-04-27', 800000.00, 1, 1, 'efectivo'),
(1882, '2023-04-27', 1850000.00, 1, 1, 'efectivo'),
(1883, '2023-04-27', 1450000.00, 1, 1, 'efectivo'),
(1884, '2023-04-27', 1005000.00, 1, 1, 'efectivo'),
(1885, '2023-04-27', 250000.00, 1, 1, 'efectivo'),
(1886, '2023-04-27', 6000000.00, 1, 1, 'efectivo'),
(1887, '2023-04-28', 1300000.00, 1, 1, 'efectivo'),
(1888, '2023-04-28', 150000.00, 1, 1, 'efectivo'),
(1889, '2023-04-28', 1100000.00, 1, 1, 'efectivo'),
(1890, '2023-04-28', 70000.00, 1, 1, 'efectivo'),
(1891, '2023-04-28', 30000.00, 1, 1, 'efectivo'),
(1892, '2023-04-28', 300000.00, 1, 1, 'efectivo'),
(1893, '2023-04-28', 1200000.00, 1, 1, 'efectivo'),
(1894, '2023-04-28', 100000.00, 1, 1, 'efectivo'),
(1895, '2023-04-28', 400000.00, 1, 1, 'efectivo'),
(1896, '2023-04-28', 1800000.00, 1, 1, 'efectivo'),
(1897, '2023-04-28', 150000.00, 1, 1, 'efectivo'),
(1898, '2023-04-28', 350000.00, 1, 1, 'efectivo'),
(1899, '2023-04-28', 100.00, 1, 1, 'efectivo'),
(1900, '2023-04-28', 150000.00, 1, 1, 'efectivo'),
(1901, '2023-04-29', 1100000.00, 1, 1, 'efectivo'),
(1902, '2023-04-29', 300000.00, 1, 1, 'efectivo'),
(1903, '2023-04-29', 70000.00, 1, 1, 'efectivo'),
(1904, '2023-04-29', 120000.00, 1, 1, 'efectivo'),
(1905, '2023-04-29', 4800000.00, 1, 1, 'efectivo'),
(1906, '2023-04-29', 1250000.00, 1, 1, 'efectivo'),
(1907, '2023-04-29', 750000.00, 1, 1, 'efectivo'),
(1908, '2023-04-29', 640000.00, 1, 1, 'efectivo'),
(1909, '2023-04-29', 850000.00, 1, 1, 'efectivo'),
(1910, '2023-04-29', 750000.00, 1, 1, 'efectivo'),
(1911, '2023-04-29', 1200000.00, 1, 1, 'efectivo'),
(1912, '2023-04-30', 300000.00, 1, 1, 'efectivo'),
(1913, '2023-05-01', 600000.00, 1, 1, 'efectivo'),
(1914, '2023-05-01', 3000000.00, 1, 1, 'efectivo'),
(1915, '2023-05-02', 70000.00, 1, 1, 'efectivo'),
(1916, '2023-05-02', 2400000.00, 1, 1, 'efectivo'),
(1917, '2023-05-02', 700000.00, 1, 1, 'efectivo'),
(1918, '2023-05-02', 200000.00, 1, 1, 'efectivo'),
(1919, '2023-05-02', 0.00, 1, 1, 'efectivo'),
(1920, '2023-05-02', 4300000.00, 1, 1, 'efectivo'),
(1921, '2023-05-02', 1100000.00, 1, 1, 'efectivo'),
(1922, '2023-05-02', 150000.00, 1, 1, 'efectivo'),
(1923, '2023-05-02', 0.00, 1, 1, 'efectivo'),
(1924, '2023-05-02', 70000.00, 1, 1, 'efectivo'),
(1925, '2023-05-02', 350000.00, 1, 1, 'efectivo'),
(1926, '2023-05-03', 5040000.00, 1, 1, 'efectivo'),
(1927, '2023-05-03', 70000.00, 1, 1, 'efectivo'),
(1928, '2023-05-03', 49000.00, 1, 1, 'efectivo'),
(1929, '2023-05-03', 3600000.00, 1, 1, 'efectivo'),
(1930, '2023-05-03', 1950000.00, 1, 1, 'efectivo'),
(1931, '2023-05-03', 0.00, 1, 1, 'efectivo'),
(1932, '2023-05-03', 650000.00, 1, 1, 'efectivo'),
(1933, '2023-05-03', 200000.00, 1, 1, 'efectivo'),
(1934, '2023-05-03', 150000.00, 1, 1, 'efectivo'),
(1935, '2023-05-03', 400000.00, 1, 1, 'efectivo'),
(1936, '2023-05-03', 50000.00, 1, 1, 'efectivo'),
(1937, '2023-05-03', 250000.00, 1, 1, 'efectivo'),
(1938, '2023-05-03', 1500000.00, 1, 1, 'efectivo'),
(1939, '2023-05-03', 500000.00, 1, 1, 'efectivo'),
(1940, '2023-05-04', 5500000.00, 1, 1, 'efectivo'),
(1941, '2023-05-04', 700000.00, 1, 1, 'efectivo'),
(1942, '2023-05-04', 150000.00, 1, 1, 'efectivo'),
(1943, '2023-05-04', 800.00, 1, 1, 'efectivo'),
(1944, '2023-05-04', 170000.00, 1, 1, 'efectivo'),
(1945, '2023-05-04', 800.00, 1, 1, 'efectivo'),
(1946, '2023-05-04', 150000.00, 1, 1, 'efectivo'),
(1947, '2023-05-04', 150000.00, 1, 1, 'efectivo'),
(1948, '2023-05-04', 150000.00, 1, 1, 'efectivo'),
(1949, '2023-05-05', 4700000.00, 1, 1, 'efectivo'),
(1950, '2023-05-05', 2500000.00, 1, 1, 'efectivo'),
(1951, '2023-05-05', 260000.00, 1, 1, 'efectivo'),
(1952, '2023-05-05', 750000.00, 1, 1, 'efectivo'),
(1953, '2023-05-05', 1200000.00, 1, 1, 'efectivo'),
(1954, '2023-05-05', 1200000.00, 1, 1, 'efectivo'),
(1955, '2023-05-05', 1900000.00, 1, 1, 'efectivo'),
(1956, '2023-05-05', 0.00, 1, 1, 'efectivo'),
(1957, '2023-05-05', 300000.00, 1, 1, 'efectivo'),
(1958, '2023-05-05', 2000000.00, 1, 1, 'efectivo'),
(1959, '2023-05-05', 2600000.00, 1, 1, 'efectivo'),
(1960, '2023-05-06', 700000.00, 1, 1, 'efectivo'),
(1961, '2023-05-06', 800.00, 1, 1, 'efectivo'),
(1962, '2023-05-06', 2400000.00, 1, 1, 'efectivo'),
(1963, '2023-05-06', 0.00, 1, 1, 'efectivo'),
(1964, '2023-05-06', 1400000.00, 1, 1, 'efectivo'),
(1965, '2023-05-06', 50000.00, 1, 1, 'efectivo'),
(1966, '2023-05-06', 5800000.00, 1, 1, 'efectivo'),
(1967, '2023-05-06', 850000.00, 1, 1, 'efectivo'),
(1968, '2023-05-06', 3100000.00, 1, 1, 'efectivo'),
(1969, '2023-05-06', 1.85, 1, 1, 'efectivo'),
(1970, '2023-05-06', 1850000.00, 1, 1, 'efectivo'),
(1971, '2023-05-06', 70000.00, 1, 1, 'efectivo'),
(1972, '2023-05-06', 100000.00, 1, 1, 'efectivo'),
(1973, '2023-05-06', 350000.00, 1, 1, 'efectivo'),
(1974, '2023-05-06', 1250000.00, 1, 1, 'efectivo'),
(1975, '2023-05-06', 750000.00, 1, 1, 'efectivo'),
(1976, '2023-05-06', 700000.00, 1, 1, 'efectivo'),
(1977, '2023-05-06', 2500000.00, 1, 1, 'efectivo'),
(1978, '2023-05-08', 5720000.00, 1, 1, 'efectivo'),
(1979, '2023-05-08', 60000.00, 1, 1, 'efectivo'),
(1980, '2023-05-08', 650000.00, 1, 1, 'efectivo'),
(1981, '2023-05-08', 1100000.00, 1, 1, 'efectivo'),
(1982, '2023-05-08', 0.00, 1, 1, 'efectivo'),
(1983, '2023-05-08', 1380000.00, 1, 1, 'efectivo'),
(1984, '2023-05-08', 60000.00, 1, 1, 'efectivo'),
(1985, '2023-05-08', 780000.00, 1, 1, 'efectivo'),
(1986, '2023-05-08', 150000.00, 1, 1, 'efectivo'),
(1987, '2023-05-08', 1650000.00, 1, 1, 'efectivo'),
(1988, '2023-05-08', 650000.00, 1, 1, 'efectivo'),
(1989, '2023-05-09', 120000.00, 1, 1, 'efectivo'),
(1990, '2023-05-09', 600000.00, 1, 1, 'efectivo'),
(1991, '2023-05-09', 150000.00, 1, 1, 'efectivo'),
(1992, '2023-05-09', 150000.00, 1, 1, 'efectivo'),
(1993, '2023-05-09', 700000.00, 1, 1, 'efectivo'),
(1994, '2023-05-09', 50000.00, 1, 1, 'efectivo'),
(1995, '2023-05-09', 350000.00, 1, 1, 'efectivo'),
(1996, '2023-05-09', 0.00, 1, 1, 'efectivo'),
(1997, '2023-05-09', 800000.00, 1, 1, 'efectivo'),
(1998, '2023-05-09', 60000.00, 1, 1, 'efectivo'),
(1999, '2023-05-09', 60000.00, 1, 1, 'efectivo'),
(2000, '2023-05-09', 100000.00, 1, 1, 'efectivo'),
(2001, '2023-05-10', 800000.00, 1, 1, 'efectivo'),
(2002, '2023-05-10', 1750000.00, 1, 1, 'efectivo'),
(2003, '2023-05-10', 250000.00, 1, 1, 'efectivo'),
(2004, '2023-05-10', 1350000.00, 1, 1, 'efectivo'),
(2005, '2023-05-10', 1450000.00, 1, 1, 'efectivo'),
(2006, '2023-05-10', 850000.00, 1, 1, 'efectivo'),
(2007, '2023-05-10', 950000.00, 1, 1, 'efectivo'),
(2008, '2023-05-10', 0.00, 1, 1, 'efectivo'),
(2009, '2023-05-10', 70000.00, 1, 1, 'efectivo'),
(2010, '2023-05-10', 300000.00, 1, 1, 'efectivo'),
(2011, '2023-05-10', 9000000.00, 1, 1, 'efectivo'),
(2012, '2023-05-11', 0.00, 1, 1, 'efectivo'),
(2013, '2023-05-11', 200000.00, 1, 1, 'efectivo'),
(2014, '2023-05-11', 1500000.00, 1, 1, 'efectivo'),
(2015, '2023-05-11', 0.00, 1, 1, 'efectivo'),
(2016, '2023-05-11', 450000.00, 1, 1, 'efectivo'),
(2017, '2023-05-11', 50000.00, 1, 1, 'efectivo'),
(2018, '2023-05-11', 180000.00, 1, 1, 'efectivo'),
(2019, '2023-05-11', 0.00, 1, 1, 'efectivo'),
(2020, '2023-05-11', 500000.00, 1, 1, 'efectivo'),
(2021, '2023-05-11', 200000.00, 1, 1, 'efectivo'),
(2022, '2023-05-11', 1400000.00, 1, 1, 'efectivo'),
(2023, '2023-05-11', 200000.00, 1, 1, 'efectivo'),
(2024, '2023-05-11', 800000.00, 1, 1, 'efectivo'),
(2025, '2023-05-11', 3300000.00, 1, 1, 'efectivo'),
(2026, '2023-05-12', 12000000.00, 1, 1, 'efectivo'),
(2027, '2023-05-12', 100000.00, 1, 1, 'efectivo'),
(2028, '2023-05-12', 0.00, 1, 1, 'efectivo'),
(2029, '2023-05-12', 900000.00, 1, 1, 'efectivo'),
(2030, '2023-05-12', 750000.00, 1, 1, 'efectivo'),
(2031, '2023-05-12', 700000.00, 1, 1, 'efectivo'),
(2032, '2023-05-12', 750000.00, 1, 1, 'efectivo'),
(2033, '2023-05-12', 80000.00, 1, 1, 'efectivo'),
(2034, '2023-05-12', 900000.00, 1, 1, 'efectivo'),
(2035, '2023-05-13', 130000.00, 1, 1, 'efectivo'),
(2036, '2023-05-13', 50000.00, 1, 1, 'efectivo'),
(2037, '2023-05-13', 20000.00, 1, 1, 'efectivo'),
(2038, '2023-05-13', 100000.00, 1, 1, 'efectivo'),
(2039, '2023-05-13', 200000.00, 1, 1, 'efectivo'),
(2040, '2023-05-13', 700000.00, 1, 1, 'efectivo'),
(2041, '2023-05-13', 650000.00, 1, 1, 'efectivo'),
(2042, '2023-05-13', 100000.00, 1, 1, 'efectivo'),
(2043, '2023-05-13', 100000.00, 1, 1, 'efectivo'),
(2044, '2023-05-13', 100000.00, 1, 1, 'efectivo'),
(2045, '2023-05-13', 250000.00, 1, 1, 'efectivo'),
(2046, '2023-05-13', 350000.00, 1, 1, 'efectivo'),
(2047, '2023-05-13', 80000.00, 1, 1, 'efectivo'),
(2048, '2023-05-13', 0.00, 1, 1, 'efectivo'),
(2049, '2023-05-13', 0.00, 1, 1, 'efectivo'),
(2050, '2023-05-13', 700000.00, 1, 1, 'efectivo'),
(2051, '2023-05-13', 3500000.00, 1, 1, 'efectivo'),
(2052, '2023-05-13', 50000.00, 1, 1, 'efectivo'),
(2053, '2023-05-13', 750.00, 1, 1, 'efectivo'),
(2054, '2023-05-14', 250000.00, 1, 1, 'efectivo'),
(2055, '2023-05-14', 400000.00, 1, 1, 'efectivo'),
(2056, '2023-05-14', 2300000.00, 1, 1, 'efectivo'),
(2057, '2023-05-14', 30000.00, 1, 1, 'efectivo'),
(2058, '2023-05-14', 750.00, 1, 1, 'efectivo'),
(2059, '2023-05-14', 700000.00, 1, 1, 'efectivo'),
(2060, '2023-05-14', 700000.00, 1, 1, 'efectivo'),
(2061, '2023-05-14', 750000.00, 1, 1, 'efectivo'),
(2062, '2023-05-14', 950000.00, 1, 1, 'efectivo'),
(2063, '2023-05-14', 250000.00, 1, 1, 'efectivo'),
(2064, '2023-05-14', 0.00, 1, 1, 'efectivo'),
(2065, '2023-05-14', 1250000.00, 1, 1, 'efectivo'),
(2066, '2023-05-14', 700000.00, 1, 1, 'efectivo'),
(2067, '2023-05-15', 120000.00, 1, 1, 'efectivo'),
(2068, '2023-05-15', 800000.00, 1, 1, 'efectivo'),
(2069, '2023-05-15', 320000.00, 1, 1, 'efectivo'),
(2070, '2023-05-15', 500000.00, 1, 1, 'efectivo'),
(2071, '2023-05-15', 130000.00, 1, 1, 'efectivo'),
(2072, '2023-05-15', 250000.00, 1, 1, 'efectivo'),
(2073, '2023-05-15', 250000.00, 1, 1, 'efectivo'),
(2074, '2023-05-15', 200000.00, 1, 1, 'efectivo'),
(2075, '2023-05-15', 1000000.00, 1, 1, 'efectivo'),
(2076, '2023-05-15', 250000.00, 1, 1, 'efectivo'),
(2077, '2023-05-15', 650000.00, 1, 1, 'efectivo'),
(2078, '2023-05-15', 2800000.00, 1, 1, 'efectivo'),
(2079, '2023-05-15', 700000.00, 1, 1, 'efectivo'),
(2080, '2023-05-15', 60000.00, 1, 1, 'efectivo'),
(2081, '2023-05-16', 50000.00, 1, 1, 'efectivo'),
(2082, '2023-05-16', 950000.00, 1, 1, 'efectivo'),
(2083, '2023-05-16', 200000.00, 1, 1, 'efectivo'),
(2084, '2023-05-16', 800000.00, 1, 1, 'efectivo'),
(2085, '2023-05-16', 500000.00, 1, 1, 'efectivo'),
(2086, '2023-05-16', 250000.00, 1, 1, 'efectivo'),
(2087, '2023-05-16', 1400000.00, 1, 1, 'efectivo'),
(2088, '2023-05-17', 950000.00, 1, 1, 'efectivo'),
(2089, '2023-05-17', 900000.00, 1, 1, 'efectivo'),
(2090, '2023-05-17', 800000.00, 1, 1, 'efectivo');
INSERT INTO `ventas` (`idVenta`, `fechaV`, `totalV`, `idUser`, `idEstablecimiento`, `tipoPago`) VALUES
(2091, '2023-05-17', 350000.00, 1, 1, 'efectivo'),
(2092, '2023-05-17', 330000.00, 1, 1, 'efectivo'),
(2093, '2023-05-17', 1350000.00, 1, 1, 'efectivo'),
(2094, '2023-05-17', 130000.00, 1, 1, 'efectivo'),
(2095, '2023-05-17', 1200000.00, 1, 1, 'efectivo'),
(2096, '2023-05-17', 900000.00, 1, 1, 'efectivo'),
(2097, '2023-05-17', 0.00, 1, 1, 'efectivo'),
(2098, '2023-05-17', 7000000.00, 1, 1, 'efectivo'),
(2099, '2023-05-18', 150000.00, 1, 1, 'efectivo'),
(2100, '2023-05-18', 250000.00, 1, 1, 'efectivo'),
(2101, '2023-05-18', 950000.00, 1, 1, 'efectivo'),
(2102, '2023-05-18', 1500000.00, 1, 1, 'efectivo'),
(2103, '2023-05-18', 450000.00, 1, 1, 'efectivo'),
(2104, '2023-05-18', 0.00, 1, 1, 'efectivo'),
(2105, '2023-05-18', 850000.00, 1, 1, 'efectivo'),
(2106, '2023-05-19', 250000.00, 1, 1, 'efectivo'),
(2107, '2023-05-19', 250000.00, 1, 1, 'efectivo'),
(2108, '2023-05-19', 0.00, 1, 1, 'efectivo'),
(2109, '2023-05-19', 3000000.00, 1, 1, 'efectivo'),
(2110, '2023-05-19', 150000.00, 1, 1, 'efectivo'),
(2111, '2023-05-19', 1300000.00, 1, 1, 'efectivo'),
(2112, '2023-05-19', 1400000.00, 1, 1, 'efectivo'),
(2113, '2023-05-19', 1000000.00, 1, 1, 'efectivo'),
(2114, '2023-05-19', 350000.00, 1, 1, 'efectivo'),
(2115, '2023-05-19', 6500000.00, 1, 1, 'efectivo'),
(2116, '2023-05-20', 250000.00, 1, 1, 'efectivo'),
(2117, '2023-05-20', 700000.00, 1, 1, 'efectivo'),
(2118, '2023-05-20', 220000.00, 1, 1, 'efectivo'),
(2119, '2023-05-20', 3300000.00, 1, 1, 'efectivo'),
(2120, '2023-05-20', 1400000.00, 1, 1, 'efectivo'),
(2121, '2023-05-20', 3000000.00, 1, 1, 'efectivo'),
(2122, '2023-05-20', 50000.00, 1, 1, 'efectivo'),
(2123, '2023-05-20', 750000.00, 1, 1, 'efectivo'),
(2124, '2023-05-20', 200000.00, 1, 1, 'efectivo'),
(2125, '2023-05-20', 0.00, 1, 1, 'efectivo'),
(2126, '2023-05-20', 1200000.00, 1, 1, 'efectivo'),
(2127, '2023-05-22', 2900000.00, 1, 1, 'efectivo'),
(2128, '2023-05-22', 2250000.00, 1, 1, 'efectivo'),
(2129, '2023-05-22', 950000.00, 1, 1, 'efectivo'),
(2130, '2023-05-22', 250000.00, 1, 1, 'efectivo'),
(2131, '2023-05-22', 45000.00, 1, 1, 'efectivo'),
(2132, '2023-05-22', 800000.00, 1, 1, 'efectivo'),
(2133, '2023-05-22', 1400000.00, 1, 1, 'efectivo'),
(2134, '2023-05-22', 1801350.00, 1, 1, 'efectivo'),
(2135, '2023-05-22', 300000.00, 1, 1, 'efectivo'),
(2136, '2023-05-22', 80000.00, 1, 1, 'efectivo'),
(2137, '2023-05-22', 650000.00, 1, 1, 'efectivo'),
(2138, '2023-05-22', 0.00, 1, 1, 'efectivo'),
(2139, '2023-05-22', 3200000.00, 1, 1, 'efectivo'),
(2140, '2023-05-22', 0.00, 1, 1, 'efectivo'),
(2141, '2023-05-23', 200000.00, 1, 1, 'efectivo'),
(2142, '2023-05-23', 100000.00, 1, 1, 'efectivo'),
(2143, '2023-05-23', 225000.00, 1, 1, 'efectivo'),
(2144, '2023-05-23', 1600000.00, 1, 1, 'efectivo'),
(2145, '2023-05-23', 100000.00, 1, 1, 'efectivo'),
(2146, '2023-05-23', 2000000.00, 1, 1, 'efectivo'),
(2147, '2023-05-24', 650000.00, 1, 1, 'efectivo'),
(2148, '2023-05-24', 250000.00, 1, 1, 'efectivo'),
(2149, '2023-05-24', 1250000.00, 1, 1, 'efectivo'),
(2150, '2023-05-24', 250000.00, 1, 1, 'efectivo'),
(2151, '2023-05-24', 70000.00, 1, 1, 'efectivo'),
(2152, '2023-05-24', 2850000.00, 1, 1, 'efectivo'),
(2153, '2023-05-24', 1300000.00, 1, 1, 'efectivo'),
(2154, '2023-05-24', 50000.00, 1, 1, 'efectivo'),
(2155, '2023-05-24', 1500000.00, 1, 1, 'efectivo'),
(2156, '2023-05-24', 1500000.00, 1, 1, 'efectivo'),
(2157, '2023-05-24', 1500000.00, 1, 1, 'efectivo'),
(2158, '2023-05-24', 1500000.00, 1, 1, 'efectivo'),
(2159, '2023-05-24', 1500000.00, 1, 1, 'efectivo'),
(2160, '2023-05-24', 1500000.00, 1, 1, 'efectivo'),
(2161, '2023-05-25', 0.00, 1, 1, 'efectivo'),
(2162, '2023-05-25', 200000.00, 1, 1, 'efectivo'),
(2163, '2023-05-25', 6500000.00, 1, 1, 'efectivo'),
(2164, '2023-05-25', 2000000.00, 1, 1, 'efectivo'),
(2165, '2023-05-25', 50000.00, 1, 1, 'efectivo'),
(2166, '2023-05-26', 150000.00, 1, 1, 'efectivo'),
(2167, '2023-05-26', 100000.00, 1, 1, 'efectivo'),
(2168, '2023-05-26', 80000.00, 1, 1, 'efectivo'),
(2169, '2023-05-26', 700000.00, 1, 1, 'efectivo'),
(2170, '2023-05-26', 50000.00, 1, 1, 'efectivo'),
(2171, '2023-05-27', 180000.00, 1, 1, 'efectivo'),
(2172, '2023-05-27', 550000.00, 1, 1, 'efectivo'),
(2173, '2023-05-27', 180000.00, 1, 1, 'efectivo'),
(2174, '2023-05-27', 120000.00, 1, 1, 'efectivo'),
(2175, '2023-05-27', 150000.00, 1, 1, 'efectivo'),
(2176, '2023-05-27', 120000.00, 1, 1, 'efectivo'),
(2177, '2023-05-27', 160000.00, 1, 1, 'efectivo'),
(2178, '2023-05-27', 200000.00, 1, 1, 'efectivo'),
(2179, '2023-05-27', 5300000.00, 1, 1, 'efectivo'),
(2180, '2023-05-27', 120000.00, 1, 1, 'efectivo'),
(2181, '2023-05-27', 300000.00, 1, 1, 'efectivo'),
(2182, '2023-05-27', 700000.00, 1, 1, 'efectivo'),
(2183, '2023-05-27', 200000.00, 1, 1, 'efectivo'),
(2184, '2023-05-27', 150000.00, 1, 1, 'efectivo'),
(2185, '2023-05-30', 50000.00, 1, 1, 'efectivo'),
(2186, '2023-05-30', 200000.00, 1, 1, 'efectivo'),
(2187, '2023-05-30', 200000.00, 1, 1, 'efectivo'),
(2188, '2023-05-30', 200000.00, 1, 1, 'efectivo'),
(2189, '2023-05-30', 0.00, 1, 1, 'efectivo'),
(2190, '2023-05-30', 260.00, 1, 1, 'efectivo'),
(2191, '2023-05-30', 8100000.00, 1, 1, 'efectivo'),
(2192, '2023-05-30', 650000.00, 1, 1, 'efectivo'),
(2193, '2023-05-30', 700000.00, 1, 1, 'efectivo'),
(2194, '2023-05-31', 0.00, 1, 1, 'efectivo'),
(2195, '2023-05-31', 2600000.00, 1, 1, 'efectivo'),
(2196, '2023-05-31', 150000.00, 1, 1, 'efectivo'),
(2197, '2023-05-31', 600000.00, 1, 1, 'efectivo'),
(2198, '2023-05-31', 550000.00, 1, 1, 'efectivo'),
(2199, '2023-05-31', 120000.00, 1, 1, 'efectivo'),
(2200, '2023-05-31', 550000.00, 1, 1, 'efectivo'),
(2201, '2023-05-31', 70000.00, 1, 1, 'efectivo'),
(2202, '2023-06-01', 1100000.00, 1, 1, 'efectivo'),
(2203, '2023-06-01', 1500000.00, 1, 1, 'efectivo'),
(2204, '2023-06-01', 120000.00, 1, 1, 'efectivo'),
(2205, '2023-06-01', 3800000.00, 1, 1, 'efectivo'),
(2206, '2023-06-01', 380.00, 1, 1, 'efectivo'),
(2207, '2023-06-01', 950000.00, 1, 1, 'efectivo'),
(2208, '2023-06-01', 170000.00, 1, 1, 'efectivo'),
(2209, '2023-06-01', 1000000.00, 1, 1, 'efectivo'),
(2210, '2023-06-01', 50000.00, 1, 1, 'efectivo'),
(2211, '2023-06-01', 1200000.00, 1, 1, 'efectivo'),
(2212, '2023-06-01', 750000.00, 1, 1, 'efectivo'),
(2213, '2023-06-01', 200000.00, 1, 1, 'efectivo'),
(2214, '2023-06-01', 4000000.00, 1, 1, 'efectivo'),
(2215, '2023-06-01', 0.00, 1, 1, 'efectivo'),
(2216, '2023-06-02', 180000.00, 1, 1, 'efectivo'),
(2217, '2023-06-02', 180000.00, 1, 1, 'efectivo'),
(2218, '2023-06-02', 700000.00, 1, 1, 'efectivo'),
(2219, '2023-06-02', 100000.00, 1, 1, 'efectivo'),
(2220, '2023-06-02', 180000.00, 1, 1, 'efectivo'),
(2221, '2023-06-03', 3500000.00, 1, 1, 'efectivo'),
(2222, '2023-06-03', 420000.00, 1, 1, 'efectivo'),
(2223, '2023-06-03', 250000.00, 1, 1, 'efectivo'),
(2224, '2023-06-03', 300000.00, 1, 1, 'efectivo'),
(2225, '2023-06-03', 60000.00, 1, 1, 'efectivo'),
(2226, '2023-06-03', 150000.00, 1, 1, 'efectivo'),
(2227, '2023-06-03', 400000.00, 1, 1, 'efectivo'),
(2228, '2023-06-03', 180000.00, 1, 1, 'efectivo'),
(2229, '2023-06-03', 850000.00, 1, 1, 'efectivo'),
(2230, '2023-06-03', 40000.00, 1, 1, 'efectivo'),
(2231, '2023-06-03', 1900000.00, 1, 1, 'efectivo'),
(2232, '2023-06-03', 1150000.00, 1, 1, 'efectivo'),
(2233, '2023-06-05', 440000.00, 1, 1, 'efectivo'),
(2234, '2023-06-05', 480000.00, 1, 1, 'efectivo'),
(2235, '2023-06-05', 100000.00, 1, 1, 'efectivo'),
(2236, '2023-06-05', 150000.00, 1, 1, 'efectivo'),
(2237, '2023-06-05', 2050000.00, 1, 1, 'efectivo'),
(2238, '2023-06-05', 25000.00, 1, 1, 'efectivo'),
(2239, '2023-06-05', 350000.00, 1, 1, 'efectivo'),
(2240, '2023-06-05', 150000.00, 1, 1, 'efectivo'),
(2241, '2023-06-05', 250000.00, 1, 1, 'efectivo'),
(2242, '2023-06-06', 0.00, 1, 1, 'efectivo'),
(2243, '2023-06-06', 1450000.00, 1, 1, 'efectivo'),
(2244, '2023-06-06', 0.00, 1, 1, 'efectivo'),
(2245, '2023-06-06', 0.00, 1, 1, 'efectivo'),
(2246, '2023-06-06', 2400000.00, 1, 1, 'efectivo'),
(2247, '2023-06-06', 2400000.00, 1, 1, 'efectivo'),
(2248, '2023-06-06', 1400000.00, 1, 1, 'efectivo'),
(2249, '2023-06-06', 45000.00, 1, 1, 'efectivo'),
(2250, '2023-06-06', 45000.00, 1, 1, 'efectivo'),
(2251, '2023-06-06', 150000.00, 1, 1, 'efectivo'),
(2252, '2023-06-06', 950000.00, 1, 1, 'efectivo'),
(2253, '2023-06-06', 1500.00, 1, 1, 'efectivo'),
(2254, '2023-06-07', 1230000.00, 1, 1, 'efectivo'),
(2255, '2023-06-07', 70000.00, 1, 1, 'efectivo'),
(2256, '2023-06-07', 40000.00, 1, 1, 'efectivo'),
(2257, '2023-06-07', 600000.00, 1, 1, 'efectivo'),
(2258, '2023-06-07', 750000.00, 1, 1, 'efectivo'),
(2259, '2023-06-07', 450000.00, 1, 1, 'efectivo'),
(2260, '2023-06-07', 450000.00, 1, 1, 'efectivo'),
(2261, '2023-06-07', 150000.00, 1, 1, 'efectivo'),
(2262, '2023-06-07', 60000.00, 1, 1, 'efectivo'),
(2263, '2023-06-08', 140000.00, 1, 1, 'efectivo'),
(2264, '2023-06-08', 1200000.00, 1, 1, 'efectivo'),
(2265, '2023-06-08', 1750000.00, 1, 1, 'efectivo'),
(2266, '2023-06-08', 2150000.00, 1, 1, 'efectivo'),
(2267, '2023-06-08', 60000.00, 1, 1, 'efectivo'),
(2268, '2023-06-08', 800000.00, 1, 1, 'efectivo'),
(2269, '2023-06-08', 90000.00, 1, 1, 'efectivo'),
(2270, '2023-06-08', 60000.00, 1, 1, 'efectivo'),
(2271, '2023-06-08', 140000.00, 1, 1, 'efectivo'),
(2272, '2023-06-08', 60000.00, 1, 1, 'efectivo'),
(2273, '2023-06-08', 250000.00, 1, 1, 'efectivo'),
(2274, '2023-06-08', 100000.00, 1, 1, 'efectivo'),
(2275, '2023-06-09', 40.00, 1, 1, 'efectivo'),
(2276, '2023-06-09', 250000.00, 1, 1, 'efectivo'),
(2277, '2023-06-09', 150000.00, 1, 1, 'efectivo'),
(2278, '2023-06-09', 40000.00, 1, 1, 'efectivo'),
(2279, '2023-06-09', 0.00, 1, 1, 'efectivo'),
(2280, '2023-06-09', 60000.00, 1, 1, 'efectivo'),
(2281, '2023-06-09', 180000.00, 1, 1, 'efectivo'),
(2282, '2023-06-09', 8220000.00, 1, 1, 'efectivo'),
(2283, '2023-06-09', 3000000.00, 1, 1, 'efectivo'),
(2284, '2023-06-09', 300000.00, 1, 1, 'efectivo'),
(2285, '2023-06-09', 800000.00, 1, 1, 'efectivo'),
(2286, '2023-06-10', 2000000.00, 1, 1, 'efectivo'),
(2287, '2023-06-10', 100000.00, 1, 1, 'efectivo'),
(2288, '2023-06-10', 0.00, 1, 1, 'efectivo'),
(2289, '2023-06-10', 700.00, 1, 1, 'efectivo'),
(2290, '2023-06-10', 200000.00, 1, 1, 'efectivo'),
(2291, '2023-06-10', 5200000.00, 1, 1, 'efectivo'),
(2292, '2023-06-10', 400000.00, 1, 1, 'efectivo'),
(2293, '2023-06-10', 150000.00, 1, 1, 'efectivo'),
(2294, '2023-06-12', 160000.00, 1, 1, 'efectivo'),
(2295, '2023-06-12', 100000.00, 1, 1, 'efectivo'),
(2296, '2023-06-13', 2600000.00, 1, 1, 'efectivo'),
(2297, '2023-06-13', 2600.00, 1, 1, 'efectivo'),
(2298, '2023-06-14', 550000.00, 1, 1, 'efectivo'),
(2299, '2023-06-14', 1000000.00, 1, 1, 'efectivo'),
(2300, '2023-06-14', 0.00, 1, 1, 'efectivo'),
(2301, '2023-06-14', 200000.00, 1, 1, 'efectivo'),
(2302, '2023-06-14', 4500000.00, 1, 1, 'efectivo'),
(2303, '2023-06-14', 4730000.00, 1, 1, 'efectivo'),
(2304, '2023-06-14', 140000.00, 1, 1, 'efectivo'),
(2305, '2023-06-14', 1100000.00, 1, 1, 'efectivo'),
(2306, '2023-06-14', 350000.00, 1, 1, 'efectivo'),
(2307, '2023-06-14', 3400000.00, 1, 1, 'efectivo'),
(2308, '2023-06-14', 180000.00, 1, 1, 'efectivo'),
(2309, '2023-06-14', 2920000.00, 1, 1, 'efectivo'),
(2310, '2023-06-14', 2650000.00, 1, 1, 'efectivo'),
(2311, '2023-06-14', 750000.00, 1, 1, 'efectivo'),
(2312, '2023-06-14', 120000.00, 1, 1, 'efectivo'),
(2313, '2023-06-14', 2000000.00, 1, 1, 'efectivo'),
(2314, '2023-06-15', 150000.00, 1, 1, 'efectivo'),
(2315, '2023-06-15', 150000.00, 1, 1, 'efectivo'),
(2316, '2023-06-15', 50000.00, 1, 1, 'efectivo'),
(2317, '2023-06-15', 0.00, 1, 1, 'efectivo'),
(2318, '2023-06-15', 700000.00, 1, 1, 'efectivo'),
(2319, '2023-06-15', 700000.00, 1, 1, 'efectivo'),
(2320, '2023-06-15', 650000.00, 1, 1, 'efectivo'),
(2321, '2023-06-15', 60000.00, 1, 1, 'efectivo'),
(2322, '2023-06-15', 200000.00, 1, 1, 'efectivo'),
(2323, '2023-06-15', 150000.00, 1, 1, 'efectivo'),
(2324, '2023-06-15', 2100000.00, 1, 1, 'efectivo'),
(2325, '2023-06-15', 250000.00, 1, 1, 'efectivo'),
(2326, '2023-06-15', 800000.00, 1, 1, 'efectivo'),
(2327, '2023-06-15', 1000000.00, 1, 1, 'efectivo'),
(2328, '2023-06-15', 520000.00, 1, 1, 'efectivo'),
(2329, '2023-06-15', 250000.00, 1, 1, 'efectivo'),
(2330, '2023-06-15', 1000000.00, 1, 1, 'efectivo'),
(2331, '2023-06-15', 1000000.00, 1, 1, 'efectivo'),
(2332, '2023-06-15', 1000000.00, 1, 1, 'efectivo'),
(2333, '2023-06-15', 1500000.00, 1, 1, 'efectivo'),
(2334, '2023-06-16', 1300000.00, 1, 1, 'efectivo'),
(2335, '2023-06-16', 400000.00, 1, 1, 'efectivo'),
(2336, '2023-06-16', 30000.00, 1, 1, 'efectivo'),
(2337, '2023-06-16', 6700000.00, 1, 1, 'efectivo'),
(2338, '2023-06-16', 700000.00, 1, 1, 'efectivo'),
(2339, '2023-06-16', 1100000.00, 1, 1, 'efectivo'),
(2340, '2023-06-16', 1850.00, 1, 1, 'efectivo'),
(2341, '2023-06-16', 3300000.00, 1, 1, 'efectivo'),
(2342, '2023-06-16', 1100000.00, 1, 1, 'efectivo'),
(2343, '2023-06-16', 600000.00, 1, 1, 'efectivo'),
(2344, '2023-06-16', 0.00, 1, 1, 'efectivo'),
(2345, '2023-06-16', 400000.00, 1, 1, 'efectivo'),
(2346, '2023-06-16', 4950000.00, 1, 1, 'efectivo'),
(2347, '2023-06-16', 150000.00, 1, 1, 'efectivo'),
(2348, '2023-06-16', 0.00, 1, 1, 'efectivo'),
(2349, '2023-06-17', 250000.00, 1, 1, 'efectivo'),
(2350, '2023-06-17', 540000.00, 1, 1, 'efectivo'),
(2351, '2023-06-17', 140000.00, 1, 1, 'efectivo'),
(2352, '2023-06-17', 140000.00, 1, 1, 'efectivo'),
(2353, '2023-06-17', 90000.00, 1, 1, 'efectivo'),
(2354, '2023-06-17', 260000.00, 1, 1, 'efectivo'),
(2355, '2023-06-17', 550000.00, 1, 1, 'efectivo'),
(2356, '2023-06-17', 180000.00, 1, 1, 'efectivo'),
(2357, '2023-06-17', 700000.00, 1, 1, 'efectivo'),
(2358, '2023-06-17', 950000.00, 1, 1, 'efectivo'),
(2359, '2023-06-17', 2400000.00, 1, 1, 'efectivo'),
(2360, '2023-06-17', 120000.00, 1, 1, 'efectivo'),
(2361, '2023-06-17', 5000000.00, 1, 1, 'efectivo'),
(2362, '2023-06-17', 2550000.00, 1, 1, 'efectivo'),
(2363, '2023-06-17', 5300000.00, 1, 1, 'efectivo'),
(2364, '2023-06-17', 3130000.00, 1, 1, 'efectivo'),
(2365, '2023-06-17', 2050000.00, 1, 1, 'efectivo'),
(2366, '2023-06-17', 600000.00, 1, 1, 'efectivo'),
(2367, '2023-06-17', 1400000.00, 1, 1, 'efectivo'),
(2368, '2023-06-17', 2700000.00, 1, 1, 'efectivo'),
(2369, '2023-06-17', 215000.00, 1, 1, 'efectivo'),
(2370, '2023-06-17', 880000.00, 1, 1, 'efectivo'),
(2371, '2023-06-17', 880000.00, 1, 1, 'efectivo'),
(2372, '2023-06-17', 240000.00, 1, 1, 'efectivo'),
(2373, '2023-06-17', 1500000.00, 1, 1, 'efectivo'),
(2374, '2023-06-17', 2100000.00, 1, 1, 'efectivo'),
(2375, '2023-06-18', 650000.00, 1, 1, 'efectivo'),
(2376, '2023-06-18', 350000.00, 1, 1, 'efectivo'),
(2377, '2023-06-18', 230000.00, 1, 1, 'efectivo'),
(2378, '2023-06-18', 600000.00, 1, 1, 'efectivo'),
(2379, '2023-06-18', 60000.00, 1, 1, 'efectivo'),
(2380, '2023-06-18', 70000.00, 1, 1, 'efectivo'),
(2381, '2023-06-19', 700.00, 1, 1, 'efectivo'),
(2382, '2023-06-19', 25000.00, 1, 1, 'efectivo'),
(2383, '2023-06-19', 850000.00, 1, 1, 'efectivo'),
(2384, '2023-06-19', 0.00, 1, 1, 'efectivo'),
(2385, '2023-06-19', 700000.00, 1, 1, 'efectivo'),
(2386, '2023-06-19', 150000.00, 1, 1, 'efectivo'),
(2387, '2023-06-19', 180000.00, 1, 1, 'efectivo'),
(2388, '2023-06-19', 5000000.00, 1, 1, 'efectivo'),
(2389, '2023-06-19', 450000.00, 1, 1, 'efectivo'),
(2390, '2023-06-19', 670000.00, 1, 1, 'efectivo'),
(2391, '2023-06-19', 230000.00, 1, 1, 'efectivo'),
(2392, '2023-06-19', 100000.00, 1, 1, 'efectivo'),
(2393, '2023-06-20', 140000.00, 1, 1, 'efectivo'),
(2394, '2023-06-20', 1100000.00, 1, 1, 'efectivo'),
(2395, '2023-06-20', 400000.00, 1, 1, 'efectivo'),
(2396, '2023-06-20', 0.00, 1, 1, 'efectivo'),
(2397, '2023-06-20', 100000.00, 1, 1, 'efectivo'),
(2398, '2023-06-20', 60000.00, 1, 1, 'efectivo'),
(2399, '2023-06-20', 120000.00, 1, 1, 'efectivo'),
(2400, '2023-06-20', 300000.00, 1, 1, 'efectivo'),
(2401, '2023-06-20', 50000.00, 1, 1, 'efectivo'),
(2402, '2023-06-20', 0.00, 1, 1, 'efectivo'),
(2403, '2023-06-20', 1300000.00, 1, 1, 'efectivo'),
(2404, '2023-06-21', 200000.00, 1, 1, 'efectivo'),
(2405, '2023-06-21', 1400000.00, 1, 1, 'efectivo'),
(2406, '2023-06-21', 600000.00, 1, 1, 'efectivo'),
(2407, '2023-06-21', 700000.00, 1, 1, 'efectivo'),
(2408, '2023-06-21', 750000.00, 1, 1, 'efectivo'),
(2409, '2023-06-21', 14.00, 1, 1, 'efectivo'),
(2410, '2023-06-21', 0.00, 1, 1, 'efectivo'),
(2411, '2023-06-21', 150000.00, 1, 1, 'efectivo'),
(2412, '2023-06-21', 150000.00, 1, 1, 'efectivo'),
(2413, '2023-06-21', 280000.00, 1, 1, 'efectivo'),
(2414, '2023-06-22', 1400000.00, 1, 1, 'efectivo'),
(2415, '2023-06-22', 280000.00, 1, 1, 'efectivo'),
(2416, '2023-06-22', 450000.00, 1, 1, 'efectivo'),
(2417, '2023-06-22', 35000.00, 1, 1, 'efectivo'),
(2418, '2023-06-28', 3700000.00, 1, 1, 'efectivo'),
(2419, '2023-06-29', 250000.00, 1, 1, 'efectivo'),
(2420, '2023-06-29', 0.00, 1, 1, 'efectivo'),
(2421, '2023-06-29', 130000.00, 1, 1, 'efectivo'),
(2422, '2023-06-29', 2000000.00, 1, 1, 'efectivo'),
(2423, '2023-06-30', 180000.00, 1, 1, 'efectivo'),
(2424, '2023-06-30', 250000.00, 1, 1, 'efectivo'),
(2425, '2023-06-30', 100000.00, 1, 1, 'efectivo'),
(2426, '2023-06-30', 1300000.00, 1, 1, 'efectivo'),
(2427, '2023-06-30', 700000.00, 1, 1, 'efectivo'),
(2428, '2023-06-30', 100000.00, 1, 1, 'efectivo'),
(2429, '2023-06-30', 120000.00, 1, 1, 'efectivo'),
(2430, '2023-06-30', 1500000.00, 1, 1, 'efectivo'),
(2431, '2023-07-01', 650000.00, 1, 1, 'efectivo'),
(2432, '2023-07-01', 2000000.00, 1, 1, 'efectivo'),
(2433, '2023-07-01', 500000.00, 1, 1, 'efectivo'),
(2434, '2023-07-01', 1100000.00, 1, 1, 'efectivo'),
(2435, '2023-07-01', 70000.00, 1, 1, 'efectivo'),
(2436, '2023-07-01', 1650000.00, 1, 1, 'efectivo'),
(2437, '2023-07-01', 150000.00, 1, 1, 'efectivo'),
(2438, '2023-07-01', 120000.00, 1, 1, 'efectivo'),
(2439, '2023-07-03', 500000.00, 1, 1, 'efectivo'),
(2440, '2023-07-03', 100000.00, 1, 1, 'efectivo'),
(2441, '2023-07-03', 260000.00, 1, 1, 'efectivo'),
(2442, '2023-07-03', 600000.00, 1, 1, 'efectivo'),
(2443, '2023-07-03', 550000.00, 1, 1, 'efectivo'),
(2444, '2023-07-03', 240000.00, 1, 1, 'efectivo'),
(2445, '2023-07-04', 300000.00, 1, 1, 'efectivo'),
(2446, '2023-07-04', 150000.00, 1, 1, 'efectivo'),
(2447, '2023-07-04', 450000.00, 1, 1, 'efectivo'),
(2448, '2023-07-05', 600000.00, 1, 1, 'efectivo'),
(2449, '2023-07-05', 100000.00, 1, 1, 'efectivo'),
(2450, '2023-07-05', 150000.00, 1, 1, 'efectivo'),
(2451, '2023-07-05', 1500000.00, 1, 1, 'efectivo'),
(2452, '2023-07-05', 1450000.00, 1, 1, 'efectivo'),
(2453, '2023-07-06', 270000.00, 1, 1, 'efectivo'),
(2454, '2023-07-06', 2400000.00, 1, 1, 'efectivo'),
(2455, '2023-07-06', 50000.00, 1, 1, 'efectivo'),
(2456, '2023-07-06', 1500000.00, 1, 1, 'efectivo'),
(2457, '2023-07-06', 1200000.00, 1, 1, 'efectivo'),
(2458, '2023-07-06', 150000.00, 1, 1, 'efectivo'),
(2459, '2023-07-06', 150000.00, 1, 1, 'efectivo'),
(2460, '2023-07-06', 1300000.00, 1, 1, 'efectivo'),
(2461, '2023-07-06', 1300000.00, 1, 1, 'efectivo'),
(2462, '2023-07-07', 70000.00, 1, 1, 'efectivo'),
(2463, '2023-07-07', 1300000.00, 1, 1, 'efectivo'),
(2464, '2023-07-07', 5300000.00, 1, 1, 'efectivo'),
(2465, '2023-07-07', 1300000.00, 1, 1, 'efectivo'),
(2466, '2023-07-11', 200.00, 1, 1, 'efectivo'),
(2467, '2023-07-11', 200.00, 1, 1, 'efectivo'),
(2468, '2023-07-11', 200.00, 1, 1, 'efectivo'),
(2469, '2023-07-11', 400.00, 1, 1, 'efectivo'),
(2470, '2023-07-11', 200.00, 1, 1, 'efectivo'),
(2471, '2023-07-12', 650000.00, 1, 1, 'efectivo'),
(2472, '2023-07-13', 235000.00, 1, 1, 'efectivo'),
(2473, '2023-07-13', 50000.00, 1, 1, 'efectivo'),
(2474, '2023-07-13', 50000.00, 1, 1, 'efectivo'),
(2475, '2023-07-13', 50000.00, 1, 1, 'efectivo'),
(2476, '2023-07-13', 50000.00, 1, 1, 'efectivo'),
(2477, '2023-07-13', 50000.00, 1, 1, 'efectivo'),
(2478, '2023-07-13', 100000.00, 1, 1, 'efectivo'),
(2479, '2023-07-13', 50000.00, 1, 1, 'efectivo'),
(2480, '2023-07-14', 1100000.00, 1, 1, 'efectivo'),
(2481, '2023-07-14', 1100000.00, 1, 1, 'efectivo'),
(2482, '2023-07-14', 500000.00, 1, 1, 'efectivo'),
(2483, '2023-07-14', 700000.00, 1, 1, 'efectivo'),
(2484, '2023-07-15', 5500000.00, 1, 1, 'efectivo'),
(2485, '2023-07-15', 700000.00, 1, 1, 'efectivo'),
(2486, '2023-07-17', 1250000.00, 1, 1, 'efectivo'),
(2487, '2023-07-18', 150000.00, 1, 1, 'efectivo'),
(2488, '2023-07-18', 3100000.00, 1, 1, 'efectivo'),
(2489, '2023-07-18', 3200000.00, 1, 1, 'efectivo'),
(2490, '2023-07-18', 100000.00, 1, 1, 'efectivo'),
(2491, '2023-07-18', 180000.00, 1, 1, 'efectivo'),
(2492, '2023-07-18', 180000.00, 1, 1, 'efectivo'),
(2493, '2023-07-18', 700000.00, 1, 1, 'efectivo'),
(2494, '2023-07-18', 450000.00, 1, 1, 'efectivo'),
(2495, '2023-07-18', 250000.00, 1, 1, 'efectivo'),
(2496, '2023-07-18', 6500000.00, 1, 1, 'efectivo'),
(2497, '2023-07-19', 450000.00, 1, 1, 'efectivo'),
(2498, '2023-07-19', 600000.00, 1, 1, 'efectivo'),
(2499, '2023-07-20', 700000.00, 1, 1, 'efectivo'),
(2500, '2023-07-20', 1100000.00, 1, 1, 'efectivo'),
(2501, '2023-07-20', 220000.00, 1, 1, 'efectivo'),
(2502, '2023-07-20', 2200000.00, 1, 1, 'efectivo'),
(2503, '2023-07-20', 100000.00, 1, 1, 'efectivo'),
(2504, '2023-07-20', 100000.00, 1, 1, 'efectivo'),
(2505, '2023-07-20', 200000.00, 1, 1, 'efectivo'),
(2506, '2023-07-21', 1250000.00, 1, 1, 'efectivo'),
(2507, '2023-07-22', 900000.00, 1, 1, 'efectivo'),
(2508, '2023-07-22', 2200000.00, 1, 1, 'efectivo'),
(2509, '2023-07-22', 2200000.00, 1, 1, 'efectivo'),
(2510, '2023-07-25', 70000.00, 1, 1, 'efectivo'),
(2511, '2023-07-25', 1300000.00, 1, 1, 'efectivo'),
(2512, '2023-07-25', 50000.00, 1, 1, 'efectivo'),
(2513, '2023-07-25', 700000.00, 1, 1, 'efectivo'),
(2514, '2023-07-25', 850000.00, 1, 1, 'efectivo'),
(2515, '2023-07-26', 1200000.00, 1, 1, 'efectivo'),
(2516, '2023-07-26', 420000.00, 1, 1, 'efectivo'),
(2517, '2023-07-27', 1300.00, 1, 1, 'efectivo'),
(2518, '2023-07-28', 0.00, 1, 1, 'efectivo'),
(2519, '2023-07-28', 80000.00, 1, 1, 'efectivo'),
(2520, '2023-07-28', 1100000.00, 1, 1, 'efectivo'),
(2521, '2023-07-29', 700000.00, 1, 1, 'efectivo'),
(2522, '2023-07-29', 3000000.00, 1, 1, 'efectivo'),
(2523, '2023-07-29', 400000.00, 1, 1, 'efectivo'),
(2524, '2023-07-29', 2500000.00, 1, 1, 'efectivo'),
(2525, '2023-07-31', 100000.00, 1, 1, 'efectivo'),
(2526, '2023-07-31', 0.00, 1, 1, 'efectivo'),
(2527, '2023-08-01', 600000.00, 1, 1, 'efectivo'),
(2528, '2023-08-02', 0.00, 1, 1, 'efectivo'),
(2529, '2023-08-03', 460000.00, 1, 1, 'efectivo'),
(2530, '2023-08-03', 80000.00, 1, 1, 'efectivo'),
(2531, '2023-08-05', 1500000.00, 1, 1, 'efectivo'),
(2532, '2023-08-05', 190000.00, 1, 1, 'efectivo'),
(2533, '2023-08-05', 800000.00, 1, 1, 'efectivo'),
(2534, '2023-08-05', 120000.00, 1, 1, 'efectivo'),
(2535, '2023-08-05', 1400000.00, 1, 1, 'efectivo'),
(2536, '2023-08-05', 70000.00, 1, 1, 'efectivo'),
(2537, '2023-08-05', 3000000.00, 1, 1, 'efectivo'),
(2538, '2023-08-09', 390000.00, 1, 1, 'efectivo'),
(2539, '2023-08-09', 1100000.00, 1, 1, 'efectivo'),
(2540, '2023-08-11', 750000.00, 1, 1, 'efectivo'),
(2541, '2023-08-11', 800000.00, 1, 1, 'efectivo'),
(2542, '2023-08-12', 900000.00, 1, 1, 'efectivo'),
(2543, '2023-08-14', 200000.00, 1, 1, 'efectivo'),
(2544, '2023-08-15', 250000.00, 1, 1, 'efectivo'),
(2545, '2023-08-17', 200000.00, 1, 1, 'efectivo'),
(2546, '2023-08-17', 650000.00, 1, 1, 'efectivo'),
(2547, '2023-08-17', 650000.00, 1, 1, 'efectivo'),
(2548, '2023-08-17', 100000.00, 1, 1, 'efectivo'),
(2549, '2023-08-17', 180000.00, 1, 1, 'efectivo'),
(2550, '2023-08-18', 1600000.00, 1, 1, 'efectivo'),
(2551, '2023-08-19', 500000.00, 1, 1, 'efectivo'),
(2552, '2023-08-23', 80000.00, 1, 1, 'efectivo'),
(2553, '2023-08-31', 350000.00, 1, 5, 'efectivo'),
(2554, '2023-09-01', 400000.00, 1, 1, 'efectivo'),
(2555, '2023-09-07', 1150.00, 1, 1, 'efectivo'),
(2556, '2023-09-07', 1500.00, 1, 1, 'efectivo'),
(2557, '2023-09-07', 200000.00, 1, 1, 'efectivo'),
(2558, '2023-09-07', 3300000.00, 1, 1, 'efectivo'),
(2559, '2023-09-08', 0.00, 1, 1, 'efectivo'),
(2560, '2023-09-08', 650000.00, 1, 1, 'efectivo'),
(2561, '2023-09-08', 650000.00, 1, 1, 'efectivo'),
(2562, '2023-09-08', 1500000.00, 1, 1, 'efectivo'),
(2563, '2023-09-09', 1200000.00, 1, 1, 'efectivo'),
(2564, '2023-09-09', 150000.00, 1, 1, 'efectivo'),
(2565, '2023-09-09', 180000.00, 1, 1, 'efectivo'),
(2566, '2023-09-12', 1400000.00, 1, 1, 'efectivo'),
(2567, '2023-09-12', 700000.00, 1, 1, 'efectivo'),
(2568, '2023-09-12', 1600000.00, 1, 1, 'efectivo'),
(2569, '2023-09-12', 6200000.00, 1, 1, 'efectivo'),
(2570, '2023-09-12', 800000.00, 1, 1, 'efectivo'),
(2571, '2023-09-13', 250000.00, 1, 1, 'efectivo'),
(2572, '2023-09-14', 1100000.00, 1, 1, 'efectivo'),
(2573, '2023-09-14', 4500000.00, 1, 1, 'efectivo'),
(2574, '2023-09-14', 250000.00, 1, 1, 'efectivo'),
(2575, '2023-09-15', 1800000.00, 1, 1, 'efectivo'),
(2576, '2023-09-15', 3500000.00, 1, 1, 'efectivo'),
(2577, '2023-09-16', 5600000.00, 1, 1, 'efectivo'),
(2578, '2023-09-16', 1300000.00, 1, 1, 'efectivo'),
(2579, '2023-09-21', 730.00, 1, 1, 'efectivo'),
(2580, '2023-09-21', 100000.00, 1, 1, 'efectivo'),
(2581, '2023-09-21', 3000000.00, 1, 1, 'efectivo'),
(2582, '2023-09-21', 3800.00, 1, 1, 'efectivo'),
(2583, '2023-09-21', 450000.00, 1, 1, 'efectivo'),
(2584, '2023-09-22', 400000.00, 1, 1, 'efectivo'),
(2585, '2023-09-22', 50000.00, 1, 1, 'efectivo'),
(2586, '2023-09-23', 50000.00, 1, 1, 'efectivo'),
(2587, '2023-09-23', 3300000.00, 1, 1, 'efectivo'),
(2588, '2023-09-26', 1000000.00, 1, 1, 'MP/Tarjeta etc'),
(2589, '2023-09-26', 500000.00, 1, 1, 'efectivo'),
(2590, '2023-09-26', 500000.00, 1, 1, 'efectivo'),
(2591, '2023-09-27', 150000.00, 1, 1, 'efectivo'),
(2592, '2023-09-30', 650000.00, 1, 1, 'efectivo'),
(2593, '2023-10-04', 3000000.00, 1, 1, 'efectivo'),
(2594, '2023-10-04', 2300000.00, 1, 1, 'efectivo'),
(2595, '2023-10-09', 600000.00, 1, 1, 'efectivo'),
(2596, '2023-10-10', 1500000.00, 1, 1, 'efectivo');

--
-- Índices para tablas volcadas
--

--
-- Indices de la tabla `articulos`
--
ALTER TABLE `articulos`
  ADD PRIMARY KEY (`articulo`);

--
-- Indices de la tabla `categoria`
--
ALTER TABLE `categoria`
  ADD PRIMARY KEY (`idCategoria`);

--
-- Indices de la tabla `detalleventa`
--
ALTER TABLE `detalleventa`
  ADD PRIMARY KEY (`idDetalleVenta`);

--
-- Indices de la tabla `entrada`
--
ALTER TABLE `entrada`
  ADD PRIMARY KEY (`idEntrada`);

--
-- Indices de la tabla `entregalibreta`
--
ALTER TABLE `entregalibreta`
  ADD PRIMARY KEY (`id`);

--
-- Indices de la tabla `establecimiento`
--
ALTER TABLE `establecimiento`
  ADD PRIMARY KEY (`idEsta`);

--
-- Indices de la tabla `facturaentrada`
--
ALTER TABLE `facturaentrada`
  ADD PRIMARY KEY (`id`);

--
-- Indices de la tabla `familia`
--
ALTER TABLE `familia`
  ADD PRIMARY KEY (`id`);

--
-- Indices de la tabla `integrantes`
--
ALTER TABLE `integrantes`
  ADD PRIMARY KEY (`idIntegrante`);

--
-- Indices de la tabla `laboratorios`
--
ALTER TABLE `laboratorios`
  ADD PRIMARY KEY (`idLaboratorio`);

--
-- Indices de la tabla `libreta`
--
ALTER TABLE `libreta`
  ADD PRIMARY KEY (`idLibreta`);

--
-- Indices de la tabla `local`
--
ALTER TABLE `local`
  ADD PRIMARY KEY (`id`);

--
-- Indices de la tabla `proveedores`
--
ALTER TABLE `proveedores`
  ADD PRIMARY KEY (`idProveedor`);

--
-- Indices de la tabla `users`
--
ALTER TABLE `users`
  ADD PRIMARY KEY (`id`);

--
-- Indices de la tabla `ventas`
--
ALTER TABLE `ventas`
  ADD PRIMARY KEY (`idVenta`);

--
-- AUTO_INCREMENT de las tablas volcadas
--

--
-- AUTO_INCREMENT de la tabla `articulos`
--
ALTER TABLE `articulos`
  MODIFY `articulo` int(11) NOT NULL AUTO_INCREMENT, AUTO_INCREMENT=1873;

--
-- AUTO_INCREMENT de la tabla `categoria`
--
ALTER TABLE `categoria`
  MODIFY `idCategoria` int(11) NOT NULL AUTO_INCREMENT, AUTO_INCREMENT=52;

--
-- AUTO_INCREMENT de la tabla `detalleventa`
--
ALTER TABLE `detalleventa`
  MODIFY `idDetalleVenta` int(11) NOT NULL AUTO_INCREMENT, AUTO_INCREMENT=2913;

--
-- AUTO_INCREMENT de la tabla `entrada`
--
ALTER TABLE `entrada`
  MODIFY `idEntrada` int(11) NOT NULL AUTO_INCREMENT, AUTO_INCREMENT=58;

--
-- AUTO_INCREMENT de la tabla `entregalibreta`
--
ALTER TABLE `entregalibreta`
  MODIFY `id` int(11) NOT NULL AUTO_INCREMENT, AUTO_INCREMENT=13;

--
-- AUTO_INCREMENT de la tabla `establecimiento`
--
ALTER TABLE `establecimiento`
  MODIFY `idEsta` int(11) NOT NULL AUTO_INCREMENT, AUTO_INCREMENT=6;

--
-- AUTO_INCREMENT de la tabla `facturaentrada`
--
ALTER TABLE `facturaentrada`
  MODIFY `id` int(11) NOT NULL AUTO_INCREMENT, AUTO_INCREMENT=58;

--
-- AUTO_INCREMENT de la tabla `familia`
--
ALTER TABLE `familia`
  MODIFY `id` int(11) NOT NULL AUTO_INCREMENT, AUTO_INCREMENT=8;

--
-- AUTO_INCREMENT de la tabla `integrantes`
--
ALTER TABLE `integrantes`
  MODIFY `idIntegrante` int(11) NOT NULL AUTO_INCREMENT, AUTO_INCREMENT=7;

--
-- AUTO_INCREMENT de la tabla `laboratorios`
--
ALTER TABLE `laboratorios`
  MODIFY `idLaboratorio` int(11) NOT NULL AUTO_INCREMENT;

--
-- AUTO_INCREMENT de la tabla `libreta`
--
ALTER TABLE `libreta`
  MODIFY `idLibreta` int(11) NOT NULL AUTO_INCREMENT, AUTO_INCREMENT=10;

--
-- AUTO_INCREMENT de la tabla `local`
--
ALTER TABLE `local`
  MODIFY `id` int(11) NOT NULL AUTO_INCREMENT, AUTO_INCREMENT=3;

--
-- AUTO_INCREMENT de la tabla `proveedores`
--
ALTER TABLE `proveedores`
  MODIFY `idProveedor` int(11) NOT NULL AUTO_INCREMENT, AUTO_INCREMENT=33;

--
-- AUTO_INCREMENT de la tabla `users`
--
ALTER TABLE `users`
  MODIFY `id` int(11) NOT NULL AUTO_INCREMENT, AUTO_INCREMENT=4;

--
-- AUTO_INCREMENT de la tabla `ventas`
--
ALTER TABLE `ventas`
  MODIFY `idVenta` int(11) NOT NULL AUTO_INCREMENT, AUTO_INCREMENT=2597;
COMMIT;

/*!40101 SET CHARACTER_SET_CLIENT=@OLD_CHARACTER_SET_CLIENT */;
/*!40101 SET CHARACTER_SET_RESULTS=@OLD_CHARACTER_SET_RESULTS */;
/*!40101 SET COLLATION_CONNECTION=@OLD_COLLATION_CONNECTION */;
